# PVS Probes: 3965 total (66 boundary, 3899 interior)
# Format: x y z island_id type
-86.5383 6.0587 -72.9371 0 interior
-83.3532 6.5636 -73.4350 1 interior
-87.8224 13.8037 -75.7068 2 interior
-85.2223 13.5315 -75.7138 3 interior
-86.5308 13.6062 -73.1721 4 interior
-86.6009 17.0485 -73.4105 5 interior
-87.9061 18.0882 -75.4391 6 interior
-85.2388 17.9909 -75.6322 7 interior
-85.1555 19.8491 -76.3067 8 interior
-83.4230 11.0630 -72.3832 9 interior
-75.4825 5.7430 -73.5268 10 interior
-67.9750 6.0256 -87.0138 11 interior
-56.5685 8.3890 -101.0062 12 interior
-56.5596 9.5255 -100.9645 13 interior
-56.5599 13.6896 -100.9648 14 interior
-56.4890 14.7204 -100.9523 15 interior
-56.1696 15.3689 -101.2016 16 interior
-56.8099 15.5660 -101.1663 17 interior
-56.1400 15.5701 -99.7159 18 interior
-55.9042 17.2209 -100.9642 19 interior
-55.9541 17.5016 -98.3700 20 interior
-55.9890 19.4210 -100.9514 21 interior
-55.8779 20.9309 -100.9139 22 interior
-56.6597 23.4164 -100.9643 23 interior
-52.7802 23.0272 -102.2429 24 interior
-54.7211 21.6496 -99.2802 25 interior
-53.0430 23.7816 -99.7035 26 interior
-57.1457 16.0287 -96.0374 27 interior
-57.1660 8.1757 -87.1187 28 interior
-49.4720 -1.7915 -80.7892 29 interior
-52.7064 1.3226 -77.7051 30 interior
-48.7907 -1.0143 -78.5038 31 interior
-48.8396 0.3844 -78.1831 32 interior
-48.9941 1.3080 -78.9558 33 interior
-48.6961 4.8784 -81.7651 34 interior
-50.8521 3.2049 -78.2353 35 interior
-48.9905 1.7700 -78.7709 36 interior
-48.6751 2.6337 -79.0960 37 interior
-49.3803 1.8318 -78.1431 38 interior
-48.7042 3.4615 -79.0721 39 interior
-48.7684 4.0514 -78.5582 40 interior
-57.4380 4.4256 -73.9560 41 interior
-57.7596 4.4443 -72.8968 42 interior
-50.1366 -1.1921 -73.1202 43 interior
-50.2634 4.4261 -74.9262 44 interior
-50.0524 4.8259 -74.7917 45 interior
-50.2483 4.7778 -71.1854 46 interior
-50.6633 9.5884 -81.6584 47 interior
-65.8266 12.1834 -69.5398 48 interior
-60.9492 11.1957 -72.8710 49 interior
-59.1856 16.9585 -72.8787 50 interior
-57.6619 14.4506 -75.7069 51 interior
-51.9888 10.5415 -74.8271 52 interior
-53.4283 10.9734 -77.5763 53 interior
-51.4816 11.9087 -73.3754 54 interior
-52.1669 17.0202 -77.9032 55 interior
-50.1498 17.1022 -73.1096 56 interior
-50.2757 1.3333 -77.0296 57 interior
-49.7678 1.7700 -77.5113 58 interior
-48.9201 1.7604 -77.5441 59 interior
-49.4536 2.8163 -77.9456 60 interior
-49.5077 3.6382 -78.9523 61 interior
-49.0371 3.6199 -78.6409 62 interior
-48.5207 3.1561 -79.0304 63 interior
-48.5229 3.9222 -79.0446 64 interior
-48.4858 3.6382 -78.3318 65 interior
-48.9702 3.5466 -78.1721 66 interior
-49.0787 1.2834 -77.1834 67 interior
-50.5986 1.7306 -78.2256 68 interior
-50.8762 7.2350 -81.1139 69 interior
-57.0484 10.5001 -91.5416 70 interior
-50.4924 11.7079 -89.5096 71 interior
-61.0461 11.0249 -78.9395 72 interior
-50.9163 11.5570 -83.3226 73 interior
-50.1428 4.8768 -76.7592 74 interior
-50.4150 5.5655 -72.7224 75 interior
-50.2633 9.3731 -77.5981 76 interior
-53.4912 11.0249 -75.2831 77 interior
-108.5937 8.7171 -63.8926 78 interior
-108.4907 8.0638 -63.4449 79 interior
-108.9124 13.1189 -65.8889 80 interior
-108.4864 13.6783 -63.4641 81 interior
-108.6083 18.3766 -63.5266 82 interior
-105.9465 16.6597 -65.8737 83 interior
-106.0757 18.4867 -65.8380 84 interior
-105.9112 17.6614 -62.3823 85 interior
-105.9746 18.1022 -61.9852 86 interior
-110.3940 22.4740 -63.3542 87 interior
-104.9357 21.6609 -65.7971 88 interior
-106.1590 23.7101 -65.9333 89 interior
-105.1697 24.3735 -65.9108 90 interior
-107.3109 22.6116 -63.7388 91 interior
-106.0892 22.6655 -62.2702 92 interior
-105.1582 24.3613 -62.2856 93 interior
-86.7606 4.8648 -66.4456 94 interior
-86.6622 10.5651 -62.8041 95 interior
-93.7441 13.3236 -65.4255 96 interior
-86.6125 16.9363 -68.5052 97 interior
-85.8059 16.8185 -68.4922 98 interior
-86.8563 18.3608 -68.5780 99 interior
-84.9571 18.1065 -68.5923 100 interior
-85.0300 7.6365 -49.8838 101 interior
-79.8502 5.9323 -62.9173 102 interior
-83.9908 11.0299 -59.7858 103 interior
-83.4007 6.6147 -59.6250 104 interior
-80.3734 6.6669 -52.8350 105 interior
-80.4413 7.3345 -46.8639 106 interior
-83.0117 3.3915 -69.1175 107 interior
-81.7161 8.6139 -47.7505 108 interior
-79.9763 6.5090 -41.0173 109 interior
-80.4425 16.7716 -47.2666 110 interior
-83.2596 19.2908 -47.0558 111 interior
-78.0669 13.0996 -48.9601 112 interior
-79.4745 15.7248 -49.6214 113 interior
-79.4664 14.5393 -46.8662 114 interior
-79.5098 19.0586 -49.8078 115 interior
-79.4036 19.3646 -49.5934 116 interior
-80.6232 20.5961 -51.1047 117 interior
-79.0661 20.5277 -49.8361 118 interior
-80.2708 19.1969 -47.4490 119 interior
-80.1534 19.7027 -46.5096 120 interior
-78.4787 20.7254 -45.4386 121 interior
-68.3516 7.7398 -65.3398 122 interior
-63.1924 3.2131 -65.7352 123 interior
-65.2663 6.1492 -68.4701 124 interior
-65.3116 8.5146 -69.0067 125 interior
-65.2772 6.7425 -68.5667 126 interior
-65.2659 7.2155 -68.7181 127 interior
-65.2637 8.3091 -68.9612 128 interior
-62.6432 7.3212 -67.6356 129 interior
-62.8657 7.6340 -66.0329 130 interior
-61.8888 7.5416 -65.7352 131 interior
-65.0748 4.6907 -60.4400 132 interior
-70.7609 9.9546 -68.9889 133 interior
-64.4241 11.2914 -66.9322 134 interior
-64.4274 11.2678 -63.9449 135 interior
-62.7708 10.1126 -63.4665 136 interior
-62.6658 12.0965 -62.9179 137 interior
-63.3388 15.4884 -64.6098 138 interior
-70.3944 11.2281 -56.4251 139 interior
-68.6826 7.4726 -54.1160 140 interior
-66.3235 11.7214 -53.6589 141 interior
-58.5654 5.2074 -65.8241 142 interior
-61.2712 7.1942 -67.6382 143 interior
-57.1548 7.8454 -65.8114 144 interior
-55.2330 2.8816 -62.9155 145 interior
-58.6486 3.2293 -59.6186 146 interior
-58.2930 3.5871 -62.6162 147 interior
-56.4896 2.9325 -60.2539 148 interior
-56.1848 3.1252 -59.8483 149 interior
-55.6372 3.9870 -60.1908 150 interior
-56.3229 2.9231 -59.1875 151 interior
-54.1278 1.9310 -68.1579 152 interior
-53.7345 1.3316 -67.6685 153 interior
-54.1290 1.3316 -66.7512 154 interior
-54.1294 1.3214 -65.6265 155 interior
-54.3267 3.0675 -66.0598 156 interior
-54.1579 4.3630 -67.6991 157 interior
-53.7365 1.9426 -64.9629 158 interior
-54.1306 1.2867 -63.6913 159 interior
-53.7753 1.3330 -63.0129 160 interior
-54.0004 0.9919 -61.6204 161 interior
-54.2903 3.1960 -64.1096 162 interior
-54.0701 7.5885 -65.3194 163 interior
-53.7014 6.2668 -62.6698 164 interior
-52.3885 2.1867 -67.7164 165 interior
-52.3076 2.8729 -64.3001 166 interior
-50.4475 3.6361 -65.9797 167 interior
-50.2061 3.1456 -66.0860 168 interior
-52.7812 1.2931 -60.8878 169 interior
-51.6453 0.8412 -62.2075 170 interior
-50.8313 0.7307 -62.1025 171 interior
-51.2501 1.2473 -62.1502 172 interior
-50.8588 1.2199 -62.0687 173 interior
-51.6810 0.8015 -61.4307 174 interior
-51.3652 0.7883 -60.5452 175 interior
-52.5627 2.8631 -60.5604 176 interior
-51.9950 2.3582 -59.0808 177 interior
-48.0940 1.2725 -59.9960 178 interior
-58.6472 10.0097 -59.5253 179 interior
-57.6442 12.8240 -66.6202 180 interior
-56.3805 12.6186 -68.4627 181 interior
-59.4474 14.8462 -64.8269 182 interior
-58.9427 18.2796 -68.5881 183 interior
-58.5421 17.5636 -65.8304 184 interior
-56.4090 17.5715 -68.6283 185 interior
-60.3786 6.4242 -58.1491 186 interior
-55.2353 2.3552 -54.5592 187 interior
-56.4072 2.9231 -54.4225 188 interior
-55.1876 1.4859 -51.5605 189 interior
-55.7292 4.1433 -51.5230 190 interior
-57.8728 9.1087 -51.1867 191 interior
-56.3196 3.2230 -48.7680 192 interior
-59.1946 6.5237 -47.3577 193 interior
-58.9699 10.6055 -48.5124 194 interior
-52.1369 6.5048 -51.3580 195 interior
-72.6821 11.5144 -40.6027 196 interior
-63.3892 11.9126 -41.8706 197 interior
-63.5248 2.9052 -33.2862 198 interior
-63.2454 4.4997 -33.2772 199 interior
-62.6866 4.4384 -28.2471 200 interior
-64.7190 11.0609 -33.9971 201 interior
-63.3916 9.1831 -28.4895 202 interior
-62.2808 8.0010 -45.9561 203 interior
-62.0776 7.8077 -31.4014 204 interior
-61.4033 5.4382 -40.1300 205 interior
-60.8540 7.4295 -37.5581 206 interior
-58.7655 1.7331 -29.4160 207 interior
-60.6802 2.6801 -27.0888 208 interior
-59.7572 13.2987 -41.9228 209 interior
-60.8711 2.8448 -33.3248 210 interior
-60.2766 2.5198 -31.9032 211 interior
-59.4325 1.6006 -31.4999 212 interior
-59.4197 2.3733 -31.8131 213 interior
-61.2065 6.3820 -28.3224 214 interior
-54.4043 4.4937 -43.8114 215 interior
-52.2134 3.6825 -45.9859 216 interior
-51.0058 3.6834 -43.7026 217 interior
-53.0638 4.1009 -41.9045 218 interior
-53.2774 4.5017 -40.8087 219 interior
-55.7205 11.0609 -43.9360 220 interior
-52.1284 9.7002 -42.6160 221 interior
-53.3371 9.7795 -41.4561 222 interior
-52.3471 7.6419 -38.5509 223 interior
-49.8856 5.9783 -41.6052 224 interior
-49.2252 5.2832 -41.7154 225 interior
-49.6632 5.8918 -35.6494 226 interior
-55.9916 2.5473 -32.4666 227 interior
-53.5064 2.2213 -34.3767 228 interior
-54.4671 2.2197 -33.7493 229 interior
-55.9790 2.7813 -33.1851 230 interior
-55.5897 2.5992 -33.8994 231 interior
-53.6615 2.9987 -34.1474 232 interior
-54.5207 2.8164 -34.1453 233 interior
-54.5580 2.6287 -33.3248 234 interior
-55.8643 4.4569 -33.4264 235 interior
-56.3568 2.5664 -33.5314 236 interior
-55.2615 1.7530 -35.1242 237 interior
-55.0138 1.7458 -34.6985 238 interior
-54.9741 1.7530 -34.0939 239 interior
-54.9916 2.6543 -34.0999 240 interior
-55.0167 3.4971 -34.7096 241 interior
-55.4572 3.5119 -33.4096 242 interior
-54.9620 3.5217 -33.4369 243 interior
-54.0219 1.9139 -32.1016 244 interior
-57.1687 3.2282 -34.2160 245 interior
-57.1890 2.5840 -33.0979 246 interior
-57.8050 1.6061 -31.4743 247 interior
-56.7780 1.6023 -31.7473 248 interior
-56.4210 3.0283 -31.8906 249 interior
-56.1057 3.9445 -32.4825 250 interior
-55.8725 3.2639 -34.3527 251 interior
-55.0160 1.9664 -34.7015 252 interior
-53.7237 1.8518 -34.5411 253 interior
-53.7334 1.8063 -33.8884 254 interior
-55.0168 2.6376 -34.6983 255 interior
-53.9933 2.7495 -34.5388 256 interior
-54.4296 3.0947 -34.0749 257 interior
-54.4609 3.6745 -34.6283 258 interior
-55.0449 5.0060 -34.7852 259 interior
-54.4695 1.7359 -33.3335 260 interior
-53.9256 1.8157 -33.4051 261 interior
-55.3200 4.1908 -33.1867 262 interior
-54.5588 2.6008 -33.1083 263 interior
-54.8832 4.9703 -34.2893 264 interior
-54.8031 5.1030 -32.4451 265 interior
-55.8834 5.6417 -31.1381 266 interior
-57.9783 1.6658 -30.0867 267 interior
-57.9052 1.6658 -30.2019 268 interior
-57.7800 1.6661 -29.6269 269 interior
-57.8160 1.7293 -29.5123 270 interior
-57.8072 1.7293 -29.6122 271 interior
-57.3779 1.7195 -29.6125 272 interior
-56.7763 1.6658 -29.9302 273 interior
-56.8351 1.7293 -29.7341 274 interior
-57.2360 1.7293 -29.0771 275 interior
-57.1918 1.9342 -29.1688 276 interior
-56.6023 1.9342 -29.3512 277 interior
-57.2496 2.5168 -29.6006 278 interior
-57.2087 3.2512 -29.6152 279 interior
-56.2513 4.3509 -28.7333 280 interior
-57.1630 3.2414 -28.2189 281 interior
-55.8910 3.4683 -28.2296 282 interior
-56.7163 5.6386 -28.3464 283 interior
-55.8351 5.6896 -33.6296 284 interior
-54.4634 7.9465 -33.5022 285 interior
-54.6693 8.6350 -32.3186 286 interior
-55.6144 5.8853 -30.4075 287 interior
-56.1086 5.6642 -30.7310 288 interior
-52.1303 0.9528 -34.9933 289 interior
-52.4632 1.8534 -34.9790 290 interior
-51.0663 1.6726 -34.1648 291 interior
-51.1287 2.0749 -34.0450 292 interior
-52.5332 2.6790 -34.2922 293 interior
-52.1240 1.7143 -32.0008 294 interior
-52.3775 4.1945 -34.5305 295 interior
-53.2640 4.2299 -33.8803 296 interior
-50.0924 2.2710 -32.8420 297 interior
-51.9152 7.9847 -32.9251 298 interior
-51.3348 3.6567 -26.5390 299 interior
-51.6128 7.2644 -27.8314 300 interior
-49.2760 5.8197 -33.1358 301 interior
-49.2943 6.0385 -28.6550 302 interior
-43.9262 -1.3270 -80.5262 303 interior
-41.4024 -2.0052 -77.8422 304 interior
-43.2451 0.3959 -80.2646 305 interior
-43.2699 2.4500 -80.3811 306 interior
-44.1893 -1.9568 -76.5317 307 interior
-47.2435 0.4058 -75.3708 308 interior
-43.8167 0.9734 -73.0487 309 interior
-42.4016 0.5935 -72.9989 310 interior
-41.9166 0.5956 -73.0882 311 interior
-41.2795 0.6127 -73.1721 312 interior
-40.7129 0.5778 -73.1106 313 interior
-40.1072 0.5772 -72.9921 314 interior
-39.3955 0.5719 -73.0178 315 interior
-38.3505 0.4516 -73.0043 316 interior
-39.8594 1.9591 -73.0965 317 interior
-47.5361 2.5521 -74.9866 318 interior
-47.2256 4.8231 -74.7362 319 interior
-42.7050 3.4671 -75.5591 320 interior
-42.4180 2.7431 -74.4083 321 interior
-41.2623 4.4811 -74.8792 322 interior
-47.4411 8.0015 -80.5167 323 interior
-43.1683 10.0847 -78.9909 324 interior
-44.0239 12.6285 -82.3897 325 interior
-46.9252 12.1185 -78.6590 326 interior
-42.3601 10.2117 -81.5203 327 interior
-41.5101 7.3252 -78.5914 328 interior
-47.0949 7.9214 -76.7658 329 interior
-47.2675 8.1499 -74.9300 330 interior
-44.1202 7.6458 -75.4258 331 interior
-45.2268 12.9111 -77.8490 332 interior
-40.7770 6.4482 -76.2921 333 interior
-42.0142 9.3502 -75.9733 334 interior
-42.3648 11.0914 -75.9529 335 interior
-41.6515 12.9972 -77.5428 336 interior
-39.4482 12.5525 -77.5579 337 interior
-37.1602 7.4676 -78.5368 338 interior
-35.4318 6.1602 -76.2510 339 interior
-32.3088 5.8928 -73.7620 340 interior
-34.5462 7.5595 -75.0456 341 interior
-30.1955 8.6700 -76.2753 342 interior
-44.4072 1.1748 -71.6709 343 interior
-45.7215 3.7842 -70.7159 344 interior
-43.9497 1.0767 -72.4013 345 interior
-43.7315 0.9707 -71.7598 346 interior
-44.1209 1.2047 -71.1757 347 interior
-43.9872 0.8171 -70.8953 348 interior
-43.3304 1.1044 -71.7204 349 interior
-42.2935 3.2717 -70.5832 350 interior
-42.1767 3.0462 -71.8058 351 interior
-41.3358 2.5254 -70.3643 352 interior
-42.4589 7.9492 -71.7686 353 interior
-39.9084 3.0954 -70.1850 354 interior
-44.9600 0.9568 -69.1196 355 interior
-40.2214 0.8778 -69.7782 356 interior
-45.0538 0.9565 -67.5334 357 interior
-43.6725 0.7747 -68.2582 358 interior
-43.9872 1.2142 -68.5345 359 interior
-43.9869 0.8026 -67.7001 360 interior
-43.9803 0.7979 -66.8050 361 interior
-43.8337 0.7995 -63.4322 362 interior
-41.0317 1.6790 -64.1373 363 interior
-42.7232 0.7873 -66.5839 364 interior
-42.5962 3.0203 -68.7070 365 interior
-45.4352 1.2199 -62.3686 366 interior
-43.5140 1.0281 -63.6403 367 interior
-40.5966 0.7908 -64.3920 368 interior
-42.0788 1.3851 -68.4064 369 interior
-45.7449 1.0979 -65.5904 370 interior
-43.7924 0.8603 -66.5858 371 interior
-43.7843 0.8684 -65.5598 372 interior
-43.1207 0.8276 -65.1380 373 interior
-44.2861 1.0888 -64.6938 374 interior
-45.4586 0.8078 -62.6423 375 interior
-43.9382 0.8109 -64.2842 376 interior
-43.7671 0.8000 -62.6532 377 interior
-42.4938 1.6720 -64.7666 378 interior
-41.4922 1.5884 -64.0907 379 interior
-41.4413 1.6764 -64.6250 380 interior
-41.4413 2.0806 -64.6250 381 interior
-41.4589 2.5894 -64.5888 382 interior
-39.8398 0.4038 -65.0786 383 interior
-38.4556 3.0020 -70.1294 384 interior
-37.9476 4.0155 -67.2088 385 interior
-37.4526 0.3628 -72.4692 386 interior
-36.9772 0.4088 -72.2811 387 interior
-36.5923 0.0382 -67.6875 388 interior
-37.0692 0.7963 -66.5762 389 interior
-37.1254 2.0250 -66.5814 390 interior
-37.2993 -0.0072 -63.3736 391 interior
-36.5633 4.3744 -69.8885 392 interior
-36.4650 6.1803 -69.8475 393 interior
-31.4960 4.0640 -72.1364 394 interior
-36.2472 0.4102 -71.8438 395 interior
-35.6730 0.3904 -71.5835 396 interior
-34.4683 3.8930 -70.5004 397 interior
-34.1427 6.3086 -71.5306 398 interior
-35.0679 0.3901 -71.2810 399 interior
-34.3265 0.3976 -70.8311 400 interior
-34.2923 0.4279 -70.5212 401 interior
-35.0830 3.4093 -72.0248 402 interior
-36.3102 3.7516 -67.5202 403 interior
-34.3575 1.3790 -65.2896 404 interior
-34.8865 1.5912 -69.7283 405 interior
-34.6206 4.2469 -67.8286 406 interior
-33.9372 3.3832 -65.2059 407 interior
-34.9177 1.7732 -69.0950 408 interior
-34.7814 1.8401 -68.7051 409 interior
-33.9324 1.5861 -69.0228 410 interior
-34.9364 1.6229 -67.3608 411 interior
-34.3985 4.5068 -67.6870 412 interior
-32.9036 3.6754 -67.9635 413 interior
-32.1509 3.6965 -67.8519 414 interior
-33.3104 5.0614 -68.6419 415 interior
-32.4980 6.9016 -69.6866 416 interior
-32.6898 8.0351 -69.2969 417 interior
-33.1827 6.2660 -68.1174 418 interior
-30.2901 3.9923 -69.0935 419 interior
-29.7059 2.4685 -68.8454 420 interior
-28.9140 2.0107 -68.2989 421 interior
-27.6168 2.4986 -68.0411 422 interior
-28.5304 3.9435 -68.5447 423 interior
-29.7640 7.1533 -69.0848 424 interior
-30.4992 4.2838 -67.8284 425 interior
-31.8676 2.1966 -66.6075 426 interior
-33.2475 4.3303 -66.6685 427 interior
-32.5581 4.3121 -65.7486 428 interior
-32.8243 2.9198 -64.8189 429 interior
-29.9373 1.8297 -65.9090 430 interior
-27.3760 2.4551 -67.4867 431 interior
-27.4218 1.3689 -65.6550 432 interior
-27.3872 2.0861 -66.4973 433 interior
-33.5280 6.0895 -65.7163 434 interior
-26.8732 4.7752 -84.9995 435 interior
-18.5010 8.8257 -104.0800 436 interior
-18.4007 10.7610 -103.5070 437 interior
-21.8199 6.8111 -93.5823 438 interior
-21.7039 10.5075 -96.0218 439 interior
-18.3372 18.2948 -104.4519 440 interior
-21.6379 18.3600 -95.3441 441 interior
-24.2824 4.8006 -81.0494 442 interior
-20.4842 4.4112 -80.9498 443 interior
-21.6916 4.3112 -74.5255 444 interior
-21.6916 1.4012 -71.9170 445 interior
-22.5652 4.5247 -73.9648 446 interior
-23.9597 -0.3710 -68.1287 447 interior
-25.2914 -1.9217 -64.8047 448 interior
-22.8532 2.6255 -70.4596 449 interior
-22.2477 5.8568 -70.7425 450 interior
-24.0624 -0.5725 -64.1350 451 interior
-22.7759 -1.4551 -64.9651 452 interior
-23.4696 -1.2086 -63.1444 453 interior
-22.2738 -1.5067 -63.1444 454 interior
-22.2101 -1.5067 -63.1444 455 interior
-23.1439 -2.2166 -64.3047 456 interior
-24.1957 1.1730 -64.3066 457 interior
-22.5396 1.4088 -66.0621 458 interior
-19.1262 0.2445 -68.4657 459 interior
-18.6892 0.2282 -68.5284 460 interior
-20.0958 -1.5031 -65.1256 461 interior
-19.0986 -1.3978 -65.3161 462 interior
-19.6144 -0.9941 -63.7153 463 interior
-20.0306 0.4542 -66.0600 464 interior
-25.5261 11.9533 -82.7643 465 interior
-24.4181 11.7238 -80.4429 466 interior
-24.8972 13.3452 -79.3008 467 interior
-25.3632 17.5606 -82.6664 468 interior
-25.5359 4.0164 -67.7242 469 interior
-24.0277 6.5944 -67.4316 470 interior
-23.5619 18.0157 -79.4414 471 interior
-25.5249 10.7617 -68.8869 472 interior
-24.3979 10.7142 -67.6562 473 interior
-23.3680 9.7746 -83.2101 474 interior
-21.6510 8.7402 -75.8113 475 interior
-22.8416 3.8601 -67.7320 476 interior
-19.3929 1.2130 -65.8109 477 interior
-18.2271 0.5068 -65.4639 478 interior
-18.1805 1.7044 -65.4250 479 interior
-18.5285 4.5175 -68.3829 480 interior
-21.4406 5.7941 -67.7109 481 interior
-22.5723 7.1707 -67.7324 482 interior
-22.5321 9.5238 -67.6274 483 interior
-20.6304 11.8817 -80.8440 484 interior
-20.4925 11.7836 -80.4443 485 interior
-19.8778 10.6428 -79.5260 486 interior
-21.0224 13.3452 -78.9729 487 interior
-21.9501 17.8512 -80.7607 488 interior
-21.8302 17.8306 -78.4265 489 interior
-21.8025 18.0349 -79.3475 490 interior
-20.5260 17.5620 -78.6102 491 interior
-22.3596 13.5937 -73.8652 492 interior
-22.6143 11.8055 -69.1649 493 interior
-23.2837 11.6582 -66.6084 494 interior
-46.9287 0.6877 -61.5408 495 interior
-46.6787 1.2385 -61.5342 496 interior
-46.5446 1.4130 -61.4065 497 interior
-46.9243 1.3421 -61.0232 498 interior
-45.7086 1.2883 -61.0278 499 interior
-45.0413 0.9177 -60.7064 500 interior
-45.4388 1.3241 -60.2447 501 interior
-47.4361 1.2909 -59.1148 502 interior
-45.7102 1.3524 -59.6501 503 interior
-44.9934 0.8302 -60.8404 504 interior
-44.8903 0.7999 -61.3594 505 interior
-44.7061 0.8027 -61.6225 506 interior
-44.9507 0.8978 -60.6280 507 interior
-44.4790 0.9076 -61.3972 508 interior
-43.5502 0.8031 -61.8871 509 interior
-43.8539 0.8553 -59.4614 510 interior
-40.4398 1.2591 -60.4958 511 interior
-41.9100 -0.0790 -55.2958 512 interior
-36.1986 0.5299 -60.5747 513 interior
-36.6545 2.9187 -57.1373 514 interior
-32.0040 3.1298 -59.5753 515 interior
-33.6094 3.8735 -59.3354 516 interior
-33.1173 3.4675 -57.2877 517 interior
-33.5100 4.7891 -55.4264 518 interior
-28.7490 1.9139 -56.5994 519 interior
-23.0531 -1.6308 -58.1976 520 interior
-24.3840 -1.3914 -57.5310 521 interior
-24.0747 -0.7877 -56.9135 522 interior
-26.8936 4.5953 -56.8240 523 interior
-31.0871 3.2987 -54.6005 524 interior
-33.3730 4.9638 -54.2657 525 interior
-25.7022 -0.6770 -53.1692 526 interior
-35.6143 3.0127 -55.1045 527 interior
-31.6768 6.1817 -54.6214 528 interior
-30.6968 0.0184 -53.9134 529 interior
-39.4768 0.8119 -54.2197 530 interior
-33.5607 3.0453 -54.7081 531 interior
-33.3025 3.5484 -52.9494 532 interior
-29.2419 0.5282 -53.0278 533 interior
-28.7782 2.3368 -53.3934 534 interior
-27.9472 0.4158 -53.3987 535 interior
-26.0604 6.8580 -52.9776 536 interior
-20.7092 3.0817 -52.9301 537 interior
-43.4617 3.2158 -51.2839 538 interior
-44.1714 1.3208 -47.0443 539 interior
-45.8280 1.5715 -47.1650 540 interior
-42.5241 1.3690 -47.4183 541 interior
-39.6413 3.7162 -50.3553 542 interior
-44.6980 1.6862 -46.1871 543 interior
-42.1414 0.3602 -47.2425 544 interior
-41.2607 0.8953 -47.1458 545 interior
-40.0367 0.6808 -47.6305 546 interior
-41.5424 0.6515 -46.4459 547 interior
-39.0524 6.7954 -49.0464 548 interior
-43.2460 1.7560 -46.8120 549 interior
-44.2246 4.0743 -46.2280 550 interior
-42.0053 0.6381 -47.9552 551 interior
-40.7574 0.6017 -47.4467 552 interior
-39.6240 0.3172 -50.7819 553 interior
-40.4217 0.4684 -48.0395 554 interior
-38.8932 0.3530 -48.6528 555 interior
-38.8867 0.5883 -47.7518 556 interior
-38.0697 5.7556 -46.4901 557 interior
-44.5847 4.6349 -45.2878 558 interior
-46.3296 5.5581 -45.7713 559 interior
-38.8474 2.2857 -46.0446 560 interior
-39.9670 3.3606 -45.3070 561 interior
-44.1736 5.8604 -43.9928 562 interior
-41.7008 2.9151 -44.0218 563 interior
-39.1914 2.4596 -43.2375 564 interior
-38.5095 4.0107 -43.8136 565 interior
-38.6438 5.0618 -43.7044 566 interior
-37.2316 4.2860 -44.3926 567 interior
-42.4371 5.0440 -44.8904 568 interior
-39.8040 6.0887 -45.1530 569 interior
-43.0276 4.6762 -43.9595 570 interior
-39.4575 4.4212 -44.2872 571 interior
-46.3296 6.8453 -35.0223 572 interior
-41.4011 3.1967 -42.1759 573 interior
-41.3363 4.3510 -41.4766 574 interior
-40.6472 4.7080 -42.3923 575 interior
-44.0375 3.4937 -37.8878 576 interior
-42.0638 5.2291 -39.0753 577 interior
-42.4592 7.3152 -41.8084 578 interior
-42.0357 6.5422 -41.6898 579 interior
-43.8504 8.8323 -41.6372 580 interior
-44.5404 10.0783 -41.7253 581 interior
-42.3159 9.7509 -41.1629 582 interior
-43.1528 9.1943 -38.8749 583 interior
-40.4963 6.8439 -41.6319 584 interior
-40.4658 6.9503 -42.1269 585 interior
-40.2992 6.4128 -41.9092 586 interior
-41.4617 8.0141 -41.5343 587 interior
-40.6488 8.2846 -41.1310 588 interior
-44.1593 7.3406 -37.2894 589 interior
-40.6400 6.0960 -36.1696 590 interior
-43.0899 5.6672 -31.4198 591 interior
-44.9719 8.3588 -31.9957 592 interior
-41.4643 8.2092 -31.1967 593 interior
-42.9550 5.6614 -29.2335 594 interior
-43.4079 7.8559 -28.5836 595 interior
-39.9534 4.4597 -42.0007 596 interior
-39.2601 4.9528 -41.8681 597 interior
-38.2959 4.9685 -38.2015 598 interior
-40.1038 6.9509 -42.2871 599 interior
-39.4162 6.6209 -41.8657 600 interior
-39.9552 7.2303 -42.5462 601 interior
-39.1580 10.3242 -40.6730 602 interior
-39.0833 5.7012 -37.4381 603 interior
-39.1160 3.2362 -32.5125 604 interior
-39.1160 3.2838 -26.0091 605 interior
-38.3105 8.1227 -29.2100 606 interior
-37.7493 5.3732 -33.9429 607 interior
-37.9252 3.8806 -38.4283 608 interior
-33.1304 8.4276 -52.2176 609 interior
-31.5946 6.1688 -51.0032 610 interior
-33.4624 3.6339 -48.8109 611 interior
-32.9969 9.6097 -48.9117 612 interior
-36.5443 3.6020 -49.1744 613 interior
-34.5473 3.6849 -51.4591 614 interior
-34.9014 4.2563 -47.7998 615 interior
-33.3777 6.8770 -47.4732 616 interior
-36.1101 3.6589 -46.6536 617 interior
-36.6266 1.7905 -45.8702 618 interior
-35.7084 4.9098 -46.7672 619 interior
-34.5687 11.3232 -47.2415 620 interior
-30.3784 6.0960 -49.5046 621 interior
-28.6859 6.7538 -52.0585 622 interior
-30.1751 4.6427 -47.5498 623 interior
-26.4668 6.5441 -47.0423 624 interior
-25.5524 6.8608 -52.3367 625 interior
-22.3012 2.4734 -52.3241 626 interior
-22.9385 8.1813 -49.8611 627 interior
-37.0562 3.6267 -45.4480 628 interior
-36.3401 8.1534 -44.9072 629 interior
-28.0113 3.7487 -45.4095 630 interior
-31.0896 3.4623 -43.8386 631 interior
-33.0955 4.6737 -42.2656 632 interior
-35.4748 2.8740 -42.0548 633 interior
-26.4668 6.0960 -42.2656 634 interior
-30.6280 3.9246 -42.2408 635 interior
-29.7220 4.6907 -43.2372 636 interior
-28.6639 5.5587 -41.4489 637 interior
-31.5451 5.5587 -41.2242 638 interior
-29.6434 -1.0160 -28.6619 639 interior
-27.5935 -1.0474 -28.8146 640 interior
-29.0117 2.1844 -28.3354 641 interior
-27.8805 3.8608 -28.5781 642 interior
-29.6672 6.7413 -28.1764 643 interior
-21.2515 -0.6223 -34.7472 644 interior
-22.4473 5.5273 -35.7077 645 interior
-24.6097 4.3922 -30.5823 646 interior
-31.5304 5.7221 -41.0918 647 interior
-33.3878 3.8640 -32.1289 648 interior
-31.2007 4.6737 -41.2134 649 interior
-29.0334 -2.5705 -36.3101 650 interior
-34.9154 3.8842 -32.6045 651 interior
-34.3408 5.1229 -38.6754 652 interior
-31.2570 -0.0046 -32.1727 653 interior
-34.1268 5.6036 -30.8521 654 interior
-29.0794 -1.1467 -38.3990 655 interior
-30.7583 1.5718 -39.1433 656 interior
-30.1625 -1.0449 -36.1482 657 interior
-26.4498 0.7503 -36.2217 658 interior
-23.0448 -2.3643 -36.2465 659 interior
-22.7955 -1.6919 -33.9208 660 interior
-24.2755 1.2120 -36.2397 661 interior
-26.6898 4.0562 -36.7541 662 interior
-29.2999 -0.6974 -29.9150 663 interior
-25.8996 -0.6974 -33.4342 664 interior
-23.7157 -2.2018 -33.3887 665 interior
-24.4397 0.9286 -33.0509 666 interior
-33.9460 4.6912 -36.4043 667 interior
-25.8830 0.2843 -36.1188 668 interior
-32.5437 5.2891 -36.4554 669 interior
-31.2420 4.0688 -41.3512 670 interior
-31.1671 3.0918 -32.3782 671 interior
-37.0093 0.7219 -36.9391 672 interior
-31.8266 1.3009 -41.0773 673 interior
-34.7396 3.3407 -36.5460 674 interior
-36.2913 3.2614 -32.5118 675 interior
-33.6671 1.3013 -31.6894 676 interior
-33.7371 1.2957 -31.1756 677 interior
-33.7137 1.3013 -30.8813 678 interior
-33.5176 3.4910 -32.5859 679 interior
-28.1576 -0.5344 -34.3466 680 interior
-23.5883 -0.2439 -36.2561 681 interior
-22.2738 -1.0124 -34.1920 682 interior
-32.6265 4.7618 -40.8285 683 interior
-34.9310 4.1720 -32.1056 684 interior
-35.4902 9.2964 -29.4640 685 interior
-30.3272 0.0806 -37.7438 686 interior
-28.8666 -2.3936 -37.7910 687 interior
-28.0266 -2.3899 -37.8414 688 interior
-28.3218 0.2794 -34.9285 689 interior
-28.9651 1.0053 -32.7636 690 interior
-21.7596 -1.9503 -36.5073 691 interior
-23.4298 1.8318 -34.8222 692 interior
-20.8052 -1.7172 -34.2766 693 interior
-20.8040 -0.5846 -34.2662 694 interior
-20.8062 -1.4560 -34.2560 695 interior
-23.7635 0.7277 -34.8972 696 interior
-29.2354 4.6482 -36.1506 697 interior
-18.8928 2.4467 -52.6209 698 interior
-19.5834 5.9427 -48.9169 699 interior
-19.8890 -1.7399 -34.7472 700 interior
-20.1105 -0.6496 -34.2660 701 interior
-19.7814 -0.5594 -34.2684 702 interior
-20.4022 0.2757 -36.1696 703 interior
-19.7104 5.8396 -34.9250 704 interior
-18.1319 3.2419 -34.7225 705 interior
-71.0164 10.2404 -11.6784 706 interior
-83.9312 11.9498 5.2950 707 interior
-89.5906 7.8562 14.1779 708 interior
-85.9418 9.8867 14.5936 709 interior
-87.1743 11.9884 14.9218 710 interior
-91.3693 18.4230 0.8747 711 interior
-91.4773 18.4402 0.9014 712 interior
-91.9220 20.5486 2.1082 713 interior
-91.2709 18.4404 0.9017 714 interior
-90.8535 20.5486 2.1082 715 interior
-90.7515 18.5253 1.0405 716 interior
-90.4362 18.4404 0.9017 717 interior
-89.1378 18.4408 0.9017 718 interior
-88.9858 18.4405 2.4638 719 interior
-88.4292 18.4404 0.9017 720 interior
-87.9402 18.4405 0.9017 721 interior
-87.0839 18.4404 0.9017 722 interior
-86.1823 18.4404 1.9566 723 interior
-86.1822 18.4404 2.0539 724 interior
-87.1482 18.4402 3.8958 725 interior
-85.9127 20.5483 6.0104 726 interior
-89.0978 18.4422 6.7818 727 interior
-89.1377 18.4400 6.7849 728 interior
-88.9889 18.4402 6.8428 729 interior
-89.5193 18.4403 6.9213 730 interior
-88.4897 14.2607 14.3158 731 interior
-88.9887 20.5485 8.1280 732 interior
-88.9889 20.5485 8.1280 733 interior
-88.9932 20.7676 8.1283 734 interior
-89.0442 18.4398 8.1529 735 interior
-87.2716 18.4403 8.7234 736 interior
-91.4773 18.4401 14.1478 737 interior
-91.0556 20.7326 13.9160 738 interior
-90.8558 20.7327 13.9181 739 interior
-90.7534 20.7256 13.9165 740 interior
-90.3457 20.7322 13.9161 741 interior
-90.1272 18.7926 13.9161 742 interior
-89.8476 18.4402 14.1478 743 interior
-89.1037 18.8123 13.9365 744 interior
-88.9798 18.4400 9.9431 745 interior
-88.7322 18.8127 13.9167 746 interior
-87.8065 18.8078 13.9161 747 interior
-87.3699 18.8098 12.8897 748 interior
-86.8172 16.7926 8.2668 749 interior
-86.0571 19.2076 9.5107 750 interior
-84.8491 18.4404 3.3164 751 interior
-85.4692 18.4404 3.2793 752 interior
-82.7346 18.4402 1.3471 753 interior
-83.1400 18.4402 4.8040 754 interior
-85.3113 18.4404 5.1061 755 interior
-82.0690 18.4404 6.9213 756 interior
-81.2036 16.3322 6.9214 757 interior
-84.6159 20.5486 8.0052 758 interior
-85.5608 14.1793 14.3158 759 interior
-84.6416 20.5486 10.5528 760 interior
-85.0517 18.4404 10.8558 761 interior
-85.0522 18.4404 10.8682 762 interior
-85.3186 18.4403 10.8696 763 interior
-85.6155 18.8124 11.0681 764 interior
-85.3612 18.8058 12.4833 765 interior
-84.6750 18.4404 12.4833 766 interior
-84.6455 18.4404 12.4833 767 interior
-84.1666 18.4404 12.2801 768 interior
-81.8131 16.3322 14.1478 769 interior
-80.8101 12.1476 6.3119 770 interior
-80.1624 9.8417 5.3205 771 interior
-80.0862 9.8669 6.1214 772 interior
-79.8564 16.3322 -0.3048 773 interior
-79.8467 12.1754 7.0387 774 interior
-79.1769 16.3322 -0.3048 775 interior
-79.0805 10.0383 14.3734 776 interior
-78.7507 16.3322 6.9214 777 interior
-78.1821 7.4123 14.9778 778 interior
-78.2574 13.3420 14.2023 779 interior
-77.4452 10.0574 14.4280 780 interior
-76.8898 9.8417 5.5686 781 interior
-76.4535 16.1050 4.6289 782 interior
-76.3526 13.9962 4.6733 783 interior
-76.3518 11.9499 4.5602 784 interior
-75.6560 10.5529 0.3993 785 interior
-74.3405 12.0918 0.6824 786 interior
-73.5076 9.8417 -1.9185 787 interior
-73.3687 9.8417 6.9102 788 interior
-73.8593 11.9187 14.5936 789 interior
-73.5076 9.8417 14.8466 790 interior
-73.1841 16.4532 4.0447 791 interior
-72.5902 16.3322 -0.3048 792 interior
-72.5882 9.8343 14.8406 793 interior
-71.4209 13.6281 14.2023 794 interior
-71.5394 9.9482 14.3296 795 interior
-73.1749 13.1320 3.4130 796 interior
-71.6408 12.0598 5.9955 797 interior
-70.0221 14.3931 -1.5745 798 interior
-66.7765 12.2682 -1.9491 799 interior
-66.7258 12.2682 -1.8209 800 interior
-68.3779 14.2997 -1.7605 801 interior
-68.3778 14.3002 -1.0128 802 interior
-63.3614 12.5876 -1.8997 803 interior
-70.4859 16.3322 0.6499 804 interior
-66.6561 10.0160 -0.1604 805 interior
-69.9951 14.3002 -0.0000 806 interior
-68.3777 16.3322 0.5120 807 interior
-65.3030 8.6693 -0.5774 808 interior
-67.2211 9.5369 -0.3048 809 interior
-70.6344 13.1209 1.1282 810 interior
-65.1067 12.4384 1.4664 811 interior
-68.1756 14.7662 2.1037 812 interior
-63.5526 15.1370 3.2676 813 interior
-67.0174 13.0075 3.6152 814 interior
-65.2028 10.2267 4.6664 815 interior
-67.0701 9.8862 7.0104 816 interior
-67.0681 16.0449 6.9360 817 interior
-69.4742 16.1042 7.0183 818 interior
-68.8716 9.8417 10.8101 819 interior
-67.0719 16.5412 8.6321 820 interior
-66.7258 16.3322 9.0620 821 interior
-70.5639 16.3322 9.2575 822 interior
-68.0814 11.4396 10.3051 823 interior
-67.0173 15.0400 10.6050 824 interior
-67.0695 16.5417 10.7527 825 interior
-67.0719 16.5276 11.3759 826 interior
-68.2508 16.3322 11.6704 827 interior
-69.1648 16.3322 11.9710 828 interior
-67.0719 15.3399 11.9903 829 interior
-68.9864 14.4796 14.2592 830 interior
-66.7258 16.3322 12.4355 831 interior
-68.1462 16.5673 13.1298 832 interior
-68.1431 16.5418 13.3292 833 interior
-68.1079 16.5418 13.7349 834 interior
-63.3647 8.3177 5.2703 835 interior
-64.0080 7.6625 11.3738 836 interior
-62.9076 8.2160 14.4437 837 interior
-62.0450 10.2341 -3.1385 838 interior
-62.5612 16.7673 5.2584 839 interior
-61.7085 11.3403 1.2358 840 interior
-62.0138 7.6000 9.4875 841 interior
-62.0283 11.0271 4.4018 842 interior
-61.7151 18.2371 6.4351 843 interior
-61.3771 8.6011 -3.1884 844 interior
-60.7950 8.2843 -9.7925 845 interior
-61.0361 7.5956 1.6465 846 interior
-60.1135 7.6900 11.6055 847 interior
-59.0940 5.8793 -18.0562 848 interior
-58.2549 7.7081 -2.4300 849 interior
-58.2466 7.3427 6.3334 850 interior
-60.0831 14.4627 -2.9254 851 interior
-58.5764 11.9961 -2.8067 852 interior
-56.3084 9.0879 -15.5030 853 interior
-57.0568 7.4161 7.6319 854 interior
-59.1566 10.7256 -5.8863 855 interior
-59.1432 6.1665 10.1509 856 interior
-57.9638 14.3760 -0.2743 857 interior
-56.2982 8.3046 -1.5596 858 interior
-56.5879 8.8011 -0.8128 859 interior
-56.3798 9.2346 6.0591 860 interior
-57.1929 6.0979 14.1746 861 interior
-57.0928 9.2297 13.5853 862 interior
-55.9689 5.7499 -19.8120 863 interior
-53.4289 9.3821 -20.7120 864 interior
-52.8085 9.3415 -18.5918 865 interior
-51.8859 9.7927 -20.9296 866 interior
-52.6325 1.8539 -15.6031 867 interior
-52.7431 5.7404 -15.4686 868 interior
-51.8608 6.2855 -15.1764 869 interior
-52.7951 2.4770 -15.0003 870 interior
-53.1740 5.8500 -14.5984 871 interior
-48.1691 6.1207 -21.4091 872 interior
-49.8852 1.8646 -16.3448 873 interior
-48.5919 2.6297 -17.7612 874 interior
-48.5738 3.2773 -17.7612 875 interior
-48.5612 3.3263 -17.7612 876 interior
-48.6009 3.5805 -17.7443 877 interior
-48.5441 4.0667 -17.4117 878 interior
-49.8337 4.6386 -16.6243 879 interior
-49.8337 4.7468 -16.6243 880 interior
-49.0979 5.0609 -17.4085 881 interior
-48.5838 5.1490 -17.7612 882 interior
-47.8536 3.3828 -16.4465 883 interior
-47.2186 4.9264 -19.0246 884 interior
-48.5619 5.8035 -17.7612 885 interior
-48.0310 5.8118 -16.9346 886 interior
-49.7997 6.0981 -16.6243 887 interior
-48.0380 6.6962 -17.7612 888 interior
-48.0026 6.5389 -17.7612 889 interior
-47.9388 6.4923 -17.7612 890 interior
-46.5474 6.6362 -17.7612 891 interior
-47.3551 6.4516 -19.4564 892 interior
-48.0002 6.9270 -17.7612 893 interior
-49.2703 6.8636 -16.8688 894 interior
-47.8740 6.6831 -17.7612 895 interior
-47.2115 6.6636 -17.7612 896 interior
-47.0261 6.6637 -17.7612 897 interior
-46.5691 6.6463 -17.7612 898 interior
-49.6222 11.5388 -21.1709 899 interior
-48.4995 7.9615 -17.7612 900 interior
-48.4796 9.3181 -17.7612 901 interior
-49.2379 8.6868 -18.0340 902 interior
-48.9716 8.3199 -17.5745 903 interior
-48.2581 8.6966 -17.1629 904 interior
-48.4839 9.5467 -17.7612 905 interior
-47.4726 9.8552 -18.4307 906 interior
-49.1474 9.9593 -18.2505 907 interior
-47.2005 8.9476 -18.5038 908 interior
-48.5063 10.9791 -17.7612 909 interior
-49.8078 11.1059 -18.9860 910 interior
-48.6546 12.0641 -19.0207 911 interior
-48.2642 12.8568 -18.3314 912 interior
-46.6589 11.6860 -18.3750 913 interior
-44.1040 3.6967 -21.0987 914 interior
-44.1305 5.3903 -21.0953 915 interior
-45.9232 3.2766 -16.4465 916 interior
-45.1432 5.0624 -18.2031 917 interior
-45.5028 5.9436 -17.9485 918 interior
-45.5856 6.6247 -17.7612 919 interior
-44.8255 6.0209 -18.2025 920 interior
-44.7813 7.0415 -17.2299 921 interior
-42.6382 5.8548 -18.2881 922 interior
-46.0062 7.0897 -21.1589 923 interior
-44.1752 7.9025 -22.0988 924 interior
-43.7555 10.1777 -21.0362 925 interior
-44.7271 10.1786 -17.3776 926 interior
-45.2718 10.5889 -17.9858 927 interior
-43.0784 10.3220 -20.5350 928 interior
-48.3351 3.7005 -16.1798 929 interior
-45.4089 4.3003 -16.0401 930 interior
-47.5159 7.0106 -14.1732 931 interior
-56.1594 2.2352 -12.5984 932 interior
-54.6735 0.5019 -11.9992 933 interior
-54.6258 0.5019 -11.4480 934 interior
-54.9892 0.7743 -10.4173 935 interior
-54.9807 1.7155 -11.6537 936 interior
-53.5480 2.4212 -13.1937 937 interior
-53.8165 2.3831 -11.8504 938 interior
-54.8238 3.0607 -12.5984 939 interior
-55.0029 4.6657 -12.1618 940 interior
-54.2463 3.1154 -11.8844 941 interior
-53.6311 3.1154 -12.6398 942 interior
-54.8307 4.4422 -11.2776 943 interior
-52.3057 1.7942 -11.5282 944 interior
-52.7304 4.2704 -12.1523 945 interior
-53.7366 1.9812 -10.2647 946 interior
-52.3012 0.4414 -10.1698 947 interior
-54.9797 3.2101 -10.0899 948 interior
-53.9407 3.1068 -10.1605 949 interior
-54.5954 5.8904 -11.2906 950 interior
-53.9283 1.2295 -9.5212 951 interior
-53.9283 3.0940 -9.5212 952 interior
-54.7913 1.2295 -9.3737 953 interior
-52.2097 2.5908 -9.3980 954 interior
-52.7305 3.0020 -8.3410 955 interior
-53.9324 3.8150 -6.4096 956 interior
-52.1073 4.1656 -9.1523 957 interior
-54.2092 3.1089 -6.9314 958 interior
-54.1332 1.1697 -8.0814 959 interior
-54.1332 1.8034 -7.9770 960 interior
-54.1332 4.1347 -7.9843 961 interior
-52.9844 1.8381 -8.5575 962 interior
-53.8673 0.5199 -5.7265 963 interior
-54.1374 1.8322 -5.2780 964 interior
-52.6045 2.4384 -6.6744 965 interior
-54.1188 4.3447 -8.2296 966 interior
-54.1332 3.7592 -6.4821 967 interior
-52.3934 2.8564 -8.2873 968 interior
-52.3519 5.3684 -8.4493 969 interior
-55.2401 5.6635 -7.5477 970 interior
-53.0931 5.8140 -6.0466 971 interior
-55.2682 5.8928 -6.3963 972 interior
-55.9200 5.9808 -9.5495 973 interior
-55.5972 7.0930 -13.0479 974 interior
-55.5972 7.0930 -10.9748 975 interior
-53.8010 7.5172 -11.3968 976 interior
-56.1393 8.6106 -11.9180 977 interior
-54.6467 10.6691 -11.2109 978 interior
-55.5242 7.2290 -6.5774 979 interior
-54.2145 8.7503 -6.4181 980 interior
-45.6501 3.6205 -9.9192 981 interior
-43.4349 4.7615 -4.7203 982 interior
-52.2012 2.1732 -2.9337 983 interior
-52.1776 1.0240 -2.2876 984 interior
-52.1783 1.8590 -1.2276 985 interior
-52.2544 1.8034 -2.0026 986 interior
-52.1746 3.3984 -2.0066 987 interior
-54.6013 2.6416 0.3250 988 interior
-52.1780 1.4212 -0.2377 989 interior
-52.1529 2.9780 0.1905 990 interior
-51.8019 4.5606 -1.2687 991 interior
-54.0290 4.6736 -0.7874 992 interior
-55.1578 8.8011 -3.4335 993 interior
-53.2410 9.2166 -3.3130 994 interior
-52.3189 7.7624 -2.9325 995 interior
-51.5288 5.1870 -1.4442 996 interior
-51.5723 7.7622 -2.0723 997 interior
-51.3238 7.8209 -2.0144 998 interior
-53.0370 9.2076 -1.3582 999 interior
-55.2149 9.2202 -0.4191 1000 interior
-52.0856 7.7622 -0.5086 1001 interior
-52.9876 7.7624 -0.4191 1002 interior
-54.5413 5.3236 2.1265 1003 interior
-49.9110 4.6600 3.8749 1004 interior
-49.0975 12.7729 3.9727 1005 interior
-46.7504 4.6599 1.0232 1006 interior
-44.6769 5.9666 -4.0570 1007 interior
-44.2210 4.5110 5.2947 1008 interior
-52.9346 7.9671 1.8429 1009 interior
-51.1904 7.9501 0.3488 1010 interior
-51.4979 8.1476 1.8609 1011 interior
-46.6033 4.5662 0.2505 1012 interior
-53.5012 5.6189 -4.6495 1013 interior
-54.8565 0.9839 -4.4932 1014 interior
-52.6325 1.8517 -3.6927 1015 interior
-52.5833 2.0594 -3.9878 1016 interior
-51.6461 3.5594 -3.2258 1017 interior
-51.7822 4.0799 -1.7626 1018 interior
-53.8008 5.7892 -0.5265 1019 interior
-51.0044 7.1462 -0.1522 1020 interior
-49.7967 4.5978 -0.2385 1021 interior
-53.7894 4.6768 -2.3547 1022 interior
-51.5580 4.4733 -0.8637 1023 interior
-54.6467 7.1003 0.3091 1024 interior
-53.4855 4.5044 1.9095 1025 interior
-52.7807 5.6129 4.9250 1026 interior
-48.1082 4.2428 1.8067 1027 interior
-44.5065 1.0607 2.8358 1028 interior
-43.8448 0.6564 2.8869 1029 interior
-44.7540 2.6028 3.0458 1030 interior
-44.5374 2.0454 3.3309 1031 interior
-42.9260 2.0028 3.7032 1032 interior
-45.3566 12.2220 2.7811 1033 interior
-45.2970 12.8584 2.7872 1034 interior
-42.4688 7.4387 -21.9140 1035 interior
-42.0361 1.6406 3.5352 1036 interior
-38.8549 3.2258 -21.1334 1037 interior
-38.8438 4.2821 -21.1333 1038 interior
-40.6400 6.0718 -21.7424 1039 interior
-38.6080 7.0612 -21.8948 1040 interior
-41.4003 10.3780 -21.5826 1041 interior
-38.2573 13.2228 -18.6322 1042 interior
-41.3512 8.7657 -21.7609 1043 interior
-38.2102 9.5985 -21.0929 1044 interior
-38.3523 10.5598 -19.1359 1045 interior
-37.3261 7.0045 -13.9573 1046 interior
-41.0434 2.0831 1.9042 1047 interior
-36.8364 0.8305 -1.2553 1048 interior
-36.0751 0.9494 -0.8277 1049 interior
-36.2942 0.9637 -0.4467 1050 interior
-36.4547 0.9698 1.2731 1051 interior
-36.7959 1.2589 2.3131 1052 interior
-36.6396 1.5821 2.9518 1053 interior
-39.5859 4.7546 -2.1823 1054 interior
-36.1177 0.8336 -1.1612 1055 interior
-36.7052 1.4290 2.3379 1056 interior
-36.6626 1.2894 2.9156 1057 interior
-35.8594 9.1692 -6.1244 1058 interior
-35.8397 5.6187 -4.8463 1059 interior
-32.4505 6.2602 -14.9701 1060 interior
-34.0356 3.0087 -12.1209 1061 interior
-33.9344 3.7205 -11.1386 1062 interior
-33.5627 7.2072 -12.1348 1063 interior
-30.4165 4.6514 -12.1712 1064 interior
-32.7660 1.7972 -5.5195 1065 interior
-32.5957 4.6111 -6.8661 1066 interior
-34.6885 0.7793 -1.6102 1067 interior
-33.8012 2.5631 -3.2168 1068 interior
-33.4714 6.5342 -9.3655 1069 interior
-33.1666 6.4742 -8.3646 1070 interior
-31.2738 8.0438 -6.8897 1071 interior
-35.2415 0.8452 -1.3691 1072 interior
-35.1246 0.8452 -1.1641 1073 interior
-35.0174 0.8483 -0.7183 1074 interior
-33.0362 2.6535 -0.6350 1075 interior
-33.3899 6.9975 3.6954 1076 interior
-31.9108 8.2160 3.7169 1077 interior
-31.2301 8.3682 3.9094 1078 interior
-31.3286 1.2595 -2.4140 1079 interior
-31.5497 2.0932 -2.6887 1080 interior
-31.4942 2.5781 -2.4974 1081 interior
-31.6868 8.0991 -6.1463 1082 interior
-31.9902 9.2141 -3.3382 1083 interior
-32.5127 9.2203 -0.5837 1084 interior
-30.0342 11.1620 -1.9811 1085 interior
-35.8389 9.8296 -6.5853 1086 interior
-30.8054 4.7458 -3.5178 1087 interior
-34.0360 6.5639 -20.7264 1088 interior
-33.6529 2.2373 -7.6337 1089 interior
-32.4643 2.5446 -6.9833 1090 interior
-32.8721 3.6897 -7.8659 1091 interior
-33.5082 1.7069 -6.8203 1092 interior
-32.3822 4.6546 -10.8489 1093 interior
-33.4575 1.0881 -5.4331 1094 interior
-32.9718 2.6615 -1.3843 1095 interior
-32.8904 5.5440 0.0699 1096 interior
-39.9796 3.7321 -20.6772 1097 interior
-40.0812 10.5422 -18.0987 1098 interior
-36.3746 7.0251 -18.8283 1099 interior
-37.7567 3.0226 -11.3253 1100 interior
-41.8749 3.7103 4.5202 1101 interior
-36.3220 1.5763 2.2375 1102 interior
-41.7309 6.5871 -3.3598 1103 interior
-39.2152 2.1871 2.6707 1104 interior
-36.5535 0.9834 0.3554 1105 interior
-36.7710 0.9870 1.5061 1106 interior
-33.9477 8.7113 -19.8858 1107 interior
-34.8599 10.4630 -20.6435 1108 interior
-34.0844 8.1944 -18.7801 1109 interior
-33.9857 8.2245 -18.0327 1110 interior
-34.3112 10.4149 -20.5866 1111 interior
-30.6332 6.5532 -17.3332 1112 interior
-34.1692 3.7397 -11.4285 1113 interior
-33.1216 4.6740 -10.1092 1114 interior
-31.3778 9.4445 -10.9866 1115 interior
-34.7038 6.5628 -19.8082 1116 interior
-29.5804 8.0718 -8.8646 1117 interior
-31.6318 4.7616 -6.2230 1118 interior
-33.1220 5.4747 2.9546 1119 interior
-34.8722 7.4243 -19.1510 1120 interior
-35.8394 8.2595 -7.6548 1121 interior
-33.8913 7.6298 -19.6537 1122 interior
-33.3895 8.2046 3.6954 1123 interior
-31.4422 9.8297 4.5228 1124 interior
-41.5600 6.9073 -2.1494 1125 interior
-36.6872 1.7283 -5.3062 1126 interior
-36.4143 0.8828 0.2331 1127 interior
-36.9244 0.8646 2.2093 1128 interior
-34.2445 1.6256 0.1816 1129 interior
-35.2760 3.2512 3.4206 1130 interior
-34.8859 6.9975 0.4578 1131 interior
-33.2495 6.9969 -0.5557 1132 interior
-32.4752 2.9311 -5.8349 1133 interior
-32.5057 3.2597 -5.8833 1134 interior
-31.0218 1.8967 -4.8071 1135 interior
-30.9438 6.4380 -5.6702 1136 interior
-32.1222 4.1521 -1.8663 1137 interior
-30.4161 4.1521 -1.7526 1138 interior
-30.3943 4.1330 -3.1437 1139 interior
-32.2739 4.2537 0.7973 1140 interior
-31.8244 8.6219 -2.5537 1141 interior
-30.0785 11.1403 -2.9827 1142 interior
-37.6627 4.1237 1.9541 1143 interior
-30.2363 0.7527 -1.5946 1144 interior
-29.4932 0.5841 -2.0885 1145 interior
-30.9857 3.9767 -3.5719 1146 interior
-33.1029 8.8608 -6.2318 1147 interior
-31.1636 8.2728 -4.6843 1148 interior
-30.7848 6.9215 -2.8448 1149 interior
-30.6571 7.4030 -2.7091 1150 interior
-31.2343 7.9298 -1.8648 1151 interior
-32.6250 8.7091 -1.5477 1152 interior
-39.8159 3.8642 4.3198 1153 interior
-38.9843 3.8582 3.8790 1154 interior
-38.2467 4.0797 4.3166 1155 interior
-36.0573 6.1831 2.5346 1156 interior
-32.0445 5.8755 4.1825 1157 interior
-37.7952 2.0541 -18.0205 1158 interior
-35.8755 5.8056 1.9331 1159 interior
-40.1780 2.0846 1.9254 1160 interior
-42.0116 7.8085 -13.6641 1161 interior
-53.2941 6.7801 5.6880 1162 interior
-51.4344 7.2089 6.1634 1163 interior
-49.9455 3.8735 5.7737 1164 interior
-45.7644 2.1964 5.6976 1165 interior
-43.8685 3.7140 5.8102 1166 interior
-43.7373 3.7103 6.9300 1167 interior
-42.0556 3.7103 5.8977 1168 interior
-40.4757 3.6878 5.6353 1169 interior
-46.4596 5.2062 7.1959 1170 interior
-40.5384 2.0846 8.5796 1171 interior
-46.4655 6.5543 7.2385 1172 interior
-37.8873 12.2680 5.5574 1173 interior
-33.8788 5.7777 6.9723 1174 interior
-33.2729 10.2589 7.8574 1175 interior
-31.0933 5.2016 5.8422 1176 interior
-32.6093 5.1975 6.9860 1177 interior
-30.3762 5.1815 6.0063 1178 interior
-52.7612 7.4311 11.2918 1179 interior
-47.3611 2.0280 9.7536 1180 interior
-52.9231 3.9706 12.0426 1181 interior
-47.2015 6.1435 9.2456 1182 interior
-55.1628 7.3263 9.7313 1183 interior
-54.1537 7.0987 13.9123 1184 interior
-51.0518 6.6593 14.1020 1185 interior
-48.4787 2.6368 12.1627 1186 interior
-88.7514 13.3532 17.1251 1187 interior
-82.8576 9.3999 20.6816 1188 interior
-77.3237 4.2094 15.2940 1189 interior
-77.0717 4.2094 15.2908 1190 interior
-76.5322 4.0142 15.2908 1191 interior
-74.6532 3.3230 18.5801 1192 interior
-73.5625 3.3261 22.7457 1193 interior
-78.8085 10.9877 22.1202 1194 interior
-70.8923 8.6718 21.1533 1195 interior
-66.4824 9.7264 20.6526 1196 interior
-63.3614 11.3399 16.8425 1197 interior
-62.5789 6.0339 17.6419 1198 interior
-59.4424 4.4200 16.3749 1199 interior
-56.9232 4.8212 16.4003 1200 interior
-55.4927 4.7335 18.1655 1201 interior
-59.7060 7.6866 16.3619 1202 interior
-57.0586 10.1245 15.2795 1203 interior
-57.1754 18.0800 17.5938 1204 interior
-39.6255 3.4504 16.2917 1205 interior
-52.0128 4.5720 19.3801 1206 interior
-52.2868 6.2265 22.3912 1207 interior
-43.8458 14.3284 21.9813 1208 interior
-53.0642 14.7810 22.0923 1209 interior
-42.7713 14.3433 21.9337 1210 interior
-54.7666 5.4118 19.0657 1211 interior
-48.6591 3.7879 23.1527 1212 interior
-45.2823 13.6022 21.8844 1213 interior
-56.6418 4.7324 22.7017 1214 interior
-51.0710 3.2931 22.9402 1215 interior
-54.4661 8.1715 23.3800 1216 interior
-50.7372 6.0619 22.3012 1217 interior
-51.8714 12.2842 21.9653 1218 interior
-50.5884 14.1635 23.7185 1219 interior
-56.1647 14.4385 23.5125 1220 interior
-35.1092 4.8060 22.6466 1221 interior
-95.4912 6.2984 26.5275 1222 interior
-92.3675 9.2792 26.4124 1223 interior
-92.0256 16.6302 25.1507 1224 interior
-87.7278 10.4331 24.6888 1225 interior
-82.2571 8.2216 24.8920 1226 interior
-87.1982 13.1306 25.5854 1227 interior
-83.4337 12.8760 26.9061 1228 interior
-83.3718 12.8760 26.9061 1229 interior
-83.0929 12.8760 26.9061 1230 interior
-82.7791 13.7406 27.2600 1231 interior
-83.2368 16.1272 26.9061 1232 interior
-83.1596 16.1272 26.9061 1233 interior
-82.7791 16.9918 27.2600 1234 interior
-82.4197 17.1015 27.2600 1235 interior
-81.6859 12.8760 26.9061 1236 interior
-80.4619 12.8760 26.9061 1237 interior
-79.3780 12.7871 27.2600 1238 interior
-80.5375 12.8760 26.9061 1239 interior
-79.0420 12.7851 27.2600 1240 interior
-81.0036 14.1663 27.2600 1241 interior
-79.2898 14.4127 27.2600 1242 interior
-81.7567 16.1272 26.9061 1243 interior
-81.1366 16.1272 26.9061 1244 interior
-81.1382 16.9918 27.2600 1245 interior
-79.4268 16.1272 26.9061 1246 interior
-78.7087 16.1272 26.9061 1247 interior
-79.1685 16.9918 27.2600 1248 interior
-79.4512 11.5784 35.1863 1249 interior
-74.8096 5.4353 27.2968 1250 interior
-72.5866 6.8360 28.2670 1251 interior
-70.6490 6.4018 28.4852 1252 interior
-71.3701 5.2590 27.3732 1253 interior
-72.9873 7.4668 25.4254 1254 interior
-73.7392 10.2052 28.0551 1255 interior
-77.9711 12.8760 26.9061 1256 interior
-77.8854 16.1272 26.9061 1257 interior
-76.3265 15.4551 27.2600 1258 interior
-77.0640 15.4551 27.2600 1259 interior
-76.3265 13.6381 27.2600 1260 interior
-76.3265 14.4107 27.2600 1261 interior
-76.0687 16.8893 27.2600 1262 interior
-74.8374 13.7406 27.2600 1263 interior
-74.4415 12.8760 26.9061 1264 interior
-73.2334 13.6381 27.2600 1265 interior
-73.8383 14.4127 27.2033 1266 interior
-72.1116 12.8760 26.9061 1267 interior
-71.6270 12.8760 26.9061 1268 interior
-72.5391 13.4948 27.3793 1269 interior
-72.4893 14.4127 27.3793 1270 interior
-75.2258 16.1272 26.9061 1271 interior
-74.4114 16.1272 26.9061 1272 interior
-74.7681 16.9918 27.2600 1273 interior
-73.4727 16.1272 26.9061 1274 interior
-72.4893 15.4551 27.3793 1275 interior
-72.1212 16.0736 28.6584 1276 interior
-68.5898 5.2583 30.6222 1277 interior
-67.9099 4.8834 30.2116 1278 interior
-66.9116 6.3304 31.6978 1279 interior
-67.9990 6.5831 31.6421 1280 interior
-65.0033 8.0577 30.1097 1281 interior
-67.4152 10.5491 28.7428 1282 interior
-67.5579 10.8566 29.8840 1283 interior
-64.9680 10.0025 30.0082 1284 interior
-64.9409 10.7542 29.5637 1285 interior
-63.5633 7.4668 28.2670 1286 interior
-63.9671 11.3792 29.8741 1287 interior
-69.2985 15.9639 30.5028 1288 interior
-67.8426 6.8191 32.2406 1289 interior
-68.9530 8.3035 32.2637 1290 interior
-67.5461 9.6248 32.6390 1291 interior
-66.2691 8.3364 33.9735 1292 interior
-65.6970 13.9249 32.3046 1293 interior
-64.0588 8.1389 34.9504 1294 interior
-68.1888 8.4878 37.4126 1295 interior
-63.6404 6.7749 37.2277 1296 interior
-67.5461 11.1374 37.7703 1297 interior
-67.5461 14.5016 37.3449 1298 interior
-67.1735 4.2912 36.5834 1299 interior
-66.0359 4.3775 37.9847 1300 interior
-66.0298 5.7892 37.9530 1301 interior
-66.9284 8.2875 36.8021 1302 interior
-65.8217 10.5008 36.2271 1303 interior
-67.1757 9.3772 37.2981 1304 interior
-64.5924 9.7896 36.9853 1305 interior
-65.9892 10.5417 37.3947 1306 interior
-64.8288 10.8609 37.7585 1307 interior
-64.2378 11.5552 31.8344 1308 interior
-67.9000 10.4894 32.2042 1309 interior
-67.9000 13.7406 33.5534 1310 interior
-63.4327 8.5432 32.9459 1311 interior
-67.9000 11.1615 34.9652 1312 interior
-67.5461 14.5016 33.4802 1313 interior
-67.9000 13.7406 35.0272 1314 interior
-67.9000 13.6381 32.1220 1315 interior
-67.9000 16.8893 32.2042 1316 interior
-67.9000 16.9918 33.9403 1317 interior
-68.0607 8.1409 37.0810 1318 interior
-67.9000 13.7406 36.2145 1319 interior
-67.9000 13.8295 37.4052 1320 interior
-64.0628 9.8280 34.9504 1321 interior
-82.1730 11.9888 44.0395 1322 interior
-65.2454 12.1222 39.9858 1323 interior
-67.9000 14.3102 42.1107 1324 interior
-66.6882 11.8240 42.0729 1325 interior
-68.4885 4.5642 45.1651 1326 interior
-68.4864 4.7926 45.1981 1327 interior
-68.4060 5.1673 45.1567 1328 interior
-66.8947 4.3859 46.1465 1329 interior
-66.8849 8.3871 46.7482 1330 interior
-63.2851 7.4287 45.8268 1331 interior
-63.7737 10.2234 43.8958 1332 interior
-67.2695 11.2284 45.0474 1333 interior
-65.9227 7.4082 47.9479 1334 interior
-66.5009 8.5665 47.5435 1335 interior
-65.9282 8.6106 47.6377 1336 interior
-66.0457 10.4388 47.9950 1337 interior
-64.0628 10.1709 49.0728 1338 interior
-63.2857 9.5227 51.3963 1339 interior
-66.1049 10.7155 47.7726 1340 interior
-63.6016 10.8648 49.7016 1341 interior
-64.7932 11.2373 49.6695 1342 interior
-67.4080 6.7737 38.8449 1343 interior
-68.2742 8.3833 38.6094 1344 interior
-62.9474 8.1150 38.7974 1345 interior
-66.9098 10.1261 39.5473 1346 interior
-67.5710 11.1652 39.2211 1347 interior
-67.5461 12.8760 39.0308 1348 interior
-67.5461 14.9153 38.8372 1349 interior
-67.9000 16.9918 38.8902 1350 interior
-68.6621 11.7262 40.5892 1351 interior
-63.8556 11.0045 49.2760 1352 interior
-63.3013 8.5005 41.2438 1353 interior
-67.9000 14.4107 41.3464 1354 interior
-67.9000 16.9918 40.9189 1355 interior
-66.9161 6.9245 42.9014 1356 interior
-67.2637 11.1292 41.9455 1357 interior
-63.3077 8.5501 42.3976 1358 interior
-73.3044 11.9888 44.5008 1359 interior
-59.8424 3.0968 25.4762 1360 interior
-55.7776 5.3479 23.9776 1361 interior
-57.0095 4.7748 24.8659 1362 interior
-56.5367 4.0621 25.4381 1363 interior
-57.1389 5.3671 25.4156 1364 interior
-55.2505 4.7960 25.6248 1365 interior
-55.8411 6.1887 25.6100 1366 interior
-55.2428 7.5213 26.5309 1367 interior
-60.0229 9.1597 27.3307 1368 interior
-56.3583 8.2389 26.0017 1369 interior
-56.6071 8.6033 26.0159 1370 interior
-56.6006 9.0217 26.0439 1371 interior
-55.8238 9.3597 26.5182 1372 interior
-55.8466 9.3999 26.5182 1373 interior
-56.4451 10.1407 25.9376 1374 interior
-56.0769 9.6512 26.2079 1375 interior
-56.7809 11.7615 25.1656 1376 interior
-58.4563 3.3054 31.9483 1377 interior
-53.8498 5.8898 24.5743 1378 interior
-53.8072 6.0343 24.2316 1379 interior
-53.9728 7.6005 25.7960 1380 interior
-51.6753 7.1920 24.7739 1381 interior
-51.2966 6.1976 25.8552 1382 interior
-51.8201 12.0578 26.4033 1383 interior
-51.5620 13.4620 33.9716 1384 interior
-51.1559 4.8794 24.8095 1385 interior
-49.6717 4.8479 24.3608 1386 interior
-48.8907 5.3266 25.4284 1387 interior
-48.0216 5.2961 25.2013 1388 interior
-46.7008 4.8641 24.7242 1389 interior
-46.1558 4.8956 26.1800 1390 interior
-46.6027 6.1595 26.5378 1391 interior
-49.1744 10.3632 28.2215 1392 interior
-50.7972 13.8185 26.2503 1393 interior
-48.3148 13.8176 34.6456 1394 interior
-47.8282 14.2771 26.4195 1395 interior
-52.1284 16.9290 26.1267 1396 interior
-51.6128 18.7013 27.7994 1397 interior
-52.2793 20.6102 26.9057 1398 interior
-51.3385 19.7449 26.4033 1399 interior
-49.2760 20.2629 25.7048 1400 interior
-49.0385 23.8348 29.6068 1401 interior
-49.8088 19.1009 33.9713 1402 interior
-44.1354 6.8696 26.4381 1403 interior
-43.6996 3.7445 32.0907 1404 interior
-42.9419 14.4471 24.2553 1405 interior
-43.3180 15.0141 32.0284 1406 interior
-42.8133 10.0070 32.0421 1407 interior
-42.6652 7.2130 29.9307 1408 interior
-33.9344 11.0744 25.4337 1409 interior
-40.6940 5.0286 27.6828 1410 interior
-39.7002 5.2441 29.0853 1411 interior
-38.0678 5.0800 28.1491 1412 interior
-38.4157 5.1816 30.0478 1413 interior
-39.2176 10.0965 31.1404 1414 interior
-38.9825 6.0369 35.0898 1415 interior
-35.4902 5.9566 28.2448 1416 interior
-31.4472 5.0729 27.7876 1417 interior
-33.1531 6.0529 29.0564 1418 interior
-29.4702 5.7512 27.6354 1419 interior
-35.4806 5.9661 31.0998 1420 interior
-34.0614 9.2456 31.8707 1421 interior
-39.2032 4.9350 27.6352 1422 interior
-39.2032 5.0988 27.6354 1423 interior
-36.8595 5.0546 27.6350 1424 interior
-36.0618 5.1816 27.7876 1425 interior
-38.1193 7.1108 28.2448 1426 interior
-39.2176 11.0744 31.0018 1427 interior
-34.3480 5.1022 27.6354 1428 interior
-32.7175 4.9429 27.6352 1429 interior
-32.7175 5.7512 27.6354 1430 interior
-31.0167 4.9966 27.6352 1431 interior
-41.7108 10.1086 34.1376 1432 interior
-51.0280 21.0434 35.6616 1433 interior
-61.6688 5.2764 53.6194 1434 interior
-61.6329 5.8435 53.5837 1435 interior
-62.4498 7.4141 53.6192 1436 interior
-60.3595 5.9777 53.1366 1437 interior
-51.6887 14.1751 40.9956 1438 interior
-55.8032 15.5202 47.6882 1439 interior
-44.3141 3.9477 37.5929 1440 interior
-44.0986 4.2389 39.2176 1441 interior
-39.2176 11.1760 35.7401 1442 interior
-42.5704 9.3320 36.1696 1443 interior
-35.9664 11.2760 36.5760 1444 interior
-36.7028 15.0122 36.1696 1445 interior
-27.1821 9.5786 -8.5606 1446 interior
-28.1106 5.8793 -7.9542 1447 interior
-26.9394 4.7583 -3.9310 1448 interior
-27.1028 9.7519 -5.5397 1449 interior
-27.7877 6.7190 -2.7863 1450 interior
-27.7814 4.6562 -3.8476 1451 interior
-28.1745 5.7912 0.5400 1452 interior
-26.7511 12.0827 -0.9959 1453 interior
-27.6257 6.6992 2.1181 1454 interior
-27.9432 4.9739 4.7712 1455 interior
-28.0416 3.7563 6.9461 1456 interior
-27.3553 6.9660 4.4646 1457 interior
-28.0519 6.1934 7.7021 1458 interior
-27.8050 7.4291 4.6324 1459 interior
-26.7513 7.8091 2.0320 1460 interior
-26.7462 11.2398 3.8954 1461 interior
-26.6959 11.7086 4.5020 1462 interior
-26.8784 9.7165 10.9323 1463 interior
-27.9845 3.1088 21.1015 1464 interior
-27.9720 4.8976 26.4104 1465 interior
-27.0764 5.1810 28.3337 1466 interior
-26.7973 5.2826 27.5844 1467 interior
-26.8568 7.9328 27.3572 1468 interior
-27.2542 4.9692 30.1998 1469 interior
-27.2542 5.3848 33.9717 1470 interior
-27.4620 3.8253 38.3731 1471 interior
-28.5639 3.8907 40.5062 1472 interior
-27.8426 3.8807 40.9411 1473 interior
-27.8290 3.8193 41.2551 1474 interior
-26.2198 11.9379 -11.5824 1475 interior
-26.1837 11.5646 19.8255 1476 interior
-26.1620 5.3935 0.2079 1477 interior
-26.1136 8.9643 26.1222 1478 interior
-25.4396 5.4833 -2.8448 1479 interior
-25.3033 13.2209 27.7555 1480 interior
-25.5862 12.4400 28.9170 1481 interior
-25.9121 8.0146 1.1426 1482 interior
-26.0657 11.8479 -6.6114 1483 interior
-25.6206 5.9631 -7.0223 1484 interior
-25.7593 3.4092 4.5747 1485 interior
-25.8756 6.0081 4.4626 1486 interior
-25.4621 14.7063 3.2472 1487 interior
-25.6032 7.7216 10.0522 1488 interior
-25.4786 9.2162 13.8938 1489 interior
-25.9210 9.0079 1.1426 1490 interior
-25.2080 9.9304 1.6231 1491 interior
-25.5490 5.2685 12.8617 1492 interior
-25.6032 4.0566 13.7780 1493 interior
-25.6941 4.0449 14.8206 1494 interior
-25.1841 4.4966 18.5867 1495 interior
-25.2405 4.7588 24.0864 1496 interior
-25.4878 8.3058 26.8262 1497 interior
-25.6090 8.8816 26.6103 1498 interior
-25.4961 9.3795 26.1264 1499 interior
-25.7556 5.9301 28.8836 1500 interior
-25.9401 10.8542 26.0394 1501 interior
-25.3128 20.0566 29.1405 1502 interior
-24.7860 1.2146 -3.5901 1503 interior
-24.8666 1.7526 -2.0320 1504 interior
-24.8942 2.5435 -2.0841 1505 interior
-24.9621 2.8038 -2.0152 1506 interior
-25.0126 2.9486 -2.1633 1507 interior
-24.7533 6.2348 -3.5011 1508 interior
-24.9877 10.5144 -8.2631 1509 interior
-24.8772 8.9020 -0.4601 1510 interior
-24.8113 8.6636 0.5438 1511 interior
-24.7278 10.6528 5.1573 1512 interior
-24.8307 9.8413 10.8417 1513 interior
-25.0383 8.6830 11.5390 1514 interior
-25.0457 4.3874 15.1397 1515 interior
-24.7462 10.6671 20.1240 1516 interior
-23.5185 14.3683 -13.0640 1517 interior
-23.4640 14.3683 -12.8557 1518 interior
-23.7868 11.8696 -11.6332 1519 interior
-23.3016 14.3683 -10.9921 1520 interior
-22.9208 7.8390 -10.6272 1521 interior
-22.6822 7.1890 -7.2898 1522 interior
-22.4403 8.4564 -3.9057 1523 interior
-22.9362 7.4422 -2.9908 1524 interior
-22.4409 10.6506 -1.5815 1525 interior
-24.6124 9.1325 -0.5820 1526 interior
-24.0567 15.1951 -0.2300 1527 interior
-22.7743 14.3121 1.8582 1528 interior
-23.5660 10.6545 1.4516 1529 interior
-24.5663 8.3274 3.3734 1530 interior
-23.4696 10.6544 3.8864 1531 interior
-23.7068 15.5669 5.3103 1532 interior
-23.0620 9.7367 4.5535 1533 interior
-22.7598 10.7270 5.9639 1534 interior
-22.7645 14.2494 6.2305 1535 interior
-24.5030 3.7956 8.3712 1536 interior
-22.7646 14.6558 8.2367 1537 interior
-22.7723 11.4302 9.8534 1538 interior
-23.5989 9.8417 9.9926 1539 interior
-23.5253 9.9364 13.5706 1540 interior
-22.7105 7.5958 10.1018 1541 interior
-23.2209 9.5889 12.0607 1542 interior
-24.3078 13.9879 14.2601 1543 interior
-22.5320 8.9273 12.0664 1544 interior
-24.4028 7.8794 15.9846 1545 interior
-24.4028 10.9487 15.7123 1546 interior
-24.4028 11.3309 15.7839 1547 interior
-24.4028 10.9488 15.7251 1548 interior
-24.3078 14.1119 15.7431 1549 interior
-23.3932 7.7059 16.0800 1550 interior
-22.5806 8.5303 16.9846 1551 interior
-24.4213 9.2340 21.4814 1552 interior
-24.0123 5.4937 26.2025 1553 interior
-22.9744 9.9557 16.9792 1554 interior
-23.3544 16.3322 16.5735 1555 interior
-24.5958 12.5031 20.9420 1556 interior
-23.2355 13.3344 27.9669 1557 interior
-22.6618 11.4651 20.4153 1558 interior
-23.5994 9.1034 16.0255 1559 interior
-22.9849 6.6587 16.0800 1560 interior
-23.4478 7.0622 21.7265 1561 interior
-23.0744 7.3974 16.2270 1562 interior
-22.6962 8.6816 -13.1311 1563 interior
-23.4823 7.8761 -3.7006 1564 interior
-24.5647 2.6146 1.3253 1565 interior
-24.5676 12.1528 1.1616 1566 interior
-23.0327 15.5122 0.0934 1567 interior
-23.4680 14.7077 3.6345 1568 interior
-22.3357 17.9578 2.7354 1569 interior
-22.4389 17.4540 4.7099 1570 interior
-22.7644 14.2495 7.1026 1571 interior
-22.9959 10.1352 7.7727 1572 interior
-22.7788 14.9859 10.3707 1573 interior
-24.5260 12.9020 13.0562 1574 interior
-22.5289 16.9109 11.3443 1575 interior
-24.4106 6.0325 14.5796 1576 interior
-24.4396 5.4910 15.8878 1577 interior
-24.4118 6.7118 15.3995 1578 interior
-24.4028 8.1534 14.5796 1579 interior
-24.2145 7.5166 16.0506 1580 interior
-23.1582 7.2225 16.2748 1581 interior
-24.4791 10.0876 14.0050 1582 interior
-23.0820 12.2360 14.9637 1583 interior
-23.1253 8.0899 22.6513 1584 interior
-24.4808 3.2102 -2.8692 1585 interior
-24.0728 3.9625 17.0833 1586 interior
-23.7310 4.0053 17.0308 1587 interior
-23.6728 3.9609 17.9361 1588 interior
-23.5583 5.2027 17.0243 1589 interior
-23.0399 3.9689 17.0773 1590 interior
-22.9616 3.9625 16.9789 1591 interior
-22.9922 5.0884 18.5240 1592 interior
-23.2426 5.8928 17.0372 1593 interior
-23.7987 7.6708 16.6533 1594 interior
-23.3067 7.6708 16.8497 1595 interior
-22.7076 6.9065 16.6444 1596 interior
-22.4218 10.8253 16.0985 1597 interior
-23.0838 16.9124 13.3990 1598 interior
-22.5088 9.2166 -4.0143 1599 interior
-22.5580 7.1440 20.9656 1600 interior
-22.5242 14.2496 17.0418 1601 interior
-22.5806 10.9538 21.8404 1602 interior
-23.3957 11.3691 9.0947 1603 interior
-23.1747 11.8999 34.1757 1604 interior
-23.2301 9.8523 18.0095 1605 interior
-24.6515 11.9495 -7.1021 1606 interior
-18.6217 2.6409 -11.5443 1607 interior
-22.2875 6.7819 -11.5688 1608 interior
-21.8789 7.3906 -14.5098 1609 interior
-21.0669 10.8590 -11.5817 1610 interior
-21.1358 5.0475 -7.5427 1611 interior
-21.9979 6.0631 -6.6056 1612 interior
-20.8304 8.4685 -7.2898 1613 interior
-21.3947 13.0555 -10.3677 1614 interior
-21.7118 11.1674 -8.4665 1615 interior
-21.5900 9.0424 -6.5417 1616 interior
-21.8478 9.8552 -5.6896 1617 interior
-21.4970 9.9046 2.6195 1618 interior
-20.9777 11.6640 3.8197 1619 interior
-20.7922 15.7952 5.6782 1620 interior
-20.3958 13.6631 5.9280 1621 interior
-18.0893 4.1550 7.5935 1622 interior
-19.9611 9.1360 8.2730 1623 interior
-22.2985 15.1474 9.0416 1624 interior
-19.9974 12.8546 17.4429 1625 interior
-20.3490 13.1348 16.5926 1626 interior
-21.0568 14.7582 13.6348 1627 interior
-20.9431 17.3347 11.6740 1628 interior
-21.0205 15.4116 13.5509 1629 interior
-21.1408 17.1942 15.1547 1630 interior
-21.6634 6.6666 22.5722 1631 interior
-20.4374 11.4136 20.6340 1632 interior
-19.1212 3.4201 9.7237 1633 interior
-21.4980 4.5115 12.6044 1634 interior
-21.5638 7.2321 13.8525 1635 interior
-21.4810 9.7399 16.5422 1636 interior
-21.8426 12.8603 17.4983 1637 interior
-21.8135 7.2898 21.9422 1638 interior
-21.6122 12.3502 11.8188 1639 interior
-20.1588 7.0613 22.3041 1640 interior
-21.2004 8.8588 9.1529 1641 interior
-20.8566 9.8410 17.9209 1642 interior
-22.2295 7.2133 -6.4091 1643 interior
-20.1168 4.9812 18.4225 1644 interior
-20.1168 6.8905 18.8428 1645 interior
-22.1499 8.6360 16.6627 1646 interior
-22.0537 9.1186 16.7092 1647 interior
-20.6987 7.5692 16.8497 1648 interior
-20.1566 8.1534 16.8497 1649 interior
-19.0515 8.6360 16.9005 1650 interior
-19.4818 9.7790 16.9266 1651 interior
-20.8280 7.7752 20.8788 1652 interior
-20.3716 13.6779 16.9233 1653 interior
-19.6850 12.4460 16.9266 1654 interior
-21.2805 15.8612 17.0283 1655 interior
-19.6218 16.3322 16.5481 1656 interior
-20.7256 15.8513 16.9213 1657 interior
-19.4620 15.8505 16.6316 1658 interior
-21.1069 12.5163 16.8099 1659 interior
-21.0404 11.0057 13.2436 1660 interior
-22.1234 10.6196 20.5816 1661 interior
-21.5961 7.8589 30.1403 1662 interior
-19.8374 9.3503 26.8845 1663 interior
-22.2943 10.4648 27.3077 1664 interior
-22.3012 12.1534 28.7714 1665 interior
-22.2758 9.3205 0.1251 1666 interior
-21.7044 9.1021 16.0838 1667 interior
-21.6122 8.6975 16.0763 1668 interior
-21.9982 16.5246 26.1602 1669 interior
-21.7810 12.0904 35.1409 1670 interior
-21.8659 9.6098 -5.1411 1671 interior
-21.0588 9.5873 9.0866 1672 interior
-21.5731 12.8088 17.7653 1673 interior
-22.3159 8.6983 -4.0934 1674 interior
-14.1538 9.1709 -104.8416 1675 interior
-13.7590 7.5558 -102.1241 1676 interior
-13.9545 12.1378 -104.5450 1677 interior
-12.3008 12.6737 -104.4497 1678 interior
-13.9419 16.0562 -104.5265 1679 interior
-13.8727 16.3030 -102.1299 1680 interior
-14.6072 19.8729 -104.5742 1681 interior
-14.0184 21.6237 -104.6345 1682 interior
-12.8918 21.6539 -104.0175 1683 interior
-14.9464 22.1013 -101.1712 1684 interior
-13.6569 22.6462 -102.0124 1685 interior
-12.5901 21.5204 -101.9836 1686 interior
-12.3504 22.0489 -102.7578 1687 interior
-12.4001 23.2480 -102.1691 1688 interior
0.1016 19.5832 -100.6118 1689 interior
-13.7900 7.6191 -94.3489 1690 interior
-10.8993 5.3891 -90.9771 1691 interior
-5.0445 11.0834 -89.6821 1692 interior
8.6408 19.5834 -98.7269 1693 interior
8.6487 16.8013 -87.2316 1694 interior
10.4240 14.0691 -82.2082 1695 interior
-0.3185 12.2801 -80.0608 1696 interior
-8.3647 3.5149 -74.9246 1697 interior
-8.8115 3.0603 -72.9132 1698 interior
-5.7526 6.1070 -74.8592 1699 interior
-5.8578 10.1224 -77.2539 1700 interior
-7.3280 8.7722 -73.4522 1701 interior
-0.1010 4.4323 -74.6994 1702 interior
4.2418 -2.9722 -70.8556 1703 interior
4.4450 -1.7351 -71.6232 1704 interior
3.1137 -0.3461 -71.2229 1705 interior
4.5720 2.1336 -70.8406 1706 interior
8.4824 0.6477 -73.8187 1707 interior
8.3820 -2.2496 -71.8747 1708 interior
8.2372 -1.5194 -72.3035 1709 interior
9.4664 -1.8101 -71.8076 1710 interior
8.6565 -0.6088 -71.8727 1711 interior
10.0193 -0.7344 -71.8134 1712 interior
8.4836 -2.1848 -70.1294 1713 interior
8.2343 -1.7319 -70.9301 1714 interior
9.7282 -1.7028 -70.6250 1715 interior
10.0277 -0.7313 -70.7607 1716 interior
9.9568 -0.1210 -72.1387 1717 interior
11.4808 1.4408 -73.4834 1718 interior
10.6427 -1.7949 -70.9168 1719 interior
10.2663 0.4071 -71.1213 1720 interior
7.3619 2.9764 -70.1548 1721 interior
8.5979 2.9764 -69.9262 1722 interior
8.3312 4.7741 -70.7469 1723 interior
10.7482 6.0383 -73.3650 1724 interior
2.3323 13.2779 -74.6506 1725 interior
8.8777 7.9012 -75.1842 1726 interior
9.5005 7.9012 -75.1721 1727 interior
10.8923 7.9049 -75.1840 1728 interior
10.6888 11.1915 -75.0138 1729 interior
11.0014 11.3138 -75.1969 1730 interior
9.6523 11.5098 -75.0064 1731 interior
10.7192 11.7314 -75.0068 1732 interior
9.0848 14.7899 -75.6412 1733 interior
11.0050 14.7903 -75.6412 1734 interior
-12.7945 3.6792 -78.4697 1735 interior
2.3815 -0.1893 -70.9717 1736 interior
5.6454 -1.3072 -71.5434 1737 interior
7.4337 -0.6207 -71.0311 1738 interior
8.7677 0.6952 -71.0311 1739 interior
10.2630 -2.1162 -72.0972 1740 interior
9.6742 -2.1823 -71.5478 1741 interior
10.1163 -2.1823 -71.1257 1742 interior
10.1184 -2.1785 -70.6567 1743 interior
10.9605 -2.1592 -70.0160 1744 interior
10.7042 -0.7773 -71.0305 1745 interior
8.6369 3.9222 -70.8068 1746 interior
6.5793 7.0315 -72.2792 1747 interior
8.1915 6.9030 -71.0410 1748 interior
9.7536 4.8006 -70.1819 1749 interior
10.6946 4.7741 -70.0616 1750 interior
1.4375 8.5111 -70.4419 1751 interior
6.0931 11.4300 -77.4652 1752 interior
-0.0744 9.0219 -72.9955 1753 interior
-5.6542 2.8094 -77.9851 1754 interior
6.6739 -1.9307 -72.3482 1755 interior
6.0837 0.1702 -72.0233 1756 interior
7.2232 0.8758 -71.3422 1757 interior
4.6673 5.9257 -72.1659 1758 interior
-5.6554 8.9741 -77.9552 1759 interior
9.9719 9.9432 -72.4257 1760 interior
7.7718 18.5212 -75.8001 1761 interior
11.3978 10.3536 -72.9670 1762 interior
-6.9107 4.8984 -77.9849 1763 interior
2.5566 9.0287 -79.9854 1764 interior
-15.0039 7.3686 -78.6352 1765 interior
2.1090 17.1061 -78.0767 1766 interior
-12.7836 3.5555 -77.2773 1767 interior
5.2465 17.1061 -79.4800 1768 interior
9.5153 16.9417 -76.7086 1769 interior
9.4777 16.9418 -77.3293 1770 interior
-16.7636 -0.9291 -65.6284 1771 interior
-17.2581 0.5632 -66.3673 1772 interior
-14.6352 -1.5114 -66.3956 1773 interior
-15.2717 -0.4353 -66.7862 1774 interior
-14.4915 -1.1583 -66.1047 1775 interior
-15.0257 -1.8444 -64.6827 1776 interior
-14.0772 -1.7227 -64.9334 1777 interior
-13.7983 -1.7695 -64.6538 1778 interior
-13.9078 -1.7419 -64.7811 1779 interior
-13.8977 -1.2928 -64.1682 1780 interior
-14.6943 -0.6395 -64.9404 1781 interior
-14.1477 -0.5923 -64.4997 1782 interior
-15.1876 0.7822 -67.5220 1783 interior
-15.1162 0.5173 -66.1944 1784 interior
-14.5952 0.9022 -66.4544 1785 interior
-14.5772 1.6683 -67.4574 1786 interior
-13.6553 0.8160 -66.4716 1787 interior
-14.2949 1.5779 -66.9808 1788 interior
-14.6449 0.1983 -65.6267 1789 interior
-14.0089 2.0760 -67.8315 1790 interior
-11.7169 -1.2945 -66.0551 1791 interior
-12.3055 -1.4005 -64.1469 1792 interior
-11.4763 -1.5921 -64.1728 1793 interior
-11.3594 -1.4460 -64.1540 1794 interior
-9.2775 -1.4388 -65.6915 1795 interior
-9.3353 -2.5863 -64.8093 1796 interior
-12.6662 0.4921 -66.4441 1797 interior
-11.6578 0.1965 -67.0497 1798 interior
-12.4734 1.6728 -67.5545 1799 interior
-11.7696 1.1661 -65.6914 1800 interior
-10.6247 -0.2118 -65.6835 1801 interior
-9.5770 0.2452 -66.8181 1802 interior
-8.8624 0.1762 -66.6927 1803 interior
-8.9583 1.1941 -66.7469 1804 interior
-9.2774 0.6021 -65.9789 1805 interior
-9.5994 0.3842 -64.9486 1806 interior
-9.7515 0.3632 -64.3437 1807 interior
-8.1116 0.0004 -64.5743 1808 interior
-9.9899 1.8062 -64.4337 1809 interior
-9.9018 2.2334 -64.2164 1810 interior
-12.8811 0.6137 -63.5844 1811 interior
-14.4030 -1.4799 -63.1519 1812 interior
-15.3844 -1.1518 -62.8382 1813 interior
-14.4366 -1.0480 -62.2861 1814 interior
-13.4777 -1.0263 -62.3025 1815 interior
-12.3055 -1.3933 -63.6125 1816 interior
-12.1556 -1.5234 -62.5756 1817 interior
-11.5824 -1.6282 -62.2722 1818 interior
-11.5077 -1.5101 -63.4055 1819 interior
-11.4244 -1.5480 -62.1153 1820 interior
-11.2077 -1.4460 -63.8523 1821 interior
-10.8432 -1.4833 -62.5713 1822 interior
-10.8000 -1.4276 -62.6744 1823 interior
-10.6185 -1.4600 -62.6645 1824 interior
-10.5684 -1.3764 -62.7651 1825 interior
-10.7232 -1.7228 -62.1336 1826 interior
-10.4181 -1.4186 -63.8172 1827 interior
-9.6185 -1.3775 -63.3817 1828 interior
-8.7686 -1.6477 -63.7600 1829 interior
-9.0038 -1.4677 -62.7719 1830 interior
-10.5074 -1.5732 -62.1939 1831 interior
-9.1279 -1.8705 -62.0093 1832 interior
-8.5732 -1.7003 -62.5833 1833 interior
-10.6061 -3.1025 -60.9396 1834 interior
-9.3690 -2.5135 -60.5951 1835 interior
-10.2345 -2.4832 -60.6769 1836 interior
-12.3335 -0.1056 -63.4949 1837 interior
-11.6465 -0.2314 -63.4268 1838 interior
-11.0873 -0.2077 -63.3826 1839 interior
-10.9431 0.9960 -64.0369 1840 interior
-10.6199 0.5150 -63.3194 1841 interior
-9.6493 0.3089 -63.2405 1842 interior
-8.8495 0.3922 -63.9626 1843 interior
-9.0339 2.2792 -63.7669 1844 interior
-9.1752 1.2286 -62.0023 1845 interior
-7.7173 1.1504 -59.9214 1846 interior
-13.6014 4.9034 -67.3287 1847 interior
-10.5418 3.8190 -64.1986 1848 interior
-10.1319 3.5410 -64.1857 1849 interior
-10.1570 3.6145 -64.1858 1850 interior
-10.0363 3.8015 -64.1973 1851 interior
-8.9041 5.1810 -63.3605 1852 interior
-8.4203 4.8478 -63.3654 1853 interior
-8.1712 5.2044 -60.9283 1854 interior
-7.9009 8.7175 -60.9418 1855 interior
-2.7911 3.6591 -69.3420 1856 interior
-3.3830 3.7604 -68.8756 1857 interior
-2.2420 7.9908 -69.4326 1858 interior
-7.2018 0.7155 -63.2083 1859 interior
-3.1745 0.1103 -62.5936 1860 interior
-5.5237 -1.7080 -60.9509 1861 interior
-3.3116 -2.3381 -58.0971 1862 interior
-3.3582 -1.8573 -58.1014 1863 interior
-3.2857 -2.3348 -57.6433 1864 interior
-4.0410 -0.6009 -57.7454 1865 interior
-2.4490 -0.9487 -57.7512 1866 interior
-2.8524 2.8462 -61.7377 1867 interior
-7.0186 4.1017 -64.5348 1868 interior
-6.4637 5.4413 -64.7700 1869 interior
-5.5855 5.0877 -60.9335 1870 interior
-2.5833 3.6606 -60.9516 1871 interior
-5.3704 6.8441 -64.8340 1872 interior
-5.3497 6.9088 -63.6819 1873 interior
-5.6459 9.3929 -62.4418 1874 interior
-4.5466 9.0996 -63.3061 1875 interior
-5.6631 8.8546 -60.2320 1876 interior
-2.0513 5.5493 -57.5038 1877 interior
-1.3365 4.6209 -68.7025 1878 interior
2.9464 4.0761 -69.1636 1879 interior
3.5863 3.8536 -68.7324 1880 interior
3.6957 4.5819 -68.9114 1881 interior
4.1170 0.9039 -69.3928 1882 interior
4.5123 6.7831 -67.7490 1883 interior
4.1311 6.1439 -65.3880 1884 interior
-0.1608 3.8376 -66.6149 1885 interior
-0.1438 4.1339 -65.7730 1886 interior
5.9969 2.9719 -64.9732 1887 interior
2.3932 4.8108 -64.9586 1888 interior
-1.2434 4.4567 -62.6076 1889 interior
3.9116 1.7818 -63.4996 1890 interior
6.2696 -0.9210 -61.8741 1891 interior
5.1174 8.3165 -63.7218 1892 interior
3.8862 6.1743 -63.1317 1893 interior
-1.4224 -0.8131 -57.6924 1894 interior
0.8052 -2.0392 -58.8347 1895 interior
1.9427 -2.0650 -59.0942 1896 interior
1.8717 -2.4034 -58.4602 1897 interior
5.1373 -3.0579 -60.1568 1898 interior
3.0488 10.9492 -58.8365 1899 interior
-0.2708 2.7610 -59.0474 1900 interior
-0.5600 4.4348 -60.1953 1901 interior
0.8811 -1.1425 -58.9748 1902 interior
5.0778 -3.1110 -59.1732 1903 interior
5.6117 0.6670 -57.7078 1904 interior
5.3042 6.0768 -58.2442 1905 interior
8.0596 0.0662 -69.8627 1906 interior
9.1094 -2.5685 -66.9175 1907 interior
11.1760 -2.0320 -67.3100 1908 interior
10.3202 0.0427 -67.8459 1909 interior
10.9303 1.1674 -68.0021 1910 interior
7.5941 2.9764 -69.2754 1911 interior
8.6978 2.9764 -69.3026 1912 interior
8.5471 4.4704 -69.4169 1913 interior
8.5979 2.9716 -68.3209 1914 interior
10.0576 4.7654 -68.6598 1915 interior
9.9610 0.1331 -66.4188 1916 interior
6.3712 0.8283 -63.6817 1917 interior
7.4630 -1.0024 -65.4389 1918 interior
7.8126 -0.2965 -65.1333 1919 interior
8.1452 -0.3163 -62.5380 1920 interior
6.4270 2.4876 -62.2465 1921 interior
9.6730 -1.3739 -64.6240 1922 interior
10.2109 0.8628 -65.3481 1923 interior
9.7922 0.2621 -65.0775 1924 interior
10.2353 1.2882 -63.6357 1925 interior
9.7643 -0.3905 -62.7761 1926 interior
10.9077 -0.4001 -63.3819 1927 interior
10.5594 1.3013 -63.9915 1928 interior
9.1588 6.6942 -65.6195 1929 interior
6.7629 8.3053 -66.1841 1930 interior
6.6105 10.6500 -66.9054 1931 interior
10.9166 8.8097 -67.5158 1932 interior
10.2701 3.6105 -60.6028 1933 interior
11.9084 2.7776 -58.9457 1934 interior
7.8486 6.3694 -59.3725 1935 interior
-11.8874 4.0824 -57.4127 1936 interior
-2.0607 -2.4135 -57.1099 1937 interior
1.0482 -0.9510 -56.8677 1938 interior
4.7073 1.2782 -57.1162 1939 interior
-0.0219 6.1603 -56.8573 1940 interior
6.5078 3.9230 -57.1162 1941 interior
-13.8414 -3.0667 -55.7022 1942 interior
-3.0076 1.6301 -56.0943 1943 interior
-2.5632 4.3834 -56.2310 1944 interior
-3.9871 7.5489 -56.8246 1945 interior
2.6209 3.6460 -56.6767 1946 interior
9.7934 4.7281 -56.7944 1947 interior
7.9236 4.4319 -56.7721 1948 interior
9.2505 2.6806 -55.6824 1949 interior
-17.1550 6.8846 -53.0333 1950 interior
-12.7814 0.7112 -50.5968 1951 interior
-16.3949 4.9657 -51.3262 1952 interior
-15.4700 7.7799 -52.4128 1953 interior
-16.4946 4.4058 -52.7302 1954 interior
-2.6383 2.9284 -55.4112 1955 interior
-2.7927 3.2239 -54.5751 1956 interior
-6.2932 4.4232 -52.8838 1957 interior
0.2346 3.6992 -54.1303 1958 interior
1.0006 3.4416 -52.4728 1959 interior
-0.9054 3.2037 -52.4256 1960 interior
-5.2899 -1.0018 -50.5243 1961 interior
-4.8138 0.2788 -51.5886 1962 interior
-2.3398 -1.7642 -51.3685 1963 interior
-2.8484 -1.5994 -51.3067 1964 interior
-2.7856 -1.0166 -51.2639 1965 interior
-0.6629 -0.9691 -51.0410 1966 interior
-4.9149 1.8697 -51.3223 1967 interior
-2.6211 2.1021 -50.4008 1968 interior
-2.1226 2.8871 -49.9638 1969 interior
-2.3235 7.5980 -50.5510 1970 interior
-4.7228 3.0788 -51.0950 1971 interior
-2.5321 -1.3470 -51.2582 1972 interior
-2.5912 -1.5978 -50.9795 1973 interior
-11.8380 3.0062 -51.0552 1974 interior
-2.5230 -0.0814 -50.8068 1975 interior
-2.6921 1.8115 -50.1442 1976 interior
-1.1203 1.6881 -52.0613 1977 interior
8.2382 -0.1727 -55.5244 1978 interior
8.4383 3.4991 -55.4452 1979 interior
6.9277 0.5449 -53.8660 1980 interior
6.0614 0.1237 -50.8277 1981 interior
6.3971 2.1832 -52.0917 1982 interior
8.2634 2.6655 -54.7699 1983 interior
5.1688 4.4334 -50.8534 1984 interior
7.9389 6.0619 -52.4633 1985 interior
4.8452 6.7178 -51.9568 1986 interior
5.0377 7.8922 -51.6863 1987 interior
4.8038 10.4942 -51.0149 1988 interior
6.2230 10.7447 -52.3428 1989 interior
5.2799 10.5695 -50.6832 1990 interior
7.5162 10.8633 -50.8508 1991 interior
9.6106 9.0666 -51.3728 1992 interior
10.2129 1.7032 -52.1814 1993 interior
8.3462 11.0430 -49.9449 1994 interior
-0.5234 -0.9161 -49.9228 1995 interior
3.4544 4.3815 -46.6852 1996 interior
-4.9737 3.7407 -48.9051 1997 interior
4.4668 3.0936 -49.8766 1998 interior
-8.8304 -0.3199 -49.0584 1999 interior
-14.8107 8.3472 -49.0777 2000 interior
-8.0631 6.5739 -49.4269 2001 interior
-0.2416 1.8809 -49.0746 2002 interior
-13.6534 -1.4288 -47.5535 2003 interior
-9.2514 -2.5450 -47.7450 2004 interior
-5.6958 -0.7753 -46.3741 2005 interior
-9.7305 3.7058 -47.1897 2006 interior
-9.7616 2.5870 -47.6594 2007 interior
0.8700 4.9010 -49.6069 2008 interior
-12.1360 -2.3395 -44.5503 2009 interior
-11.6849 -2.5518 -43.4990 2010 interior
-12.5061 2.5190 -43.3567 2011 interior
-5.7082 -1.2907 -43.3427 2012 interior
-3.3635 5.5326 -44.4034 2013 interior
1.8941 2.5870 -43.5038 2014 interior
7.3630 -1.4390 -42.2625 2015 interior
7.3771 5.3418 -42.9507 2016 interior
-11.9349 4.8949 -43.6287 2017 interior
-12.4446 4.4853 -43.5610 2018 interior
-2.3001 4.9097 -44.0439 2019 interior
6.9519 4.9077 -43.3627 2020 interior
8.2526 1.7174 -43.5642 2021 interior
-13.7718 7.1695 -43.3434 2022 interior
2.2347 4.4029 -44.0506 2023 interior
1.3580 2.6096 -42.8213 2024 interior
4.0200 5.2126 -45.8096 2025 interior
13.6125 12.9131 -82.7396 2026 interior
13.9864 11.8254 -86.0938 2027 interior
15.3924 10.9264 -78.6634 2028 interior
17.1958 19.5834 -100.3018 2029 interior
17.3160 16.9418 -81.8711 2030 interior
20.6387 7.2874 -98.9927 2031 interior
21.2065 15.9577 -100.4581 2032 interior
21.4607 17.8495 -99.8653 2033 interior
20.1794 16.9416 -87.5548 2034 interior
20.8698 10.7696 -86.3604 2035 interior
22.4536 10.6676 -96.7469 2036 interior
26.1144 8.7376 -96.2974 2037 interior
22.4792 10.6172 -94.8944 2038 interior
23.9196 10.1830 -94.8536 2039 interior
25.4684 8.1788 -93.3188 2040 interior
23.7607 7.5057 -92.7596 2041 interior
24.0567 12.7000 -92.9775 2042 interior
25.0707 11.5940 -92.3670 2043 interior
23.4950 7.7365 -89.7607 2044 interior
26.7208 8.1280 -89.0016 2045 interior
23.7236 10.6172 -89.4080 2046 interior
22.4792 9.5775 -87.5792 2047 interior
23.4950 7.7361 -86.2438 2048 interior
22.6832 7.7365 -85.2789 2049 interior
21.9202 9.5490 -85.7504 2050 interior
21.9202 10.3903 -85.7504 2051 interior
24.5999 9.5885 -85.6710 2052 interior
26.3650 10.1888 -87.4357 2053 interior
25.2492 13.6596 -87.5792 2054 interior
25.4403 12.4543 -84.7743 2055 interior
26.2095 9.1624 -80.1193 2056 interior
27.6854 8.8886 -83.6168 2057 interior
27.3639 5.8423 -78.3590 2058 interior
23.0886 14.7022 -81.4271 2059 interior
22.7076 14.7649 -79.7052 2060 interior
27.7526 11.6150 -82.8039 2061 interior
28.3951 9.5197 -84.3518 2062 interior
12.7494 7.7850 -74.9685 2063 interior
14.2379 7.7996 -75.4255 2064 interior
15.2210 7.7858 -75.1840 2065 interior
18.4060 7.9049 -75.1840 2066 interior
15.3797 7.3443 -78.2567 2067 interior
15.9897 7.7881 -74.8161 2068 interior
17.5006 7.7996 -75.1462 2069 interior
19.2788 7.7850 -74.9685 2070 interior
14.2708 11.3435 -75.4257 2071 interior
18.4785 11.1938 -75.4257 2072 interior
12.1326 15.7342 -77.3271 2073 interior
13.6459 16.4408 -78.2892 2074 interior
14.3653 14.7903 -75.6412 2075 interior
13.8438 16.6805 -76.8551 2076 interior
16.0471 15.5827 -77.4932 2077 interior
18.1945 15.6485 -77.3298 2078 interior
23.7218 6.2702 -75.6731 2079 interior
22.4781 5.8104 -74.8536 2080 interior
23.4612 8.5897 -76.3545 2081 interior
26.1091 5.7487 -77.7881 2082 interior
25.5016 4.8605 -76.1722 2083 interior
26.6700 4.8668 -77.0541 2084 interior
25.5016 5.0529 -75.4412 2085 interior
26.6625 5.1366 -75.9889 2086 interior
28.4480 4.7348 -76.1042 2087 interior
26.2201 4.6923 -74.6132 2088 interior
26.0411 9.0980 -76.0817 2089 interior
22.2091 9.9527 -77.9833 2090 interior
21.3868 11.1994 -76.5204 2091 interior
20.1962 15.9574 -77.4729 2092 interior
20.9416 15.5381 -76.6128 2093 interior
22.0748 14.7903 -76.8461 2094 interior
21.2018 14.8519 -76.6571 2095 interior
22.0973 14.3343 -77.1561 2096 interior
21.9265 15.8395 -77.3401 2097 interior
21.0408 16.6806 -77.4206 2098 interior
24.3348 8.7635 -74.3605 2099 interior
26.3606 5.9662 -73.7169 2100 interior
15.7252 3.7690 -69.7987 2101 interior
17.2620 2.9066 -70.2770 2102 interior
17.1471 5.2541 -69.9767 2103 interior
17.1434 5.2493 -69.2963 2104 interior
17.9125 5.2399 -69.7695 2105 interior
15.8374 4.3060 -66.8324 2106 interior
16.5779 1.0979 -62.7297 2107 interior
17.6116 4.3168 -69.7554 2108 interior
13.9803 7.4855 -58.2192 2109 interior
13.3359 6.8914 -71.0184 2110 interior
17.6568 3.8143 -69.8098 2111 interior
15.9447 3.3677 -69.3865 2112 interior
16.5608 4.2784 -66.1380 2113 interior
14.5924 4.7068 -69.1210 2114 interior
13.1361 0.0701 -63.1734 2115 interior
13.1685 -0.0530 -62.1241 2116 interior
14.1224 0.4075 -60.4969 2117 interior
14.7071 0.0653 -59.9823 2118 interior
15.3415 0.0620 -60.0061 2119 interior
14.1351 1.3313 -59.7851 2120 interior
15.1377 0.0620 -60.0063 2121 interior
15.4238 1.6335 -60.1941 2122 interior
13.7546 -0.0538 -60.1513 2123 interior
13.6909 7.2045 -70.5260 2124 interior
15.9225 6.2015 -73.1529 2125 interior
15.7166 3.3176 -69.8493 2126 interior
15.7235 4.0617 -69.8011 2127 interior
15.7214 4.2746 -69.7538 2128 interior
15.6509 5.1412 -69.7090 2129 interior
15.6433 5.1427 -69.3256 2130 interior
17.6856 3.3772 -69.7919 2131 interior
17.7020 4.3235 -69.8103 2132 interior
14.2546 4.4722 -67.8942 2133 interior
12.7064 0.1316 -62.3260 2134 interior
12.7017 -2.7277 -60.4226 2135 interior
13.4916 -2.3965 -59.0841 2136 interior
14.5168 -1.6252 -58.7266 2137 interior
12.4565 0.1537 -58.5569 2138 interior
15.2585 -1.4557 -58.7087 2139 interior
16.2370 -1.6638 -58.7525 2140 interior
16.0887 -1.1967 -58.7235 2141 interior
17.6329 -1.1908 -59.1893 2142 interior
12.4791 8.9350 -66.4703 2143 interior
12.5132 -0.2494 -55.6780 2144 interior
12.5984 4.3214 -57.1849 2145 interior
14.7955 4.7807 -55.3495 2146 interior
17.4713 5.6370 -55.5244 2147 interior
17.9691 0.4433 -69.1867 2148 interior
18.7439 3.3634 -66.1988 2149 interior
19.2024 2.7236 -65.8704 2150 interior
21.5899 2.9641 -70.3982 2151 interior
20.7400 2.8631 -65.6388 2152 interior
22.0592 9.2642 -70.8555 2153 interior
20.5667 1.3208 -57.2863 2154 interior
18.0578 1.3547 -59.1609 2155 interior
19.9844 3.0005 -69.7554 2156 interior
23.4950 4.4317 -71.4681 2157 interior
22.0181 3.0193 -70.1045 2158 interior
22.0027 3.0184 -69.5039 2159 interior
22.1235 3.0270 -69.3734 2160 interior
22.1171 3.0261 -69.3148 2161 interior
22.4282 3.0187 -69.3531 2162 interior
19.7018 3.3729 -69.9443 2163 interior
21.1844 3.3157 -72.7314 2164 interior
18.9530 8.8230 -72.8982 2165 interior
21.6335 8.6437 -69.6765 2166 interior
19.7612 2.5452 -66.3847 2167 interior
20.0769 4.3050 -69.2414 2168 interior
20.4732 3.1210 -61.2648 2169 interior
20.8280 0.3898 -56.8198 2170 interior
21.5900 3.0202 -68.7394 2171 interior
19.9898 2.6432 -67.1226 2172 interior
19.6308 8.5321 -67.9012 2173 interior
21.2458 2.4748 -64.3868 2174 interior
20.6756 0.9695 -56.7944 2175 interior
24.9385 4.8320 -71.5613 2176 interior
25.0396 9.6585 -72.5253 2177 interior
25.7226 10.1390 -70.1234 2178 interior
25.8071 7.8667 -67.6691 2179 interior
23.9681 0.9691 -56.4131 2180 interior
27.6098 1.4408 -61.8490 2181 interior
26.4733 3.7855 -63.2063 2182 interior
26.3093 3.1194 -60.0456 2183 interior
25.6292 3.6398 -56.3880 2184 interior
26.5072 8.5770 -68.7878 2185 interior
23.9084 8.5554 -70.0862 2186 interior
29.5110 10.7696 -95.2500 2187 interior
29.4082 9.1257 -83.3670 2188 interior
29.1193 2.9659 -64.1781 2189 interior
28.5555 4.1858 -73.4517 2190 interior
28.9552 6.5405 -84.3590 2191 interior
29.8375 11.3118 -91.2416 2192 interior
30.1417 1.4902 -58.8220 2193 interior
30.1083 7.3074 -74.8369 2194 interior
29.8229 9.1196 -70.5065 2195 interior
31.4137 14.2551 -95.8073 2196 interior
30.6070 9.6822 -87.1246 2197 interior
31.3155 7.2598 -80.3981 2198 interior
30.9695 8.4004 -81.7359 2199 interior
30.7594 4.9069 -77.4922 2200 interior
30.8099 2.7551 -70.9424 2201 interior
30.4465 2.7021 -61.5413 2202 interior
31.6548 10.4175 -93.5074 2203 interior
32.6136 4.7756 -76.0016 2204 interior
32.8724 15.3494 -78.6681 2205 interior
33.8683 2.8325 -60.3758 2206 interior
31.4659 6.5233 -78.1283 2207 interior
32.0718 9.8515 -83.9567 2208 interior
32.9256 9.8215 -88.8597 2209 interior
31.8130 13.8929 -89.9384 2210 interior
33.3034 13.9322 -90.9900 2211 interior
33.3204 13.9328 -90.7301 2212 interior
31.8439 13.0786 -88.5512 2213 interior
33.4803 9.4758 -74.2807 2214 interior
31.5715 3.6763 -56.3008 2215 interior
32.7028 4.9268 -86.2279 2216 interior
32.0874 9.7807 -86.1766 2217 interior
32.0403 13.6598 -90.6828 2218 interior
32.7702 13.5725 -90.6474 2219 interior
32.8772 13.9327 -90.7188 2220 interior
31.8690 13.0786 -88.8118 2221 interior
31.8206 5.5253 -79.4886 2222 interior
33.5001 3.5615 -72.4416 2223 interior
33.4647 3.5121 -71.9038 2224 interior
32.5348 13.9980 -80.7877 2225 interior
32.9606 15.1878 -78.7810 2226 interior
31.8262 3.2854 -69.8745 2227 interior
32.1608 2.0049 -63.1677 2228 interior
32.9707 2.9009 -61.3664 2229 interior
37.2375 7.7907 -95.1031 2230 interior
36.6818 10.4197 -93.9272 2231 interior
36.1868 12.6183 -93.6948 2232 interior
37.7559 7.1985 -93.0489 2233 interior
39.0741 8.2096 -96.3215 2234 interior
39.0263 9.3472 -96.0233 2235 interior
39.5458 12.3515 -96.6041 2236 interior
40.0341 8.9194 -94.4670 2237 interior
40.4552 4.2087 -98.3451 2238 interior
37.8397 9.7379 -94.3275 2239 interior
41.0365 4.2835 -98.7310 2240 interior
43.0784 5.9436 -100.1713 2241 interior
45.4032 7.5660 -100.6542 2242 interior
48.4632 7.7216 -102.6563 2243 interior
44.1845 12.4968 -101.2181 2244 interior
46.4994 8.4193 -98.5520 2245 interior
34.3192 4.2555 -90.3167 2246 interior
34.3482 5.5828 -90.3424 2247 interior
34.3909 9.8161 -90.5865 2248 interior
35.2645 11.1309 -89.3951 2249 interior
40.2245 9.5902 -86.3854 2250 interior
37.0450 10.5393 -87.4539 2251 interior
55.2172 8.0982 -95.1341 2252 interior
38.5131 14.2751 -84.4459 2253 interior
35.4889 8.1464 -79.9584 2254 interior
39.9867 8.1808 -81.6866 2255 interior
37.2693 9.5361 -76.7203 2256 interior
35.7588 8.2391 -73.0385 2257 interior
34.4764 7.3007 -70.8834 2258 interior
38.5064 5.6941 -77.0014 2259 interior
38.8874 5.6941 -74.1533 2260 interior
38.6575 9.9987 -77.6609 2261 interior
38.9116 9.4676 -76.4667 2262 interior
38.9183 9.7837 -76.0678 2263 interior
38.8913 10.5364 -76.0199 2264 interior
38.7109 11.0951 -77.6351 2265 interior
39.2624 13.5522 -78.5812 2266 interior
39.2580 13.4914 -78.3916 2267 interior
39.2722 12.2372 -76.4087 2268 interior
39.2290 10.8285 -75.5380 2269 interior
38.8953 8.8646 -74.9640 2270 interior
38.7940 9.0850 -74.2318 2271 interior
38.7940 9.9188 -74.2188 2272 interior
38.7916 9.9772 -74.2725 2273 interior
38.7916 9.1710 -73.2958 2274 interior
38.7940 8.8710 -73.0455 2275 interior
38.7940 8.8710 -72.6903 2276 interior
38.8112 9.8144 -72.8773 2277 interior
38.8142 10.2817 -74.2710 2278 interior
38.9087 10.7415 -74.2393 2279 interior
39.2617 11.9203 -72.8970 2280 interior
38.2524 2.0411 -68.9864 2281 interior
38.8926 8.8710 -72.0888 2282 interior
38.8926 9.1533 -72.0888 2283 interior
38.9085 9.7915 -72.0497 2284 interior
38.9085 9.1049 -71.8820 2285 interior
39.0906 10.3625 -71.5088 2286 interior
38.9759 10.0602 -71.3124 2287 interior
39.0938 9.7914 -71.1824 2288 interior
39.1044 10.0852 -70.9870 2289 interior
39.2845 9.6679 -70.8810 2290 interior
38.8635 12.3325 -71.8797 2291 interior
39.8543 5.2578 -77.9636 2292 interior
40.3517 5.3340 -71.1540 2293 interior
40.9559 4.1656 -70.7136 2294 interior
40.9559 5.2578 -70.3263 2295 interior
39.7520 10.3886 -71.6522 2296 interior
40.0922 9.7790 -70.9817 2297 interior
40.6552 9.6839 -69.5970 2298 interior
40.9458 9.8317 -70.2373 2299 interior
39.6546 5.2578 -73.9809 2300 interior
39.3225 8.6282 -67.8543 2301 interior
40.1713 5.6471 -75.8415 2302 interior
40.1960 7.2390 -71.6441 2303 interior
39.7256 6.7818 -76.0222 2304 interior
40.6400 5.2830 -70.2884 2305 interior
40.5799 8.4439 -70.2806 2306 interior
40.6985 8.8365 -70.2884 2307 interior
40.6400 8.9812 -70.2884 2308 interior
40.8620 9.0936 -70.2725 2309 interior
40.2837 9.5038 -75.9405 2310 interior
39.7292 6.4008 -73.8759 2311 interior
40.0132 7.7440 -71.7965 2312 interior
41.0468 5.4741 -69.4976 2313 interior
40.6400 6.2477 -70.2884 2314 interior
40.1130 6.8675 -70.3868 2315 interior
40.3814 7.1340 -70.2884 2316 interior
39.8260 6.8679 -70.3868 2317 interior
41.0020 6.9762 -69.4147 2318 interior
39.9023 9.8099 -71.5170 2319 interior
40.0922 10.0693 -71.0192 2320 interior
39.7064 10.0838 -71.6441 2321 interior
40.6365 9.1090 -70.2884 2322 interior
40.7027 9.4742 -70.2884 2323 interior
40.6529 9.6654 -71.5909 2324 interior
40.4368 12.1243 -71.5494 2325 interior
44.9072 7.4537 -79.0004 2326 interior
42.9128 10.2020 -74.5946 2327 interior
48.2106 13.5268 -72.3990 2328 interior
42.6857 4.4961 -68.6863 2329 interior
41.6116 6.8072 -69.2372 2330 interior
43.4259 7.3012 -69.2289 2331 interior
41.8056 6.1912 -68.3893 2332 interior
42.1528 7.8806 -71.2378 2333 interior
41.2642 9.6679 -70.2884 2334 interior
41.4628 9.7790 -70.2884 2335 interior
41.4677 10.0260 -70.2884 2336 interior
41.5590 9.7983 -70.2884 2337 interior
41.7098 9.7754 -70.2884 2338 interior
41.5244 10.6680 -70.1809 2339 interior
42.3519 10.0325 -70.2884 2340 interior
42.6612 9.9757 -70.2884 2341 interior
42.6685 9.9744 -70.2884 2342 interior
42.4735 11.3983 -70.6144 2343 interior
43.3709 10.6934 -70.2492 2344 interior
44.0181 11.1598 -70.5606 2345 interior
44.7117 10.0677 -70.2884 2346 interior
48.1710 8.2296 -68.7991 2347 interior
45.6742 13.2109 -71.2604 2348 interior
46.5141 11.9957 -71.2678 2349 interior
48.6910 12.3464 -71.6416 2350 interior
48.0639 9.8940 -68.3305 2351 interior
41.5415 5.3213 -67.5608 2352 interior
37.1412 3.8608 -65.0555 2353 interior
41.0184 3.5149 -66.7397 2354 interior
40.7164 2.4638 -61.3791 2355 interior
42.9064 5.3213 -62.1028 2356 interior
42.2732 3.4512 -58.3428 2357 interior
41.4828 5.3213 -60.9614 2358 interior
43.0783 3.5831 -58.0532 2359 interior
42.9064 5.1816 -59.6392 2360 interior
42.9809 2.8886 -56.7249 2361 interior
44.8557 7.7095 -64.2271 2362 interior
45.3422 3.5814 -58.8772 2363 interior
45.2356 1.8886 -55.7392 2364 interior
47.7951 3.5354 -57.1544 2365 interior
49.0896 3.2575 -55.3770 2366 interior
46.4058 6.1976 -58.2740 2367 interior
48.9585 6.1976 -59.6392 2368 interior
45.5176 10.7828 -57.8740 2369 interior
45.1878 11.6027 -57.8703 2370 interior
45.0372 12.2829 -57.8703 2371 interior
46.4171 12.7291 -57.7024 2372 interior
47.5774 10.7432 -55.7743 2373 interior
36.7990 4.5582 -60.5332 2374 interior
40.7927 2.7509 -63.8303 2375 interior
42.9064 5.3213 -66.0461 2376 interior
43.0212 5.3213 -64.2874 2377 interior
42.9064 5.3213 -64.2095 2378 interior
44.0455 2.0960 -57.4365 2379 interior
46.7339 2.3803 -56.5135 2380 interior
45.3679 3.1496 -56.5023 2381 interior
43.2282 7.2668 -59.5519 2382 interior
45.9306 6.0611 -57.6244 2383 interior
43.5705 7.9738 -66.8130 2384 interior
36.0605 4.4912 -56.0918 2385 interior
44.4500 1.8411 -57.6731 2386 interior
42.8086 6.8305 -60.5419 2387 interior
44.2081 6.8542 -59.1562 2388 interior
43.5857 8.1824 -59.2932 2389 interior
36.6776 2.9009 -65.3288 2390 interior
43.9293 4.4768 -59.0246 2391 interior
43.8464 8.1649 -58.9260 2392 interior
44.8727 11.0083 -58.3932 2393 interior
45.9216 8.2834 -55.8900 2394 interior
56.7932 13.8504 -73.8138 2395 interior
67.4407 15.9018 -69.7540 2396 interior
59.4932 8.0787 -73.1012 2397 interior
51.8581 13.8386 -72.5052 2398 interior
61.5442 12.2917 -71.4198 2399 interior
55.4085 6.9613 -67.0179 2400 interior
55.4925 13.2446 -61.2406 2401 interior
52.3131 10.3918 -59.7106 2402 interior
53.7708 4.6120 -61.0870 2403 interior
59.5044 6.1958 -61.8574 2404 interior
60.0090 5.9816 -56.8752 2405 interior
60.0354 6.9331 -56.5821 2406 interior
59.7239 8.0173 -58.2407 2407 interior
60.0021 7.2825 -57.5062 2408 interior
59.1493 7.4316 -55.3461 2409 interior
60.1038 8.1231 -61.5658 2410 interior
67.8951 11.3299 -68.1609 2411 interior
67.9450 10.2616 -67.7291 2412 interior
63.0437 9.0436 -65.9760 2413 interior
63.0419 9.0287 -64.7370 2414 interior
62.7389 10.5646 -66.1911 2415 interior
66.3194 11.5973 -67.4585 2416 interior
62.3584 7.0095 -60.5663 2417 interior
63.2551 5.0070 -55.7132 2418 interior
63.5534 12.5731 -57.6398 2419 interior
67.9420 13.7446 -56.2835 2420 interior
67.9450 14.1478 -56.9468 2421 interior
15.8850 3.1286 -55.1945 2422 interior
15.0278 1.1283 -54.2596 2423 interior
13.2489 -0.2792 -52.5651 2424 interior
13.9778 2.5278 -51.9713 2425 interior
14.9143 3.6572 -52.9553 2426 interior
15.1015 4.3080 -54.0093 2427 interior
12.7443 4.6546 -54.0422 2428 interior
14.7759 4.8278 -52.4054 2429 interior
14.2184 8.4646 -51.9015 2430 interior
12.5674 9.1278 -50.1951 2431 interior
13.6103 11.6840 -51.5829 2432 interior
13.6144 11.6840 -51.2157 2433 interior
12.1269 9.6819 -51.4112 2434 interior
16.7704 7.3700 -52.4377 2435 interior
15.0965 11.1619 -50.5067 2436 interior
14.5288 11.8155 -51.8668 2437 interior
14.5288 12.4460 -51.8668 2438 interior
14.5288 13.5152 -51.8668 2439 interior
17.1910 12.8777 -50.6858 2440 interior
16.6060 9.8923 -50.8765 2441 interior
14.3424 9.6904 -54.8797 2442 interior
17.2790 6.7869 -52.6693 2443 interior
17.6758 12.5984 -51.2359 2444 interior
14.4186 5.8173 -49.8773 2445 interior
24.3804 1.3208 -55.2320 2446 interior
24.5989 7.8241 -50.7775 2447 interior
20.4470 9.7854 -51.2217 2448 interior
18.0774 7.0104 -50.8666 2449 interior
18.2880 0.9455 -54.8235 2450 interior
19.3611 4.7752 -51.3766 2451 interior
18.9611 9.3561 -52.1745 2452 interior
20.2375 8.5213 -51.2909 2453 interior
24.9041 1.5631 -54.5524 2454 interior
32.2901 3.5577 -53.1233 2455 interior
19.5418 2.1644 -52.2221 2456 interior
20.5658 4.7324 -53.1889 2457 interior
18.7437 9.3123 -52.3691 2458 interior
19.0065 12.4968 -51.6172 2459 interior
19.5389 13.8870 -50.6023 2460 interior
21.4067 11.7949 -51.1278 2461 interior
19.8068 12.7531 -49.7067 2462 interior
25.6298 6.5012 -50.9788 2463 interior
27.6631 3.5212 -51.1788 2464 interior
35.7971 3.3095 -53.4079 2465 interior
44.0632 1.7377 -54.9783 2466 interior
42.4275 0.3929 -53.8232 2467 interior
42.7444 0.6577 -52.5013 2468 interior
43.7134 1.4732 -52.7050 2469 interior
45.5464 3.1522 -54.7358 2470 interior
44.0417 1.3208 -51.8160 2471 interior
42.8494 0.6607 -50.8617 2472 interior
42.3990 0.6321 -49.9174 2473 interior
43.6714 0.6912 -50.2401 2474 interior
48.3353 5.4760 -53.8445 2475 interior
57.4567 6.3893 -50.9151 2476 interior
61.4759 7.7080 -54.7001 2477 interior
67.9068 10.1465 -53.2069 2478 interior
52.0065 3.7740 -52.5780 2479 interior
33.3629 6.5619 -52.1941 2480 interior
34.4855 3.4544 -54.0512 2481 interior
57.1115 5.4062 -52.3029 2482 interior
37.4837 3.4692 -54.0370 2483 interior
44.1080 1.7659 -53.2971 2484 interior
43.3187 0.8177 -50.8720 2485 interior
54.2612 6.2090 -53.4345 2486 interior
53.7703 7.6663 -52.0127 2487 interior
61.2054 4.3688 -53.1016 2488 interior
12.4619 4.2876 -45.9279 2489 interior
12.5862 8.7976 -45.2633 2490 interior
14.0176 9.3697 -48.1702 2491 interior
17.7677 11.1633 -47.0154 2492 interior
46.6852 1.8288 -47.4726 2493 interior
48.8416 6.6174 -43.4938 2494 interior
45.4925 8.2042 -46.6100 2495 interior
45.7310 11.3644 -47.4726 2496 interior
44.0180 8.2042 -44.9813 2497 interior
48.1320 8.2042 -46.2395 2498 interior
51.7176 6.5786 -42.8691 2499 interior
18.4404 12.9794 -47.1043 2500 interior
32.0294 3.5282 -47.1551 2501 interior
50.1148 7.6653 -47.9343 2502 interior
49.9622 6.5786 -42.8722 2503 interior
46.3169 6.0061 -46.2226 2504 interior
41.3694 7.7561 -49.4991 2505 interior
23.5645 2.2736 -48.8846 2506 interior
31.7104 3.4814 -49.1323 2507 interior
49.5238 6.5786 -42.8691 2508 interior
12.3825 2.9201 -46.8757 2509 interior
16.0286 3.8608 -43.5864 2510 interior
17.3898 3.5236 -44.3673 2511 interior
15.9554 9.8921 -46.0643 2512 interior
21.8049 6.3881 -43.0481 2513 interior
25.6472 7.0156 -44.6119 2514 interior
22.6251 11.6840 -45.9002 2515 interior
23.9404 11.4254 -45.2550 2516 interior
24.2788 11.2622 -45.2526 2517 interior
27.3187 6.8561 -43.5693 2518 interior
34.8197 3.1618 -44.4935 2519 interior
37.6530 4.7390 -45.8369 2520 interior
43.3832 2.3099 -46.0954 2521 interior
45.5947 6.0704 -44.7655 2522 interior
44.7916 5.0030 -42.9387 2523 interior
48.1330 6.8538 -43.2638 2524 interior
51.5993 4.2700 -42.9387 2525 interior
49.6090 6.5786 -42.8722 2526 interior
60.9876 5.2082 -43.0017 2527 interior
13.2662 4.9576 -47.9287 2528 interior
12.8814 6.5493 -46.4382 2529 interior
13.5767 3.8682 -42.8364 2530 interior
12.5789 7.3744 -48.3867 2531 interior
12.5323 7.8944 -46.3945 2532 interior
12.5396 8.9347 -48.9712 2533 interior
12.4857 9.3423 -46.2454 2534 interior
12.5857 9.2274 -45.2755 2535 interior
12.2642 9.0149 -43.4018 2536 interior
13.0468 10.7069 -44.3484 2537 interior
14.2214 6.5786 -49.0601 2538 interior
17.1487 7.2898 -45.8979 2539 interior
18.0808 3.4650 -48.5195 2540 interior
18.4388 4.4219 -42.3538 2541 interior
22.2437 10.1834 -47.1424 2542 interior
22.3660 5.8928 -48.4378 2543 interior
24.8094 9.0424 -48.3648 2544 interior
31.3692 2.7658 -46.9342 2545 interior
31.1454 1.6734 -43.3670 2546 interior
26.3863 6.9393 -44.7186 2547 interior
25.5202 7.3559 -45.9450 2548 interior
36.1103 3.2957 -44.8495 2549 interior
36.6224 3.4544 -43.4340 2550 interior
32.3576 5.9436 -44.7346 2551 interior
32.5273 8.2550 -43.6626 2552 interior
32.6924 6.4207 -42.0923 2553 interior
40.6565 2.1971 -43.8162 2554 interior
44.7983 2.7694 -48.5275 2555 interior
41.8646 1.8277 -44.0695 2556 interior
44.2936 2.4384 -45.4831 2557 interior
42.1168 7.0585 -43.0403 2558 interior
44.5781 5.9224 -44.6090 2559 interior
46.7824 4.0640 -44.2768 2560 interior
46.6119 7.0317 -47.4752 2561 interior
47.8432 5.5148 -47.7888 2562 interior
47.8538 5.5148 -47.7689 2563 interior
47.2402 6.7740 -46.6598 2564 interior
47.8532 7.1263 -45.4779 2565 interior
49.4035 6.8200 -46.7247 2566 interior
50.6355 6.5784 -42.6674 2567 interior
60.4464 8.4717 -42.9427 2568 interior
-17.3462 9.7034 -39.8859 2569 interior
-15.0495 0.3415 -40.9341 2570 interior
-16.4973 3.6591 -41.2949 2571 interior
-15.1384 -1.2520 -40.4368 2572 interior
-16.0797 9.1953 -41.4268 2573 interior
-16.2178 9.2015 -39.0711 2574 interior
-9.3589 0.5733 -41.9444 2575 interior
-6.6675 3.6865 -41.0808 2576 interior
-4.5382 2.5855 -41.6224 2577 interior
-11.4160 0.1215 -41.3526 2578 interior
-10.6677 6.7538 -41.0692 2579 interior
-2.3777 2.6096 -41.4118 2580 interior
-0.0137 5.2004 -41.0642 2581 interior
5.7224 -0.2880 -41.4055 2582 interior
4.1277 4.2314 -41.4157 2583 interior
3.9009 6.6376 -41.5879 2584 interior
7.1037 8.5407 -41.7614 2585 interior
-9.1560 0.3021 -38.7090 2586 interior
3.3418 4.4271 -40.0497 2587 interior
-3.4550 3.5026 -39.2237 2588 interior
6.5905 3.7613 -40.9521 2589 interior
-9.3440 -3.5588 -40.2336 2590 interior
-10.4644 1.6260 -39.0405 2591 interior
-2.5527 0.2014 -37.8088 2592 interior
-7.0875 6.3751 -38.3623 2593 interior
3.5408 2.9778 -40.3352 2594 interior
-13.3251 -2.2193 -38.1156 2595 interior
-7.9597 -1.0487 -40.3476 2596 interior
-8.1654 -2.0977 -37.9286 2597 interior
-8.5370 -1.9773 -37.5412 2598 interior
-6.1970 0.7090 -37.8830 2599 interior
-12.7945 3.0105 -38.1851 2600 interior
-10.6166 6.9910 -40.5579 2601 interior
-2.3595 3.2184 -38.7116 2602 interior
-0.5691 5.7237 -39.7676 2603 interior
4.2631 5.6375 -40.6327 2604 interior
6.0990 5.4990 -40.4175 2605 interior
5.7236 4.5459 -39.7094 2606 interior
7.8443 5.6449 -39.7200 2607 interior
-13.4910 2.9725 -35.3568 2608 interior
-7.2876 -2.0545 -35.9658 2609 interior
-14.2896 3.7441 -29.7434 2610 interior
-15.1161 9.2215 -36.4896 2611 interior
-15.3924 9.1941 -34.5440 2612 interior
-15.5948 6.9235 -29.5656 2613 interior
-15.1126 7.3874 -31.3436 2614 interior
-14.2838 6.6868 -31.9804 2615 interior
-14.8082 6.2583 -29.8905 2616 interior
-16.1041 7.8033 -30.6324 2617 interior
-15.2936 8.7571 -31.0419 2618 interior
-14.8818 8.8695 -31.2274 2619 interior
-15.3910 9.1675 -32.6396 2620 interior
-15.9636 9.2053 -31.6707 2621 interior
-16.7103 9.2213 -31.0431 2622 interior
-16.0004 9.3774 -32.3663 2623 interior
-15.8640 9.9650 -32.6104 2624 interior
-16.1028 9.8103 -31.4001 2625 interior
-16.3848 9.7928 -30.1128 2626 interior
-1.9737 1.6615 -34.1884 2627 interior
-3.9751 1.6875 -30.5283 2628 interior
-2.9619 2.6416 -29.5311 2629 interior
-1.6100 4.5003 -32.7639 2630 interior
-1.0195 4.5976 -35.8043 2631 interior
1.5679 4.6419 -34.3501 2632 interior
3.3486 4.3819 -34.3457 2633 interior
3.3053 5.2792 -36.7258 2634 interior
1.0889 8.0605 -36.9118 2635 interior
4.4235 5.6299 -33.8401 2636 interior
4.9973 4.0533 -35.2044 2637 interior
4.7319 4.9530 -30.1633 2638 interior
7.3152 4.4873 -35.6231 2639 interior
7.4583 6.8548 -35.9192 2640 interior
8.7837 3.0144 -36.6014 2641 interior
11.2188 2.7138 -33.6291 2642 interior
10.0711 7.4221 -30.1346 2643 interior
-14.8704 1.3665 -31.9742 2644 interior
-10.2076 0.1785 -35.3921 2645 interior
-8.5852 -1.9801 -37.0187 2646 interior
-8.5693 -2.0599 -35.3238 2647 interior
-8.3699 -1.9138 -35.5332 2648 interior
-7.4018 -1.3929 -34.2903 2649 interior
-10.3399 -1.1176 -30.5308 2650 interior
-15.0114 8.6209 -29.3533 2651 interior
7.1501 5.2792 -36.9516 2652 interior
-10.2267 0.4056 -30.5044 2653 interior
-5.1058 -0.5992 -32.7145 2654 interior
1.7842 1.4792 -32.3861 2655 interior
-13.0937 10.6602 -37.1308 2656 interior
-12.9492 2.4384 -30.9090 2657 interior
-15.2151 1.5040 -36.9773 2658 interior
-14.1020 2.3259 -34.3057 2659 interior
-10.3696 -0.2783 -36.0926 2660 interior
-3.2517 1.7613 -35.8902 2661 interior
-11.9140 -0.4538 -35.8641 2662 interior
-15.0862 7.9793 -36.4136 2663 interior
0.1328 2.1283 -36.6045 2664 interior
6.4316 0.1182 -35.4751 2665 interior
-11.8036 0.1830 -32.6970 2666 interior
-4.8383 0.4636 -31.2046 2667 interior
-1.1746 1.7472 -31.5087 2668 interior
2.0912 1.6358 -33.5968 2669 interior
1.2478 5.5364 -31.7097 2670 interior
-9.1767 3.8322 -34.1687 2671 interior
4.4402 5.1611 -32.9260 2672 interior
9.7317 3.5895 -34.0466 2673 interior
-0.0363 2.8032 -35.3852 2674 interior
6.7678 5.2985 -30.3449 2675 interior
13.7062 5.0752 -42.0120 2676 interior
20.8716 1.5413 -41.6338 2677 interior
22.1772 1.1502 -41.6497 2678 interior
30.9880 4.7751 -41.9926 2679 interior
25.3786 3.0011 -41.2451 2680 interior
24.7516 2.0101 -41.2290 2681 interior
25.1293 3.4236 -41.2025 2682 interior
21.7043 1.3335 -40.6795 2683 interior
28.1195 5.9962 -41.1973 2684 interior
17.2285 3.5848 -40.8912 2685 interior
16.2718 4.1833 -40.7284 2686 interior
13.9184 1.5297 -40.6322 2687 interior
13.9384 2.1419 -40.5793 2688 interior
14.8075 1.6960 -40.7457 2689 interior
14.0432 5.0866 -40.5959 2690 interior
16.3382 6.2992 -40.7416 2691 interior
18.7196 5.7304 -40.2844 2692 interior
19.2450 1.7728 -40.6652 2693 interior
13.4517 11.7451 -40.3488 2694 interior
17.4879 5.9997 -40.0844 2695 interior
22.0047 1.3852 -39.8325 2696 interior
31.9024 2.5146 -40.3670 2697 interior
25.1226 3.4199 -41.1973 2698 interior
31.8516 3.4035 -40.3670 2699 interior
18.5445 4.5462 -40.2987 2700 interior
29.3105 8.4972 -40.4728 2701 interior
27.0193 7.2581 -40.7070 2702 interior
32.1382 9.8244 -41.4010 2703 interior
40.9128 5.3403 -41.0464 2704 interior
58.4806 8.0064 -39.8099 2705 interior
59.9186 5.2197 -40.2209 2706 interior
34.0300 5.5753 -40.3046 2707 interior
38.0873 3.0844 -40.6597 2708 interior
47.9834 4.1717 -39.7629 2709 interior
52.5512 4.5926 -39.8395 2710 interior
36.9214 6.8918 -41.1575 2711 interior
38.4612 5.0699 -41.3863 2712 interior
45.5952 5.0930 -41.6504 2713 interior
47.9519 6.6760 -40.0404 2714 interior
44.3099 5.0533 -40.3515 2715 interior
55.6514 4.6228 -40.5407 2716 interior
63.9728 6.7006 -41.6763 2717 interior
19.2691 6.3382 -38.6515 2718 interior
35.9571 7.3149 -38.5064 2719 interior
37.6045 7.9294 -39.6474 2720 interior
43.9633 6.5153 -39.2176 2721 interior
30.0041 5.9387 -35.6803 2722 interior
46.1176 5.3784 -37.5301 2723 interior
49.3649 9.1742 -33.3797 2724 interior
52.3154 4.3583 -35.3589 2725 interior
52.0752 4.5599 -33.6069 2726 interior
63.5998 6.3109 -34.7758 2727 interior
21.2426 5.6768 -36.0736 2728 interior
36.3555 4.0218 -35.5237 2729 interior
43.9321 4.9530 -39.1375 2730 interior
41.7691 2.3855 -37.5019 2731 interior
39.1030 2.4051 -34.8547 2732 interior
41.6143 3.4248 -38.8732 2733 interior
41.2464 3.2083 -37.3885 2734 interior
46.4058 4.1804 -38.0235 2735 interior
49.4640 2.8296 -38.7742 2736 interior
56.5653 4.7726 -36.9228 2737 interior
47.1207 9.8128 -36.5514 2738 interior
45.4152 4.3283 -35.2044 2739 interior
14.4729 0.2671 -39.3905 2740 interior
14.4825 0.3734 -39.3787 2741 interior
14.7977 0.2398 -39.3962 2742 interior
14.8146 0.3734 -39.3190 2743 interior
12.6252 3.4453 -38.7555 2744 interior
13.5952 5.8438 -37.0487 2745 interior
12.1158 4.8768 -36.3220 2746 interior
12.6852 8.8518 -37.0240 2747 interior
17.7554 6.3235 -36.8983 2748 interior
18.1575 5.7176 -32.7438 2749 interior
48.1492 6.5786 -39.4923 2750 interior
53.0539 6.0265 -39.5983 2751 interior
30.3970 3.9601 -34.8989 2752 interior
41.0896 3.9930 -35.5612 2753 interior
47.0939 5.3432 -39.1186 2754 interior
49.6956 1.2667 -38.6648 2755 interior
50.3211 1.2212 -38.6498 2756 interior
49.2566 3.0840 -37.5932 2757 interior
54.3560 4.4834 -36.5760 2758 interior
34.6005 4.2734 -32.7787 2759 interior
52.2605 4.6482 -39.1697 2760 interior
53.4478 4.8491 -37.8775 2761 interior
43.9750 4.6718 -35.4250 2762 interior
42.1759 4.0108 -39.2365 2763 interior
20.3036 2.3377 -39.4136 2764 interior
21.6899 2.0484 -39.4784 2765 interior
15.1525 11.7847 -39.4980 2766 interior
26.6002 7.1019 -39.4081 2767 interior
35.2168 3.8585 -39.2908 2768 interior
30.1804 12.7129 -39.4973 2769 interior
44.9007 4.5322 -39.2684 2770 interior
54.4048 1.2977 -39.3192 2771 interior
54.9628 1.3325 -39.4299 2772 interior
60.3686 6.9946 -39.2957 2773 interior
36.4303 3.4512 -39.2176 2774 interior
35.2852 5.9172 -39.0144 2775 interior
38.0946 7.0205 -39.2176 2776 interior
38.7731 6.6853 -39.0208 2777 interior
55.5371 4.2672 -39.0144 2778 interior
13.1676 4.3865 -36.6395 2779 interior
17.0783 3.2552 -35.2044 2780 interior
19.6342 7.0341 -38.0891 2781 interior
15.6770 9.2393 -38.4743 2782 interior
17.0077 7.7936 -35.9345 2783 interior
24.6695 7.1366 -38.9890 2784 interior
32.5916 6.1016 -35.7454 2785 interior
43.6626 4.6585 -36.5898 2786 interior
44.0525 3.9851 -33.6952 2787 interior
47.4472 4.6736 -34.0487 2788 interior
31.4350 7.8168 -36.9463 2789 interior
31.5402 1.6740 -33.3251 2790 interior
37.6133 3.4141 -35.1846 2791 interior
41.2833 3.7216 -36.6054 2792 interior
47.1932 4.0640 -37.7952 2793 interior
62.5094 2.4384 -36.6776 2794 interior
16.2215 10.3596 -35.1933 2795 interior
32.0548 6.2992 -37.8460 2796 interior
43.4735 1.8008 -35.8100 2797 interior
42.0452 3.8487 -37.0654 2798 interior
49.1772 1.9855 -37.4444 2799 interior
52.2377 2.1069 -37.6961 2800 interior
60.8413 5.5880 -36.6776 2801 interior
37.5920 3.3609 -38.6612 2802 interior
56.9881 1.9103 -37.6057 2803 interior
60.3631 4.0126 -37.7844 2804 interior
60.3251 5.1714 -38.7421 2805 interior
60.3244 6.0226 -37.6883 2806 interior
11.8781 8.0389 -35.9563 2807 interior
28.8903 6.9828 -33.6232 2808 interior
42.4808 3.8457 -33.9300 2809 interior
32.0342 7.4767 -39.0138 2810 interior
16.4997 3.8862 -31.2674 2811 interior
15.7706 7.6330 -31.2251 2812 interior
18.9561 3.4519 -31.8195 2813 interior
22.7609 3.4520 -30.9856 2814 interior
26.4922 3.4520 -31.1658 2815 interior
27.2288 3.4520 -31.6230 2816 interior
29.4528 3.4428 -31.4325 2817 interior
31.2991 3.3178 -30.9930 2818 interior
35.1112 3.0949 -31.0003 2819 interior
40.7980 0.4595 -31.0884 2820 interior
40.3258 4.6799 -30.8801 2821 interior
41.7394 6.9912 -31.4046 2822 interior
42.9975 6.5986 -31.1217 2823 interior
46.8251 7.5922 -31.5976 2824 interior
12.6439 9.6119 -29.7638 2825 interior
20.4921 1.8712 -29.2242 2826 interior
19.3609 4.4415 -29.8510 2827 interior
21.5366 2.3231 -29.2800 2828 interior
24.5646 4.1390 -29.7278 2829 interior
29.5771 4.5002 -29.7180 2830 interior
38.3856 3.1651 -29.4601 2831 interior
40.7416 4.0640 -29.4386 2832 interior
44.2745 3.7518 -30.5014 2833 interior
47.6493 6.5223 -30.0352 2834 interior
16.8635 2.9876 -29.5435 2835 interior
16.5402 6.7066 -29.8231 2836 interior
22.9691 3.0480 -29.5100 2837 interior
32.8170 3.7592 -30.8356 2838 interior
12.8101 5.9734 -29.6784 2839 interior
29.7995 2.9002 -29.4001 2840 interior
24.2459 1.8656 -29.4422 2841 interior
23.5163 7.0258 -30.8479 2842 interior
-16.6121 8.6209 -28.5276 2843 interior
-1.4713 5.4518 -28.0918 2844 interior
16.3903 4.6736 -28.3464 2845 interior
20.8312 2.1811 -28.8064 2846 interior
21.6881 1.6667 -28.4456 2847 interior
30.8698 2.6770 -28.0019 2848 interior
31.7344 2.7435 -27.9966 2849 interior
45.7690 2.9313 -28.0416 2850 interior
51.2699 4.6736 -27.6352 2851 interior
51.9534 9.2213 -27.9190 2852 interior
8.2410 4.6847 -28.1808 2853 interior
23.1516 4.2806 -27.6373 2854 interior
37.8423 3.3519 -27.6606 2855 interior
46.4753 3.6523 -28.2497 2856 interior
24.3018 4.0958 -28.0099 2857 interior
34.8839 5.0536 -28.1673 2858 interior
4.8904 5.1876 -28.7422 2859 interior
31.1890 4.2495 -27.4144 2860 interior
22.4409 4.7490 -27.4052 2861 interior
-7.7724 3.1736 -26.5239 2862 interior
7.6652 5.2240 -26.9975 2863 interior
16.1673 2.8239 -27.3696 2864 interior
12.7332 7.9296 -26.6016 2865 interior
25.1369 0.7185 -26.6653 2866 interior
40.3444 2.8297 -27.2415 2867 interior
42.5139 2.8470 -26.9679 2868 interior
42.6260 4.3974 -26.6716 2869 interior
41.4528 2.7619 -26.6787 2870 interior
41.9759 4.4426 -26.5396 2871 interior
52.9335 7.9999 -27.3760 2872 interior
4.5487 1.6479 -26.4067 2873 interior
18.2023 1.4749 -22.6372 2874 interior
19.2698 5.6693 -22.4430 2875 interior
17.9952 1.4422 -16.1808 2876 interior
16.3380 5.6513 -16.5455 2877 interior
19.3369 5.2959 -11.6680 2878 interior
-11.3206 3.3909 1.2888 2879 interior
-11.1486 1.8931 5.2993 2880 interior
10.1826 5.6269 -4.0910 2881 interior
16.8140 1.8092 2.7693 2882 interior
16.8748 0.5894 2.7828 2883 interior
16.4375 2.0563 4.6992 2884 interior
18.9543 3.2635 7.4745 2885 interior
17.7800 2.4321 12.8268 2886 interior
17.4244 8.4201 29.6672 2887 interior
16.4210 8.9408 -9.2744 2888 interior
-10.4311 6.8834 3.3526 2889 interior
-11.1379 1.8087 5.3489 2890 interior
-10.8837 1.4090 7.5817 2891 interior
-11.1764 4.9987 5.3502 2892 interior
-11.4277 5.3251 9.3605 2893 interior
-13.4980 5.2843 9.5510 2894 interior
-12.8068 10.5107 8.5942 2895 interior
-13.0683 4.7533 10.1519 2896 interior
-13.8113 4.2112 16.8275 2897 interior
-10.3515 3.0393 16.7453 2898 interior
-11.3581 6.5613 12.1597 2899 interior
-12.3653 9.8244 10.3145 2900 interior
-12.3712 9.3910 11.1671 2901 interior
-15.8193 9.0454 16.8547 2902 interior
-14.7360 12.9185 17.2889 2903 interior
-14.5203 13.1021 17.4195 2904 interior
-15.8501 14.7659 16.4076 2905 interior
-15.8498 16.5442 16.4076 2906 interior
-0.2291 3.3256 1.9498 2907 interior
-12.2631 8.9408 3.5023 2908 interior
-10.0394 8.1109 7.2136 2909 interior
-13.6144 5.2901 9.3575 2910 interior
-12.7366 5.3180 11.5800 2911 interior
-13.2652 5.2198 13.2144 2912 interior
-12.7403 6.4317 11.0909 2913 interior
-13.6095 7.5184 12.6626 2914 interior
-12.9447 6.9826 15.4294 2915 interior
-13.4282 7.0970 15.6958 2916 interior
-13.0418 8.5471 15.2164 2917 interior
-11.8981 8.8838 12.5354 2918 interior
-15.6967 8.5726 15.5355 2919 interior
-14.6118 9.0657 15.5493 2920 interior
-13.5491 9.7501 14.5555 2921 interior
-15.2712 9.4877 12.6117 2922 interior
-13.4966 10.2214 10.3036 2923 interior
-14.6474 10.6741 6.9869 2924 interior
-14.5010 11.5239 10.4680 2925 interior
-12.9598 11.1506 11.9515 2926 interior
-16.1982 11.4953 15.4560 2927 interior
-16.2121 10.8476 15.5417 2928 interior
-15.4432 14.6304 8.5344 2929 interior
-16.0235 13.6665 9.8912 2930 interior
-16.2121 13.7071 14.5686 2931 interior
-15.5561 14.4314 14.4004 2932 interior
-6.0564 10.2948 9.5884 2933 interior
-5.9932 4.2160 9.4647 2934 interior
-4.3414 10.3068 2.9435 2935 interior
24.7228 5.5696 -21.4939 2936 interior
21.4331 2.8043 -13.9573 2937 interior
23.8078 5.0615 -12.4737 2938 interior
23.9139 5.1206 -10.8822 2939 interior
23.9964 5.5227 -10.6263 2940 interior
21.1478 8.4879 -17.9118 2941 interior
33.3379 2.7972 -19.3868 2942 interior
34.7712 3.7390 -21.0420 2943 interior
36.3143 5.1054 -23.4696 2944 interior
35.9635 4.1836 -19.0649 2945 interior
29.8691 0.4429 -8.9531 2946 interior
24.6448 6.1279 -9.5250 2947 interior
23.9964 5.3532 -9.0095 2948 interior
38.7858 0.6847 -8.7515 2949 interior
37.8888 3.4738 -8.1468 2950 interior
37.9170 3.5945 -8.1468 2951 interior
38.6479 4.7202 -8.1468 2952 interior
38.5004 4.9236 -8.1468 2953 interior
37.9228 5.3519 -8.1468 2954 interior
38.6102 5.6601 -8.1468 2955 interior
38.9587 5.7387 -8.1468 2956 interior
39.0176 5.6899 -8.1468 2957 interior
39.9975 6.3234 -8.1468 2958 interior
37.7117 8.1699 -8.2342 2959 interior
39.2488 6.7615 -8.1468 2960 interior
39.7735 7.1448 -8.1468 2961 interior
40.4573 7.1880 -8.1468 2962 interior
40.6145 7.7865 -8.1468 2963 interior
40.6565 8.0013 -8.1468 2964 interior
39.7363 8.2460 -8.1470 2965 interior
39.6065 9.1274 -8.2342 2966 interior
25.4095 1.6767 -5.7849 2967 interior
24.9375 4.5080 -6.5280 2968 interior
26.7956 4.3833 -5.3524 2969 interior
24.9375 5.2567 -6.3259 2970 interior
23.9964 5.3532 -7.2957 2971 interior
23.9964 5.5226 -7.6604 2972 interior
23.9964 5.5393 -6.5052 2973 interior
23.9964 5.5630 -7.1050 2974 interior
25.1564 5.9603 -6.2867 2975 interior
23.8073 6.5245 -7.5230 2976 interior
23.6700 5.9821 -7.3348 2977 interior
44.6297 9.6484 -7.3340 2978 interior
25.8265 3.7477 -6.8817 2979 interior
23.9964 5.5227 -7.7218 2980 interior
23.9964 5.3701 -6.8979 2981 interior
29.1937 8.0727 -7.2300 2982 interior
35.3886 3.2679 -8.0790 2983 interior
24.9337 4.3600 -7.4866 2984 interior
23.3646 7.1315 -6.5981 2985 interior
40.9702 8.1564 -7.8676 2986 interior
41.1414 8.1988 -7.4530 2987 interior
42.8231 8.1165 -7.3340 2988 interior
45.0596 10.9508 -5.6227 2989 interior
22.9743 4.5720 -0.7964 2990 interior
27.9400 1.7729 2.2352 2991 interior
27.3945 8.8138 0.1376 2992 interior
27.5336 7.3819 3.8748 2993 interior
27.6352 6.1849 4.5212 2994 interior
32.3088 7.1170 2.7684 2995 interior
36.2712 4.5113 4.4704 2996 interior
48.1747 4.5097 -25.3107 2997 interior
27.6352 8.7376 6.3967 2998 interior
25.5524 6.8072 7.9248 2999 interior
25.1968 6.8072 8.5991 3000 interior
25.2984 8.7376 8.4803 3001 interior
22.3774 3.4182 13.2421 3002 interior
25.4508 5.4848 13.2340 3003 interior
34.0360 5.0800 11.3284 3004 interior
28.9097 4.9784 19.7851 3005 interior
21.8948 8.4328 26.4179 3006 interior
21.8948 9.2455 27.2091 3007 interior
21.8948 8.8900 35.3489 3008 interior
33.3459 9.3731 33.3756 3009 interior
-7.0361 3.0535 -21.6859 3010 interior
-11.1251 2.2604 2.8448 3011 interior
-9.6220 4.9276 2.8448 3012 interior
-11.1109 3.1600 5.2578 3013 interior
-11.0473 1.8034 7.6200 3014 interior
-11.6449 7.4867 2.6416 3015 interior
-6.1637 9.1143 8.3211 3016 interior
-13.1953 5.1927 11.0244 3017 interior
-12.0438 4.9946 12.7308 3018 interior
-16.3506 13.0164 13.0285 3019 interior
-15.9394 17.1456 11.3927 3020 interior
-14.1232 17.1456 11.3927 3021 interior
-16.2108 15.6579 14.6256 3022 interior
-16.5591 16.8457 14.8215 3023 interior
-14.8479 14.9200 14.0996 3024 interior
-12.8260 8.8773 9.4933 3025 interior
-14.2687 10.9156 12.2237 3026 interior
-14.1996 15.7329 14.6114 3027 interior
-15.3797 4.4698 16.4237 3028 interior
-15.5682 5.0919 26.6813 3029 interior
-15.6465 7.0848 26.7175 3030 interior
-15.8682 3.9424 27.8222 3031 interior
-15.0969 7.3152 23.9471 3032 interior
-16.3893 7.7198 27.3658 3033 interior
-11.0179 4.0893 23.9762 3034 interior
-16.2189 10.4449 21.2564 3035 interior
-2.6621 6.5535 -0.0956 3036 interior
3.3107 2.3533 -12.2850 3037 interior
-1.1185 7.3913 -12.7795 3038 interior
2.1887 7.3914 -12.1842 3039 interior
5.7648 0.5687 -11.8110 3040 interior
5.7299 6.3487 -11.8618 3041 interior
9.2452 8.6104 -11.8882 3042 interior
7.5700 5.2219 -3.2018 3043 interior
4.0407 4.2154 6.6232 3044 interior
5.7635 1.8290 16.6519 3045 interior
8.7109 5.3263 1.7612 3046 interior
6.4684 5.4331 27.9677 3047 interior
9.6893 4.4802 1.0309 3048 interior
-2.6531 5.4289 0.0424 3049 interior
13.2123 9.3164 -26.0350 3050 interior
4.8768 5.6586 -12.9454 3051 interior
3.8940 3.2302 -10.5303 3052 interior
4.4572 1.8093 6.6480 3053 interior
19.2943 4.0327 -23.2293 3054 interior
18.2555 6.3737 -19.6206 3055 interior
17.0268 0.7244 -16.5590 3056 interior
18.5162 0.9910 -16.9648 3057 interior
18.5484 0.9547 -16.9513 3058 interior
18.4123 1.0027 -16.9436 3059 interior
18.7838 2.1294 -16.9513 3060 interior
18.7838 1.2192 -15.6908 3061 interior
21.9456 2.8448 -16.0226 3062 interior
20.9296 5.6896 -15.2908 3063 interior
33.9753 5.1584 -15.1844 3064 interior
18.1341 5.6896 -12.6842 3065 interior
16.2635 2.2908 -4.0919 3066 interior
16.1237 0.5708 -0.4255 3067 interior
16.5333 0.6049 -0.1410 3068 interior
20.0267 1.6778 -3.1270 3069 interior
22.5044 4.4704 -3.8994 3070 interior
25.6073 9.1184 1.7409 3071 interior
28.1620 1.6256 -10.8918 3072 interior
49.2132 1.8796 -25.6540 3073 interior
54.7121 3.8608 -25.2693 3074 interior
59.2572 2.4902 -24.3473 3075 interior
59.1820 3.1739 -25.2666 3076 interior
36.0916 6.4317 -18.0161 3077 interior
-11.4347 4.1692 28.5079 3078 interior
-8.8603 3.6521 29.0282 3079 interior
-10.8684 5.4346 28.1692 3080 interior
-13.2080 9.1948 26.1981 3081 interior
-10.1235 7.8793 28.8920 3082 interior
-10.1274 9.7449 28.8798 3083 interior
-13.0556 15.7757 28.8798 3084 interior
-17.0688 16.7168 30.8356 3085 interior
-2.6531 4.0925 6.0916 3086 interior
10.3240 2.6281 18.6446 3087 interior
63.0286 6.7927 -24.7904 3088 interior
64.2366 6.5024 -23.6220 3089 interior
17.2848 0.4057 17.2749 3090 interior
18.0445 0.5693 17.2747 3091 interior
18.1856 0.5684 17.2693 3092 interior
16.2281 2.5401 15.9333 3093 interior
20.8474 20.0911 35.0308 3094 interior
18.1998 0.5794 17.2398 3095 interior
45.5812 12.8167 -24.4560 3096 interior
28.7684 7.1083 -8.1530 3097 interior
27.9325 6.4029 -6.6777 3098 interior
28.8854 4.2526 -8.1547 3099 interior
25.2730 8.8257 5.1636 3100 interior
25.2729 9.1186 6.4241 3101 interior
27.6346 10.4597 6.2012 3102 interior
22.7816 6.0707 9.4289 3103 interior
18.3751 2.6702 16.5189 3104 interior
23.9804 8.1030 11.5981 3105 interior
20.2708 4.9530 15.3670 3106 interior
23.5212 6.9851 14.5383 3107 interior
25.7906 14.3473 22.5469 3108 interior
29.9463 4.1925 -15.6222 3109 interior
-16.9873 11.7868 35.1536 3110 interior
-17.0390 14.8082 35.6616 3111 interior
-11.9346 15.9143 31.5978 3112 interior
-12.7000 16.7168 28.9603 3113 interior
-15.1130 18.6922 26.9860 3114 interior
-15.7934 21.5259 28.1335 3115 interior
-13.9760 21.1082 28.1182 3116 interior
-13.1776 19.6967 27.4633 3117 interior
-11.3007 19.7109 28.9687 3118 interior
18.7799 6.0708 9.9406 3119 interior
29.9462 6.9857 -15.2162 3120 interior
16.5961 4.9530 13.1318 3121 interior
21.4182 6.9856 12.5320 3122 interior
21.6064 6.9850 13.8808 3123 interior
15.6254 2.8536 -0.5211 3124 interior
-4.4386 11.3417 29.8839 3125 interior
2.0068 12.4581 -26.4033 3126 interior
-2.6531 10.4680 13.0397 3127 interior
-12.4664 5.1561 -23.2537 3128 interior
-12.3147 3.0115 -22.5411 3129 interior
-14.8209 2.1336 -19.7580 3130 interior
-14.6304 0.9144 -18.3146 3131 interior
-14.9844 1.6378 -17.6990 3132 interior
-14.8209 2.5400 -17.7681 3133 interior
-11.3274 1.4575 -19.7846 3134 interior
-12.1326 3.6820 -19.8964 3135 interior
-15.1773 3.9624 -21.1328 3136 interior
-8.7545 5.4020 -21.8926 3137 interior
-15.7796 7.9111 1.7987 3138 interior
-7.0386 2.9116 -21.9881 3139 interior
-11.6463 10.2648 11.5606 3140 interior
-3.5346 7.1936 -6.2051 3141 interior
14.7860 5.6506 0.5450 3142 interior
13.9678 5.7929 -13.4613 3143 interior
12.8262 3.5698 0.9463 3144 interior
14.7860 10.2854 3.5024 3145 interior
-16.1833 6.9529 -24.1523 3146 interior
-16.7387 7.7753 -25.1819 3147 interior
-16.2560 7.4295 -21.1963 3148 interior
-16.1544 1.0344 -17.3488 3149 interior
-15.8257 1.8572 -17.3344 3150 interior
-16.0086 1.1165 -16.7220 3151 interior
-15.8567 2.0714 -16.8168 3152 interior
-16.2682 2.2471 -15.5025 3153 interior
-16.0186 4.4481 -17.6925 3154 interior
-16.1544 7.1120 -19.4532 3155 interior
-16.7522 9.2203 -18.3292 3156 interior
-17.0579 11.3740 -18.3495 3157 interior
-16.0634 4.0566 -12.8926 3158 interior
-16.4490 6.4294 -13.3051 3159 interior
-16.2592 0.7519 -11.2971 3160 interior
-16.2533 0.8088 -11.2440 3161 interior
-17.1375 5.0749 -11.1590 3162 interior
-17.0522 3.8526 -8.8465 3163 interior
-16.9135 0.6875 -6.1320 3164 interior
-17.4383 2.6677 -5.5174 3165 interior
-17.4383 2.8843 -5.5052 3166 interior
-17.0716 3.1168 -5.9490 3167 interior
-16.2701 3.6115 -6.4935 3168 interior
-16.7320 5.2682 -6.5453 3169 interior
-17.3301 7.1198 -8.9098 3170 interior
-17.1232 7.1099 -7.5674 3171 interior
-17.4194 7.1099 -6.3506 3172 interior
-16.9164 8.8291 -11.0179 3173 interior
-16.5937 10.1163 -5.4346 3174 interior
-17.3480 11.0053 -5.7997 3175 interior
-16.9164 8.9963 -9.8552 3176 interior
-16.8065 13.6897 -4.7473 3177 interior
-12.5222 3.8462 -22.4027 3178 interior
-14.7407 4.0482 -22.8266 3179 interior
-14.9997 1.2187 -17.3115 3180 interior
-14.6751 1.1178 -17.3237 3181 interior
-14.5349 1.0158 -16.1633 3182 interior
-14.1208 1.3852 -16.6040 3183 interior
-14.9985 2.0338 -17.3330 3184 interior
-14.9863 2.7975 -17.3231 3185 interior
-14.4240 2.9440 -15.2155 3186 interior
-14.9817 3.9480 -15.2288 3187 interior
-15.0691 3.8503 -12.6569 3188 interior
-10.2784 5.1667 -13.1777 3189 interior
-15.7957 5.0630 -14.1340 3190 interior
-12.4722 6.6664 -10.7810 3191 interior
-14.9952 1.6246 -17.3487 3192 interior
-13.4077 7.5438 -3.7486 3193 interior
-13.1354 1.5045 -19.8516 3194 interior
-13.5089 0.6617 -18.3100 3195 interior
-14.8259 2.9164 -17.3384 3196 interior
-14.6673 6.9300 -8.1377 3197 interior
-15.7226 5.3019 -20.3454 3198 interior
-12.5208 3.9857 -24.0792 3199 interior
-13.9285 4.6222 -22.9334 3200 interior
-11.9156 1.8004 -21.0404 3201 interior
-13.7599 3.1218 -19.3257 3202 interior
-15.1642 1.9487 -16.3848 3203 interior
-14.9948 2.2460 -17.3031 3204 interior
-14.9859 2.8517 -17.2123 3205 interior
-15.5872 3.0953 -16.2823 3206 interior
-14.2098 7.0373 -21.0962 3207 interior
-12.6724 9.5013 -8.5937 3208 interior
-14.9071 6.2382 -20.4946 3209 interior
-15.4313 10.3639 -4.9864 3210 interior
-14.0938 9.6254 -4.0559 3211 interior
-15.2654 11.4378 -4.1987 3212 interior
-11.9184 4.8891 -9.5660 3213 interior
-15.6087 4.6591 -18.0739 3214 interior
-15.0019 1.2648 -17.3130 3215 interior
-14.5533 5.3887 -18.9232 3216 interior
-15.2481 6.3999 -16.4624 3217 interior
-5.5905 1.5526 -23.0632 3218 interior
-3.9180 2.3380 -24.3512 3219 interior
-9.7032 -1.1950 -24.1310 3220 interior
-3.0924 4.3710 -23.8488 3221 interior
-5.5140 -0.6120 -24.3332 3222 interior
-3.1052 4.2164 -25.5214 3223 interior
-3.1051 4.2164 -24.1297 3224 interior
-4.7562 2.3346 -23.1753 3225 interior
-5.3932 -0.2056 -20.8292 3226 interior
-3.9180 2.3380 -21.7529 3227 interior
-3.0924 4.3710 -22.6584 3228 interior
-3.0924 4.3712 -21.7148 3229 interior
-3.1051 4.2164 -21.5396 3230 interior
-3.0925 4.3710 -20.8048 3231 interior
-2.7686 4.8006 -19.7581 3232 interior
-8.6778 4.7542 -19.3452 3233 interior
4.7024 5.7023 -24.3078 3234 interior
3.9790 6.0479 -22.2480 3235 interior
3.2766 4.8260 -19.0564 3236 interior
4.3264 5.7023 -21.6154 3237 interior
-5.6224 4.5466 -18.0739 3238 interior
-5.6134 3.9910 -18.0683 3239 interior
-3.2006 0.0253 -16.0274 3240 interior
-3.4746 4.2670 -16.8708 3241 interior
-3.4746 4.2052 -16.8323 3242 interior
-3.4595 4.0130 -16.5355 3243 interior
-3.8976 0.5207 -13.4011 3244 interior
-2.8225 4.0767 -15.2400 3245 interior
-2.9240 4.7400 -13.3716 3246 interior
-6.7534 5.2787 -8.1615 3247 interior
-1.6280 4.9032 -13.3734 3248 interior
1.3618 3.9987 -12.1732 3249 interior
1.8605 7.3915 -12.7834 3250 interior
2.8589 6.5060 -12.1169 3251 interior
3.3583 6.5061 -12.1842 3252 interior
3.4281 3.9831 -12.1732 3253 interior
4.1439 5.6131 -11.6461 3254 interior
3.7856 7.7263 -11.7430 3255 interior
3.8173 4.2408 -5.4801 3256 interior
2.5725 4.6601 -4.4566 3257 interior
-1.9755 3.2374 -13.2136 3258 interior
2.2224 9.0160 -11.9463 3259 interior
-2.1690 5.2091 -11.6718 3260 interior
2.3661 7.3914 -12.0317 3261 interior
-1.4933 0.0254 -12.2829 3262 interior
0.4469 1.8675 -12.2174 3263 interior
3.2777 1.7601 -12.3655 3264 interior
-0.7961 6.8740 -11.6162 3265 interior
1.3134 3.8662 -12.1732 3266 interior
-0.5902 6.4854 -4.0959 3267 interior
-16.7315 9.6296 3.4997 3268 interior
-12.5005 4.5199 -3.1939 3269 interior
-12.9290 9.7228 -2.1019 3270 interior
-12.7644 8.6741 -2.7451 3271 interior
-15.6715 10.5519 -2.9525 3272 interior
-12.5706 7.8907 -2.2083 3273 interior
-13.4519 3.7063 -3.5854 3274 interior
-12.2514 9.6351 -3.2482 3275 interior
-12.8932 9.6354 -1.2082 3276 interior
-14.6403 11.7084 -3.1425 3277 interior
-14.1026 12.3936 -0.6625 3278 interior
-14.0880 12.0764 -0.8406 3279 interior
-11.6601 8.2936 4.7085 3280 interior
-11.6463 4.2852 -1.6955 3281 interior
-10.3053 5.1928 -2.1840 3282 interior
-11.6412 5.6325 6.1946 3283 interior
-5.2430 3.5638 -1.8157 3284 interior
-5.9817 8.1437 4.8852 3285 interior
-5.4038 0.1108 12.0351 3286 interior
-7.3560 3.7239 11.3980 3287 interior
-6.9537 4.1404 11.3980 3288 interior
-6.3285 3.7145 11.8274 3289 interior
-5.3357 3.7157 11.8249 3290 interior
-4.6203 4.0897 11.4228 3291 interior
-4.1600 4.6672 11.3980 3292 interior
-4.1289 4.4509 11.4070 3293 interior
-4.1146 3.6931 11.4021 3294 interior
-4.0986 3.7020 11.4086 3295 interior
-5.8675 2.5718 27.9874 3296 interior
-3.3327 3.7321 11.4086 3297 interior
-3.9920 7.1459 8.9408 3298 interior
-2.9874 5.8982 -1.4067 3299 interior
-3.2500 1.5239 30.0736 3300 interior
0.7560 3.0607 -1.9021 3301 interior
0.7463 4.5163 -0.5368 3302 interior
1.4711 3.5785 -0.0165 3303 interior
-1.4743 4.8287 2.6295 3304 interior
-2.3131 2.5324 11.3980 3305 interior
-2.6720 3.7409 11.3980 3306 interior
-2.6006 4.2006 11.3980 3307 interior
-2.2305 4.7195 11.4162 3308 interior
-1.7500 5.5120 11.3980 3309 interior
-1.6490 6.0642 11.3980 3310 interior
-2.2100 6.0772 11.3980 3311 interior
-2.2445 6.4315 11.3980 3312 interior
-1.3319 7.0498 11.3980 3313 interior
-1.0005 5.0702 11.3980 3314 interior
-1.2492 4.9782 9.9589 3315 interior
2.0361 3.4652 11.5168 3316 interior
2.5289 9.0288 -0.6127 3317 interior
4.0220 2.9754 -0.4192 3318 interior
3.7592 4.3719 -0.3605 3319 interior
4.2287 1.0979 1.4124 3320 interior
4.4734 2.5457 1.6442 3321 interior
3.6797 9.1176 8.1609 3322 interior
-1.8669 2.2074 30.0736 3323 interior
1.8663 2.1853 20.5967 3324 interior
1.2690 9.0269 23.0972 3325 interior
8.0732 5.4173 -25.7094 3326 interior
8.3754 7.6212 -20.0549 3327 interior
10.7392 5.7023 -20.1343 3328 interior
18.6328 1.9915 -24.2143 3329 interior
13.5455 1.1428 -18.1530 3330 interior
15.4059 1.3836 -19.0410 3331 interior
13.4990 2.2164 -18.1524 3332 interior
13.8574 2.4228 -19.0058 3333 interior
16.2213 1.7674 -18.3206 3334 interior
17.0180 2.0320 -16.9129 3335 interior
16.3938 2.6653 -17.7637 3336 interior
15.6104 3.6284 -17.4249 3337 interior
14.7879 5.3701 -19.0965 3338 interior
16.2383 5.6377 -18.5883 3339 interior
17.1923 5.3156 -18.4941 3340 interior
14.1733 7.3103 -16.5748 3341 interior
17.6794 0.7523 -18.7219 3342 interior
17.3523 1.1452 -18.2531 3343 interior
17.3356 2.7868 -18.2216 3344 interior
20.2987 2.4154 -17.9840 3345 interior
18.0480 3.5819 -18.7122 3346 interior
17.4264 4.6732 -18.6294 3347 interior
22.3597 5.0639 -25.2596 3348 interior
17.9598 0.9446 -16.1160 3349 interior
9.7098 7.5898 -14.3623 3350 interior
7.9382 4.9532 -15.5273 3351 interior
9.8636 6.3214 -15.2803 3352 interior
12.8554 4.1541 -14.6027 3353 interior
18.0205 0.9233 -15.7075 3354 interior
24.4183 6.1536 -13.8841 3355 interior
10.2745 6.2878 -12.1732 3356 interior
23.9718 5.5739 -13.4867 3357 interior
7.9195 5.6888 -11.9134 3358 interior
8.0272 5.2887 -11.9135 3359 interior
13.2450 3.8815 -12.7217 3360 interior
7.9593 4.5202 -11.8591 3361 interior
7.0105 8.6106 -11.8618 3362 interior
7.8232 8.6106 -11.8838 3363 interior
7.8514 8.6104 -11.8882 3364 interior
11.3947 4.1707 -12.5488 3365 interior
12.2018 4.5202 -11.8072 3366 interior
4.8466 3.5867 -12.0159 3367 interior
4.8466 6.5021 -11.7956 3368 interior
6.0958 6.0733 -11.7264 3369 interior
7.2065 2.7578 -12.1465 3370 interior
7.7361 6.2549 -11.7092 3371 interior
8.0272 5.2900 -11.8662 3372 interior
9.7974 5.3544 -12.1577 3373 interior
12.8613 4.5587 -13.3890 3374 interior
9.9471 2.9818 -12.1465 3375 interior
9.5551 7.0382 -12.1732 3376 interior
4.8821 2.6096 1.1310 3377 interior
5.1777 1.1071 2.6817 3378 interior
5.1452 9.1176 -6.5238 3379 interior
7.5842 4.5584 -9.9174 3380 interior
12.6552 4.9826 -9.9174 3381 interior
9.9546 5.0276 -3.4918 3382 interior
13.7479 3.1958 -10.3632 3383 interior
13.9954 4.3706 -4.5742 3384 interior
14.5968 2.3433 -8.0566 3385 interior
25.1623 9.0261 1.3233 3386 interior
15.5099 7.6473 1.9558 3387 interior
16.3755 5.4822 -6.9696 3388 interior
5.6179 8.9311 -6.4887 3389 interior
21.3843 6.1023 -0.8433 3390 interior
14.5435 2.4191 -9.5179 3391 interior
14.5920 6.9014 -9.9174 3392 interior
25.6073 9.1184 3.3583 3393 interior
16.6268 4.5087 13.2025 3394 interior
19.1036 6.9850 11.9718 3395 interior
9.2583 0.3116 15.8115 3396 interior
9.2456 0.7083 15.8242 3397 interior
13.9512 4.9530 13.7404 3398 interior
16.4599 4.9530 13.7406 3399 interior
21.5049 6.9850 13.8317 3400 interior
9.8211 1.7518 19.6651 3401 interior
9.0367 11.0704 25.6983 3402 interior
7.5133 11.0927 26.4414 3403 interior
10.8704 5.5345 -26.2861 3404 interior
-15.2099 2.1044 -16.8498 3405 interior
-3.4441 3.3459 -20.3200 3406 interior
-1.7488 4.8164 -25.7631 3407 interior
-0.1859 5.9097 -25.7262 3408 interior
-2.6531 5.6846 -26.0964 3409 interior
-14.9902 3.7492 -15.7325 3410 interior
-2.6144 6.4859 -17.7841 3411 interior
1.5542 5.4850 -21.7196 3412 interior
-6.5886 10.5844 -19.3834 3413 interior
-6.5669 12.5586 -19.4260 3414 interior
3.0511 7.7074 -16.8167 3415 interior
8.3215 3.3739 -19.0032 3416 interior
-15.3516 3.9620 -12.2997 3417 interior
-15.4798 3.6424 -11.6317 3418 interior
-17.0092 0.8215 -5.6139 3419 interior
-17.0054 0.8245 -5.4186 3420 interior
-17.0324 1.3893 -5.5484 3421 interior
-13.6639 3.9690 -5.4506 3422 interior
-17.4275 7.0866 -8.7122 3423 interior
-17.2109 6.6294 -6.3519 3424 interior
-12.6587 4.5716 -6.4516 3425 interior
-13.4429 7.6304 1.4224 3426 interior
-11.6322 8.3364 6.5068 3427 interior
-4.7304 2.7354 14.6272 3428 interior
-5.9551 4.1501 11.3980 3429 interior
-4.4317 5.4569 11.4228 3430 interior
-5.9188 2.4386 30.1754 3431 interior
-3.4042 2.0444 30.1754 3432 interior
-8.4306 4.0385 7.8266 3433 interior
-11.1081 9.3980 13.0586 3434 interior
-9.6244 3.4544 -3.2325 3435 interior
-3.0734 3.7465 -0.1175 3436 interior
-7.4325 6.8362 -2.8403 3437 interior
-5.5372 2.0320 11.4528 3438 interior
-6.6739 4.5974 11.3980 3439 interior
-5.1525 4.0894 11.4038 3440 interior
-6.1217 5.6896 11.3980 3441 interior
-4.3180 3.5638 13.1572 3442 interior
-3.9758 5.3309 11.4139 3443 interior
-4.1771 3.5843 18.0513 3444 interior
-2.7294 5.3246 -14.0268 3445 interior
-5.2204 5.8256 -13.8069 3446 interior
-5.1309 2.4850 -11.1444 3447 interior
-5.5091 1.4189 -7.6690 3448 interior
-6.1722 2.0500 -7.1418 3449 interior
-6.2123 3.1896 -7.3493 3450 interior
-5.7999 3.5381 -7.3518 3451 interior
-4.9276 3.0780 -7.6869 3452 interior
-4.9276 3.5725 -7.6792 3453 interior
-5.4483 5.4966 -7.2364 3454 interior
-3.4288 4.2438 -4.3960 3455 interior
-3.9676 4.2209 0.8102 3456 interior
-5.0566 4.7259 2.0617 3457 interior
-6.1574 10.8965 11.4020 3458 interior
-4.7930 3.0184 11.4528 3459 interior
-3.4435 5.2776 32.4592 3460 interior
-3.0610 2.8021 39.6382 3461 interior
-2.6531 5.2322 -12.5235 3462 interior
-2.1463 3.6151 -1.8669 3463 interior
1.8288 4.4704 -7.1240 3464 interior
-0.2291 2.7862 0.4288 3465 interior
2.6494 2.0987 -12.2589 3466 interior
0.0707 4.0958 -13.6256 3467 interior
-1.9437 5.3818 5.3326 3468 interior
2.2376 2.8448 8.0175 3469 interior
0.0933 4.7348 9.5603 3470 interior
2.5913 3.5707 6.6214 3471 interior
-1.0114 6.6945 11.3980 3472 interior
-0.4572 1.8034 9.4835 3473 interior
-1.0442 4.7305 11.3980 3474 interior
2.4733 0.2352 5.5118 3475 interior
-0.2398 7.3152 5.1689 3476 interior
1.2618 4.7752 9.4017 3477 interior
1.8542 8.0183 15.3931 3478 interior
2.6468 3.4457 16.3102 3479 interior
1.8188 4.5439 24.8724 3480 interior
0.6455 9.1397 29.4458 3481 interior
3.1004 8.1915 7.3552 3482 interior
1.0664 2.7384 16.5225 3483 interior
-2.6529 8.3181 -2.4765 3484 interior
-1.3480 4.5120 -1.6231 3485 interior
0.2130 4.0233 -10.0115 3486 interior
3.0381 5.5532 -13.2327 3487 interior
-0.4333 4.0385 -1.1629 3488 interior
2.9696 5.6858 -11.5972 3489 interior
3.0922 1.8772 -2.5159 3490 interior
3.1025 1.8766 -0.8736 3491 interior
-1.6411 3.7067 4.1402 3492 interior
3.1025 1.8766 1.5435 3493 interior
2.7055 1.8017 4.9994 3494 interior
0.5111 1.9588 8.9341 3495 interior
0.5485 4.4439 9.8560 3496 interior
-2.4546 4.2677 -14.2093 3497 interior
-1.4819 4.1400 -6.5019 3498 interior
1.2841 3.9883 -12.1701 3499 interior
1.2559 4.8640 -10.8000 3500 interior
0.2430 6.0280 -10.7213 3501 interior
2.1154 5.9070 -13.5933 3502 interior
2.8999 3.9037 -13.5887 3503 interior
3.2044 3.0946 -14.2703 3504 interior
3.3828 7.4643 -13.5668 3505 interior
2.9868 3.3865 -6.0973 3506 interior
-0.8128 5.1816 -3.8608 3507 interior
-0.0197 2.1547 -1.8795 3508 interior
-0.3979 0.3462 0.0540 3509 interior
1.8256 1.7141 -0.3243 3510 interior
0.1277 0.7757 0.1191 3511 interior
-1.7328 4.3001 0.1233 3512 interior
0.7696 2.0183 0.9247 3513 interior
-1.6068 4.4230 5.5170 3514 interior
-0.6181 3.6576 5.8928 3515 interior
0.0111 4.3256 6.8163 3516 interior
-2.1050 1.5860 11.7697 3517 interior
-2.5747 3.7903 11.4283 3518 interior
-2.4638 4.8260 11.3980 3519 interior
-1.6564 4.5212 11.8174 3520 interior
-1.6439 5.8131 11.7713 3521 interior
-2.4638 6.1756 11.3980 3522 interior
-1.6633 6.1976 11.7697 3523 interior
-0.6076 6.1693 11.1256 3524 interior
0.4739 3.4576 14.6272 3525 interior
-2.4062 2.1130 17.2427 3526 interior
2.5724 4.3937 20.9210 3527 interior
-2.2008 6.4478 21.1981 3528 interior
3.3847 6.5487 23.8614 3529 interior
-1.1456 3.6729 31.0280 3530 interior
-1.4556 5.8391 32.1791 3531 interior
0.1600 6.4387 32.6798 3532 interior
1.5946 6.2460 34.1447 3533 interior
1.6223 7.5331 32.3952 3534 interior
0.5536 9.8521 31.3622 3535 interior
2.5804 14.3358 31.2893 3536 interior
0.5044 2.3444 36.3600 3537 interior
0.5125 3.0885 38.2902 3538 interior
-0.2780 8.2571 37.7327 3539 interior
-1.2539 7.8901 40.4429 3540 interior
0.7377 7.6406 40.9299 3541 interior
4.0551 5.6757 -11.6461 3542 interior
4.8260 2.4197 -7.7343 3543 interior
6.8104 4.2868 -11.9004 3544 interior
5.7261 3.2581 -8.2569 3545 interior
10.2108 3.4222 -10.2622 3546 interior
5.7774 6.4624 -11.2736 3547 interior
8.1343 10.0696 -12.8692 3548 interior
11.0450 10.0106 -12.8035 3549 interior
7.8355 5.7393 -7.1500 3550 interior
6.4414 3.6994 -11.7494 3551 interior
5.2741 6.2820 -12.1732 3552 interior
6.8344 8.0139 -12.5122 3553 interior
6.4432 6.5318 -5.6857 3554 interior
10.1600 3.5223 -7.9407 3555 interior
7.1120 4.4704 -11.8015 3556 interior
5.0094 5.7691 -11.2308 3557 interior
7.2767 1.9150 -4.8287 3558 interior
5.7390 0.1080 -4.2031 3559 interior
4.1137 3.6209 -1.4377 3560 interior
10.1804 4.4383 -4.0910 3561 interior
6.3182 3.5207 5.0001 3562 interior
5.7715 3.0984 11.1912 3563 interior
4.5437 2.7205 7.1637 3564 interior
9.5945 1.9085 13.7885 3565 interior
7.2293 7.1038 27.0031 3566 interior
4.7639 9.0258 27.2673 3567 interior
4.9278 1.8476 28.7024 3568 interior
4.9278 3.3823 29.4899 3569 interior
4.2056 5.4447 29.5455 3570 interior
4.9566 5.2889 28.9934 3571 interior
4.6024 5.4447 29.2258 3572 interior
4.9446 5.4447 29.5282 3573 interior
4.6856 8.4153 30.9747 3574 interior
8.6574 1.7186 29.1186 3575 interior
7.5972 9.4482 37.5235 3576 interior
5.1525 2.5355 -11.8884 3577 interior
6.7118 5.6532 -12.7538 3578 interior
10.6218 10.0376 -0.4170 3579 interior
7.3156 2.2759 2.7640 3580 interior
7.2091 9.7305 6.8316 3581 interior
10.2933 2.0320 13.2371 3582 interior
4.9656 0.1373 14.4178 3583 interior
11.1077 10.3980 25.8040 3584 interior
6.8034 8.0264 15.6493 3585 interior
8.7381 3.4357 -11.8027 3586 interior
9.1724 8.5877 -13.3198 3587 interior
7.4494 2.4949 -8.7097 3588 interior
4.0553 2.4827 1.4263 3589 interior
5.5545 1.0607 3.6723 3590 interior
8.3131 5.3053 10.9834 3591 interior
3.7052 6.5223 0.0306 3592 interior
4.9215 6.6647 -0.6003 3593 interior
5.4697 3.9927 -12.1732 3594 interior
7.0583 11.3583 36.0856 3595 interior
4.7003 5.2066 -13.4009 3596 interior
5.2977 5.6190 -12.6212 3597 interior
7.8963 4.5634 -12.1732 3598 interior
11.1833 1.9779 -10.2665 3599 interior
10.7781 2.0750 -11.6128 3600 interior
9.5401 3.0352 -12.1732 3601 interior
10.5231 3.0326 -12.1732 3602 interior
9.5615 3.9876 -12.1732 3603 interior
10.5441 3.4391 -12.1732 3604 interior
10.3303 3.9256 -12.1732 3605 interior
9.6925 4.8631 -12.1429 3606 interior
9.5551 6.6543 -12.1468 3607 interior
8.1759 8.6953 -13.0193 3608 interior
6.2257 4.4220 -7.6073 3609 interior
6.4182 4.2859 -2.8607 3610 interior
4.3855 2.9541 -0.4192 3611 interior
6.0710 5.8061 7.8234 3612 interior
12.3481 17.8065 27.6493 3613 interior
6.5472 2.5948 29.7844 3614 interior
5.4793 8.4340 29.6672 3615 interior
19.3452 1.7156 -23.4789 3616 interior
16.1876 5.5971 -22.5614 3617 interior
22.0472 5.6511 -21.3741 3618 interior
16.5744 4.1540 -19.1234 3619 interior
12.9603 9.1833 -19.3036 3620 interior
15.8994 9.5333 -19.2715 3621 interior
16.2770 5.3651 -19.5771 3622 interior
15.5585 2.9396 -19.0994 3623 interior
16.3441 8.3808 -19.1880 3624 interior
20.4752 4.6455 -19.1092 3625 interior
17.1270 0.9876 -16.9209 3626 interior
17.0427 0.8915 -16.4717 3627 interior
17.0186 1.9096 -16.3523 3628 interior
16.9902 3.6818 -16.8174 3629 interior
16.2498 4.5454 -16.4592 3630 interior
15.9852 5.3631 -15.7714 3631 interior
15.3733 7.0067 -17.9871 3632 interior
18.0669 1.0016 -17.4088 3633 interior
17.9392 1.4389 -17.0154 3634 interior
17.9765 1.9421 -18.4159 3635 interior
17.9179 1.4141 -16.1526 3636 interior
17.4958 1.4451 -16.1510 3637 interior
17.8294 1.4318 -16.0909 3638 interior
18.5149 0.9196 -16.0437 3639 interior
18.5392 0.9345 -15.5791 3640 interior
18.5516 1.0380 -15.6975 3641 interior
18.0613 1.3709 -15.9066 3642 interior
18.3605 1.4341 -15.8738 3643 interior
18.0036 2.2164 -16.8875 3644 interior
18.1033 3.1200 -14.9342 3645 interior
17.8756 3.6180 -16.9106 3646 interior
19.6414 3.2766 -16.2182 3647 interior
20.0876 4.5646 -16.8676 3648 interior
18.4884 6.5699 -14.7828 3649 interior
16.7973 5.3773 -13.8226 3650 interior
20.6227 5.7651 -13.1741 3651 interior
15.8419 9.5309 -12.9838 3652 interior
15.7428 6.1040 -11.0022 3653 interior
19.2244 4.5719 -12.8174 3654 interior
21.7451 5.3587 -15.0716 3655 interior
21.6023 5.7783 -10.7215 3656 interior
22.9863 2.3504 -18.0092 3657 interior
24.3864 4.5649 -17.8835 3658 interior
23.8763 2.5398 -12.1166 3659 interior
23.9964 5.0365 -13.7597 3660 interior
23.9964 5.5071 -12.6653 3661 interior
23.9964 5.5071 -12.1724 3662 interior
23.9964 5.5227 -11.0380 3663 interior
24.8293 7.3315 -10.0064 3664 interior
26.8438 4.1117 -18.3418 3665 interior
15.4718 4.4921 -9.4727 3666 interior
14.0192 9.0732 -9.1449 3667 interior
16.3163 7.2892 -9.0651 3668 interior
18.1156 8.4933 -9.0868 3669 interior
22.4101 6.9383 -8.8788 3670 interior
16.2528 4.9828 -8.3976 3671 interior
21.0218 4.5988 -8.0692 3672 interior
20.0124 5.7729 -5.6607 3673 interior
20.0775 5.7029 -7.3958 3674 interior
15.8103 6.1606 -7.1678 3675 interior
26.2508 4.8602 -8.4581 3676 interior
14.9661 2.7246 -7.5692 3677 interior
17.0067 2.7251 -7.6078 3678 interior
19.6762 4.0180 -5.2475 3679 interior
16.2747 2.7121 -7.5692 3680 interior
17.5277 5.5240 -7.5737 3681 interior
16.1679 8.2739 -7.2947 3682 interior
19.6690 4.8728 -7.2244 3683 interior
23.9778 3.0664 -7.7979 3684 interior
24.1754 1.7714 -4.5466 3685 interior
25.7802 2.0320 -4.2874 3686 interior
25.6889 5.2832 -4.3927 3687 interior
19.8481 8.0609 -7.3900 3688 interior
23.9964 5.8954 -8.3224 3689 interior
23.9964 5.9370 -7.5865 3690 interior
23.9964 6.5384 -7.1155 3691 interior
20.2246 10.7399 -7.0683 3692 interior
29.2610 3.5985 -15.2146 3693 interior
31.6506 3.0507 -19.8469 3694 interior
31.7724 4.3767 -16.0602 3695 interior
33.2654 6.8220 -22.9970 3696 interior
33.1648 6.9040 -15.8750 3697 interior
28.1149 7.8787 -5.6760 3698 interior
28.6825 7.5149 -8.1414 3699 interior
31.2667 5.1989 -9.9426 3700 interior
30.6896 4.1738 -9.9960 3701 interior
31.1247 2.8750 -13.7563 3702 interior
30.4612 3.6576 -8.2025 3703 interior
29.6453 5.1197 -6.2976 3704 interior
27.5795 5.6007 -20.3695 3705 interior
31.5293 4.4860 -17.9660 3706 interior
28.4191 2.6844 -12.3223 3707 interior
31.1784 2.4944 -19.9722 3708 interior
31.6682 7.6038 -19.9249 3709 interior
29.6672 2.4384 -6.4732 3710 interior
33.0998 2.6285 -5.4990 3711 interior
27.2288 7.4756 -4.2100 3712 interior
26.7233 7.6680 -3.8311 3713 interior
19.7578 5.9215 -3.3669 3714 interior
25.3255 4.8768 -3.1534 3715 interior
22.4819 13.0459 -2.4348 3716 interior
21.7315 2.5150 -1.9844 3717 interior
28.9890 7.5552 -1.4322 3718 interior
31.3802 7.4552 -1.4756 3719 interior
21.9945 5.7192 -1.7272 3720 interior
29.7147 5.6982 -1.3081 3721 interior
27.6120 6.0690 -2.2098 3722 interior
17.0861 0.8097 2.0671 3723 interior
20.8446 2.8875 2.9235 3724 interior
26.3871 -0.4878 2.9523 3725 interior
23.6717 6.0391 1.9311 3726 interior
27.4667 4.1180 2.4037 3727 interior
18.5053 5.8950 3.0584 3728 interior
24.5264 6.3163 3.5610 3729 interior
25.2598 7.0526 2.1598 3730 interior
26.3002 6.9831 3.3679 3731 interior
26.4616 7.5286 3.5336 3732 interior
16.9023 0.7232 1.7567 3733 interior
26.3625 5.7553 0.6750 3734 interior
23.2461 7.7481 4.0649 3735 interior
22.9418 9.5762 3.6738 3736 interior
15.9536 0.9603 6.2082 3737 interior
17.1214 6.4181 7.7678 3738 interior
16.3626 5.5153 8.4842 3739 interior
13.2100 6.3871 11.0847 3740 interior
18.1421 4.0489 6.0976 3741 interior
28.0358 5.6517 6.8970 3742 interior
23.0268 3.3719 10.7713 3743 interior
23.7046 6.8072 8.0748 3744 interior
23.7096 6.8072 9.8939 3745 interior
27.5369 11.9228 8.3483 3746 interior
29.2354 11.0490 8.7867 3747 interior
27.8505 4.7879 10.7929 3748 interior
33.9893 4.1605 11.2568 3749 interior
21.5580 1.4508 6.2062 3750 interior
26.8155 4.2354 7.1675 3751 interior
19.0138 1.2258 9.4646 3752 interior
21.4192 2.4088 8.4081 3753 interior
21.2900 5.0110 8.4026 3754 interior
23.8052 1.0160 10.1368 3755 interior
29.3638 11.0491 8.6857 3756 interior
26.7818 4.1374 11.1935 3757 interior
20.5769 3.8012 7.8679 3758 interior
19.0030 4.5732 10.7359 3759 interior
25.6951 6.6877 6.1190 3760 interior
22.1796 10.5322 9.6041 3761 interior
27.1447 7.6991 11.9295 3762 interior
16.6792 9.2117 15.7726 3763 interior
18.1547 8.4811 19.8340 3764 interior
26.4149 6.9911 13.2185 3765 interior
29.0019 4.3754 15.9217 3766 interior
23.5839 5.0800 15.0114 3767 interior
27.8209 2.3598 16.4054 3768 interior
27.3329 8.5387 15.5002 3769 interior
27.5339 5.5308 18.0446 3770 interior
23.5796 5.4371 20.4245 3771 interior
17.7404 4.9840 22.9478 3772 interior
17.2979 0.4688 26.1193 3773 interior
17.2274 0.4688 26.5242 3774 interior
18.3654 2.8997 27.4795 3775 interior
15.9459 1.6762 28.1216 3776 interior
14.4398 8.1910 26.4162 3777 interior
13.3258 17.6870 27.8269 3778 interior
13.0893 18.1731 28.3492 3779 interior
13.1901 18.2224 29.3411 3780 interior
13.8818 18.2132 29.3538 3781 interior
14.8636 18.2053 29.2275 3782 interior
15.1682 18.2059 28.7426 3783 interior
15.7708 18.0363 29.0050 3784 interior
18.9459 9.2238 23.2951 3785 interior
18.5809 1.6762 29.9504 3786 interior
14.1224 9.3313 30.4165 3787 interior
22.4046 1.6764 23.2666 3788 interior
22.4883 1.6762 22.9935 3789 interior
24.6568 0.5106 27.4467 3790 interior
22.6924 9.4212 27.6064 3791 interior
23.6212 9.5919 27.5498 3792 interior
27.1274 9.7230 29.0107 3793 interior
27.4157 14.7479 22.5681 3794 interior
25.1199 18.1442 28.4255 3795 interior
26.3582 18.1730 28.9080 3796 interior
27.2473 18.2119 28.9787 3797 interior
29.8554 1.5754 29.0046 3798 interior
32.2072 8.7362 24.3916 3799 interior
33.7118 1.6087 35.3424 3800 interior
28.1863 18.2126 28.9823 3801 interior
29.0263 18.2105 28.9474 3802 interior
28.8122 18.2053 28.9692 3803 interior
37.9378 4.2151 -21.2734 3804 interior
37.2250 5.0640 -15.2449 3805 interior
36.3982 -1.4375 -11.7652 3806 interior
40.8362 5.1325 -19.5089 3807 interior
41.6052 6.5024 -17.3736 3808 interior
36.3982 -1.4375 -9.7593 3809 interior
38.4399 5.3649 -8.4047 3810 interior
37.2022 -1.4571 -7.4316 3811 interior
39.3295 6.2227 -8.1468 3812 interior
40.1355 6.8067 -8.1468 3813 interior
40.4284 7.5946 -8.1468 3814 interior
40.7512 7.9412 -7.8676 3815 interior
41.4248 7.3280 -7.7322 3816 interior
42.1720 8.4307 -7.6076 3817 interior
36.9122 1.9611 -6.2199 3818 interior
37.6936 6.3331 -8.2374 3819 interior
40.4495 7.4967 -7.8469 3820 interior
36.6411 3.3539 -6.8072 3821 interior
36.3275 6.9958 -8.3970 3822 interior
39.3607 1.0611 -6.2426 3823 interior
35.6474 4.3102 -8.1693 3824 interior
38.3523 3.6440 -8.1468 3825 interior
37.9228 4.7159 -8.1468 3826 interior
38.1567 5.7393 -8.1468 3827 interior
38.6069 5.4906 -8.1468 3828 interior
39.0337 6.8562 -8.1468 3829 interior
37.6936 7.7216 -7.8113 3830 interior
39.3958 8.5834 -7.7843 3831 interior
40.7520 7.9185 -8.0455 3832 interior
41.3098 8.1629 -7.6390 3833 interior
41.1225 8.6360 -7.7216 3834 interior
42.1526 8.1628 -7.4102 3835 interior
37.7603 12.3352 -6.0284 3836 interior
42.9237 7.4829 -12.0900 3837 interior
43.2945 5.0079 -18.9071 3838 interior
43.3743 4.9191 -17.4151 3839 interior
43.6390 2.8698 -26.1810 3840 interior
45.1382 6.5405 -17.4322 3841 interior
43.7701 5.9569 -18.7285 3842 interior
45.3244 2.6911 -25.3942 3843 interior
44.0603 4.0920 -13.7838 3844 interior
36.0263 -2.6416 -4.3664 3845 interior
38.1234 -2.6416 -4.3516 3846 interior
36.1307 3.6576 -3.7592 3847 interior
39.3700 7.2529 -3.8928 3848 interior
35.9809 4.3955 -2.6896 3849 interior
46.0523 2.1775 -25.1443 3850 interior
45.5963 1.5047 -22.3418 3851 interior
46.2529 2.7833 -19.4688 3852 interior
46.2340 1.0923 -5.8665 3853 interior
47.7382 7.2632 -26.3215 3854 interior
48.8442 7.4829 -16.3387 3855 interior
52.6142 6.3691 -19.7751 3856 interior
60.1977 8.5556 -17.1544 3857 interior
48.8698 5.8598 -24.0960 3858 interior
56.5809 6.5538 -23.5347 3859 interior
45.5931 2.2783 -23.9485 3860 interior
52.8865 2.3077 -22.6628 3861 interior
52.1494 8.2820 -20.9804 3862 interior
53.5142 1.1763 -24.3586 3863 interior
56.1465 6.5024 -13.3581 3864 interior
64.3126 6.9146 -23.4655 3865 interior
49.4327 2.1014 -23.3974 3866 interior
45.4941 6.8487 -16.2306 3867 interior
46.6381 2.1209 -25.0951 3868 interior
49.9298 2.4364 -24.9895 3869 interior
48.4350 3.0631 -20.1254 3870 interior
52.4026 9.3210 -19.4813 3871 interior
48.1769 14.4582 -5.1180 3872 interior
66.1620 7.6898 -24.0340 3873 interior
46.3122 1.6659 -24.8851 3874 interior
45.7957 4.0749 -25.2599 3875 interior
45.6563 1.5233 -22.2563 3876 interior
47.6269 2.7488 -25.6971 3877 interior
46.5404 2.6264 -22.4790 3878 interior
46.3275 0.7037 -20.4572 3879 interior
47.1180 2.2551 -20.4694 3880 interior
46.7620 3.0385 -20.2306 3881 interior
47.4376 5.1577 -17.9026 3882 interior
46.4196 5.5762 -15.9180 3883 interior
50.0342 2.7630 -23.6155 3884 interior
51.1152 4.9099 -17.1073 3885 interior
52.6122 8.0900 -21.8428 3886 interior
51.7975 8.0969 -14.9240 3887 interior
50.7803 8.5622 -9.6244 3888 interior
52.9043 7.8123 -10.5859 3889 interior
64.7375 7.3887 -23.6281 3890 interior
56.4705 6.1168 -11.5542 3891 interior
57.5848 11.1244 -15.5684 3892 interior
58.2788 11.0564 -13.0100 3893 interior
60.7323 11.2068 -14.0929 3894 interior
45.0942 7.4435 0.8385 3895 interior
35.8971 6.4140 21.3874 3896 interior
34.9893 12.5668 23.7125 3897 interior
42.3872 19.5907 17.0672 3898 interior
-87.9061 18.0882 -75.4391 0 boundary
-67.9750 6.0256 -87.0138 0 boundary
-56.5685 8.3890 -101.0062 0 boundary
-56.8099 15.5660 -101.1663 0 boundary
-50.1498 17.1022 -73.1096 0 boundary
-48.5207 3.1561 -79.0304 0 boundary
-108.5937 8.7171 -63.8926 0 boundary
-106.0892 22.6655 -62.2702 0 boundary
-80.3734 6.6669 -52.8350 0 boundary
-83.0117 3.3915 -69.1175 0 boundary
-80.1534 19.7027 -46.5096 0 boundary
-70.3944 11.2281 -56.4251 0 boundary
-50.8313 0.7307 -62.1025 0 boundary
-56.3196 3.2230 -48.7680 0 boundary
-63.3892 11.9126 -41.8706 0 boundary
-60.6802 2.6801 -27.0888 0 boundary
-21.8025 18.0349 -79.3475 0 boundary
-33.5607 3.0453 -54.7081 0 boundary
-42.1414 0.3602 -47.2425 0 boundary
-71.0164 10.2404 -11.6784 0 boundary
-85.6155 18.8124 11.0681 0 boundary
-80.8101 12.1476 6.3119 0 boundary
-62.9076 8.2160 14.4437 0 boundary
-56.3798 9.2346 6.0591 0 boundary
-54.6467 10.6691 -11.2109 0 boundary
-43.4349 4.7615 -4.7203 0 boundary
-33.9477 8.7113 -19.8858 0 boundary
-53.0642 14.7810 22.0923 0 boundary
-87.1982 13.1306 25.5854 0 boundary
-79.4512 11.5784 35.1863 0 boundary
-64.5924 9.7896 36.9853 0 boundary
-58.4563 3.3054 31.9483 0 boundary
-43.6996 3.7445 32.0907 0 boundary
-43.3180 15.0141 32.0284 0 boundary
-23.1582 7.2225 16.2748 0 boundary
-14.1538 9.1709 -104.8416 0 boundary
0.1016 19.5832 -100.6118 0 boundary
-5.0445 11.0834 -89.6821 0 boundary
3.1137 -0.3461 -71.2229 0 boundary
2.1090 17.1061 -78.0767 0 boundary
-5.3497 6.9088 -63.6819 0 boundary
7.5162 10.8633 -50.8508 0 boundary
20.8698 10.7696 -86.3604 0 boundary
30.1083 7.3074 -74.8369 0 boundary
60.0021 7.2825 -57.5062 0 boundary
21.8049 6.3881 -43.0481 0 boundary
5.7236 4.5459 -39.7094 0 boundary
44.3099 5.0533 -40.3515 0 boundary
54.9628 1.3325 -39.4299 0 boundary
23.5163 7.0258 -30.8479 0 boundary
-15.8501 14.7659 16.4076 0 boundary
-0.2291 3.3256 1.9498 0 boundary
-15.5682 5.0919 26.6813 0 boundary
-17.0688 16.7168 30.8356 0 boundary
-16.2701 3.6115 -6.4935 0 boundary
-13.1354 1.5045 -19.8516 0 boundary
-6.5669 12.5586 -19.4260 0 boundary
2.5724 4.3937 20.9210 0 boundary
1.5946 6.2460 34.1447 0 boundary
10.6218 10.0376 -0.4170 0 boundary
15.9459 1.6762 28.1216 0 boundary
40.4495 7.4967 -7.8469 0 boundary
53.5142 1.1763 -24.3586 0 boundary
52.4026 9.3210 -19.4813 0 boundary
35.8971 6.4140 21.3874 0 boundary
42.3872 19.5907 17.0672 0 boundary
