# PVS Probes: 7101 total (48 boundary, 7053 interior)
# Format: x y z island_id type
-38.9962 8.3612 -64.2467 0 interior
-81.7392 6.4359 -35.8084 1 interior
-76.5134 3.0734 -32.3004 2 interior
-76.7974 12.1014 -35.9280 3 interior
-76.2491 11.2550 -35.8569 4 interior
-80.7200 -2.1419 -30.4514 5 interior
-81.1695 2.8448 -29.2915 6 interior
-79.7331 2.8448 -29.9713 7 interior
-80.7193 1.1270 -29.7041 8 interior
-82.5445 4.7752 -29.4987 9 interior
-81.1903 5.3086 -29.2882 10 interior
-80.8233 4.6832 -29.4571 11 interior
-79.9662 5.3086 -30.6100 12 interior
-82.1220 6.4008 -29.2559 13 interior
-80.9101 6.4008 -29.4099 14 interior
-81.0021 6.6548 -30.2179 15 interior
-81.3014 6.6548 -30.0784 16 interior
-80.4266 6.6548 -30.4863 17 interior
-81.1434 8.6679 -29.5566 18 interior
-81.7598 10.0867 -31.7366 19 interior
-81.7729 4.6228 -29.0107 20 interior
-81.3224 4.6228 -29.2235 21 interior
-81.1643 4.6228 -29.2873 22 interior
-80.7666 4.6228 -29.5142 23 interior
-80.0931 4.6228 -29.7831 24 interior
-79.8562 4.6228 -29.9002 25 interior
-80.6557 6.1798 -28.9789 26 interior
-82.8152 -0.4484 -29.6091 27 interior
-81.1819 0.2836 -30.3645 28 interior
-82.3591 -0.4295 -29.7294 29 interior
-81.3647 -0.3618 -30.1153 30 interior
-80.7029 6.6548 -30.3402 31 interior
-82.6421 -0.5590 -28.0884 32 interior
-81.7854 -1.7349 -28.2838 33 interior
-85.0720 2.8336 -27.8919 34 interior
-85.0686 2.8448 -27.8819 35 interior
-84.0745 2.8448 -27.9379 36 interior
-83.7710 3.4544 -28.3308 37 interior
-83.3493 2.8448 -28.2757 38 interior
-82.7329 2.8448 -28.5594 39 interior
-82.6794 2.8448 -28.5912 40 interior
-82.4517 2.8448 -28.6844 41 interior
-81.9006 2.8448 -28.9512 42 interior
-83.5953 4.6888 -28.5651 43 interior
-83.5987 4.7752 -28.5689 44 interior
-82.4313 4.6832 -28.7040 45 interior
-84.3171 5.3086 -28.6722 46 interior
-84.3171 5.8166 -28.6722 47 interior
-84.0178 8.4836 -28.8117 48 interior
-78.8714 -1.7066 -28.3755 49 interior
-79.2437 2.9052 -30.1797 50 interior
-78.9592 3.4544 -30.6752 51 interior
-79.1317 4.3717 -30.3375 52 interior
-79.5800 7.0612 -30.5112 53 interior
-79.0842 6.6898 -30.6516 54 interior
-78.3497 6.6898 -30.7553 55 interior
-79.0400 6.8391 -30.2236 56 interior
-79.2971 6.7375 -30.5021 57 interior
-79.1694 6.4469 -30.6018 58 interior
-79.0513 4.6832 -30.2731 59 interior
-78.5281 5.2832 -30.6026 60 interior
-79.6350 6.6548 -30.3775 61 interior
-79.7108 4.1402 -25.6680 62 interior
-79.2415 -1.5443 -28.3023 63 interior
-79.1313 -1.6067 -28.3551 64 interior
-78.7136 -1.8455 -28.5536 65 interior
-78.3722 -1.8889 -28.7170 66 interior
-79.0101 8.4074 -30.6815 67 interior
-76.9997 -1.5195 -30.6090 68 interior
-77.5487 2.8448 -30.9853 69 interior
-76.4013 -2.2236 -30.0256 70 interior
-76.0373 -2.2241 -30.5958 71 interior
-76.8335 4.6243 -31.3140 72 interior
-77.7629 8.0645 -31.5465 73 interior
-78.0866 2.2143 -30.2903 74 interior
-76.1387 4.5443 -31.1554 75 interior
-77.5056 2.5908 -29.1754 76 interior
-76.8369 4.6243 -31.3157 77 interior
-78.1618 5.6642 -27.8892 78 interior
-77.8258 -1.8124 -28.9645 79 interior
-77.6547 -1.6444 -29.0411 80 interior
-77.1639 -1.4892 -29.2651 81 interior
-76.2888 -1.5588 -29.6760 82 interior
-76.0034 -1.7530 -29.8141 83 interior
-78.1617 4.6228 -30.7789 84 interior
-76.8307 4.6228 -31.3170 85 interior
-76.1414 5.0815 -31.6453 86 interior
-78.0346 4.6243 -31.2281 87 interior
-76.4745 4.6228 -31.4845 88 interior
-74.8299 -1.5030 -36.9874 89 interior
-74.8839 -1.3656 -37.0089 90 interior
-74.9517 13.8626 -38.2585 91 interior
-74.9306 -1.3744 -36.8892 92 interior
-74.8182 -1.3155 -35.6897 93 interior
-74.9669 0.9727 -35.7918 94 interior
-75.1185 3.4477 -36.1656 95 interior
-75.8249 4.5790 -34.7351 96 interior
-75.3983 -1.8265 -31.3638 97 interior
-74.9869 -1.8924 -30.9084 98 interior
-75.3622 3.4544 -32.5151 99 interior
-75.4140 5.2832 -32.3938 100 interior
-75.0390 8.4836 -32.7383 101 interior
-75.6736 4.4716 -31.6922 102 interior
-74.9530 6.9452 -33.1323 103 interior
-75.4475 1.0488 -31.7775 104 interior
-75.4190 6.6294 -32.3426 105 interior
-74.6930 -1.3744 -37.3200 106 interior
-73.9917 -1.4094 -35.5130 107 interior
-74.0090 -1.1360 -35.3815 108 interior
-73.6917 -1.3656 -34.7775 109 interior
-73.7333 -1.3656 -34.6519 110 interior
-74.2407 -1.1012 -34.2634 111 interior
-73.8447 0.1017 -34.3038 112 interior
-74.2997 -0.7026 -33.1926 113 interior
-74.7191 -1.6110 -30.4108 114 interior
-74.5854 -1.7358 -30.4752 115 interior
-74.4959 -1.8463 -30.4697 116 interior
-73.7945 -1.7021 -30.7426 117 interior
-74.0386 0.8128 -33.3213 118 interior
-73.9296 2.8463 -33.1383 119 interior
-74.2040 2.8463 -32.9171 120 interior
-74.2040 2.8463 -32.9171 121 interior
-73.6339 3.6554 -33.5522 122 interior
-72.8448 -1.6801 -32.8527 123 interior
-73.0304 4.9133 -33.7651 124 interior
-72.7002 5.9029 -34.9556 125 interior
-73.7169 6.8391 -32.9390 126 interior
-73.7169 6.8391 -33.1158 127 interior
-74.0386 9.7923 -33.3213 128 interior
-73.7267 10.1919 -33.0222 129 interior
-72.6660 5.2533 -34.4369 130 interior
-72.3078 1.4143 -34.4360 131 interior
-71.9534 4.9334 -34.2802 132 interior
-71.9193 6.1468 -28.9024 133 interior
-72.4989 6.6608 -33.7974 134 interior
-71.8165 2.3445 -32.0629 135 interior
-72.2011 6.8391 -34.1159 136 interior
-71.3564 -0.6889 -33.5136 137 interior
-70.4678 2.4067 -35.5036 138 interior
-71.2939 4.2093 -34.6883 139 interior
-69.8750 0.9017 -35.2388 140 interior
-70.4387 5.1058 -29.0833 141 interior
-70.3129 6.5278 -29.0507 142 interior
-70.3602 9.6778 -35.2038 143 interior
-68.9506 -1.7013 -30.5444 144 interior
-68.3794 -1.4161 -27.3791 145 interior
-68.5868 8.6360 -35.9755 146 interior
-68.9686 6.1342 -29.5551 147 interior
-69.1018 6.9754 -35.2178 148 interior
-67.1792 7.0152 -40.4650 149 interior
-66.7625 1.8381 -36.3758 150 interior
-67.0515 2.7001 -37.0810 151 interior
-66.4836 4.5720 -36.4993 152 interior
-67.1135 13.1098 -36.7066 153 interior
-65.9630 -1.5845 -34.5015 154 interior
-65.6698 -1.5419 -34.6423 155 interior
-67.7765 -1.8537 -33.5985 156 interior
-66.8286 -1.8728 -34.0962 157 interior
-66.3692 -1.9584 -34.3182 158 interior
-68.1438 -1.6094 -33.4546 159 interior
-67.1392 5.9882 -33.1911 160 interior
-65.4158 6.0066 -32.0459 161 interior
-65.8968 6.4008 -34.4626 162 interior
-65.1068 -1.6056 -34.8800 163 interior
-64.8663 -1.3148 -34.3067 164 interior
-65.1959 -0.3505 -34.2508 165 interior
-64.8624 3.7573 -37.5730 166 interior
-63.8092 6.4107 -41.0884 167 interior
-64.4163 1.9764 -35.4584 168 interior
-64.8590 2.3071 -37.5804 169 interior
-64.4112 -1.7902 -35.2170 170 interior
-64.0940 -1.8771 -35.3695 171 interior
-63.8230 -1.9010 -35.4919 172 interior
-63.5119 -1.8647 -35.6432 173 interior
-63.1472 -1.7588 -35.8071 174 interior
-65.0263 0.2286 -36.3190 175 interior
-65.3075 1.3208 -36.5884 176 interior
-64.4659 2.8975 -37.7653 177 interior
-63.7784 4.5841 -37.4335 178 interior
-64.4803 4.8359 -34.2160 179 interior
-64.7147 -1.5837 -38.0922 180 interior
-63.2511 -1.9950 -34.4780 181 interior
-64.5023 2.6293 -37.8236 182 interior
-65.0629 0.5779 -36.3405 183 interior
-65.3900 6.5941 -37.1879 184 interior
-67.1135 6.4157 -29.9207 185 interior
-67.6744 -1.5346 -28.1488 186 interior
-67.5231 -1.1641 -28.2919 187 interior
-67.4768 -1.3429 -28.3150 188 interior
-67.4739 -1.1665 -28.2607 189 interior
-67.4755 -1.2666 -28.3083 190 interior
-67.4709 -1.2150 -28.0691 191 interior
-67.5061 -1.1525 -28.0546 192 interior
-67.4055 -1.2567 -27.9804 193 interior
-67.3940 -1.2368 -27.8095 194 interior
-67.5061 -1.2222 -27.6934 195 interior
-67.1873 -1.4056 -27.8612 196 interior
-66.9819 -1.4234 -28.1460 197 interior
-66.9116 -1.6508 -27.8504 198 interior
-66.6193 -1.4546 -27.7059 199 interior
-66.4234 -1.6115 -27.7423 200 interior
-66.4047 -1.5158 -27.7482 201 interior
-65.9523 -1.6070 -27.7423 202 interior
-65.8069 -1.6070 -27.7619 203 interior
-65.8851 -1.5860 -27.7495 204 interior
-65.9402 -1.6341 -27.7584 205 interior
-66.2182 -1.8029 -27.8727 206 interior
-65.8124 -1.6300 -27.7572 207 interior
-65.9393 -1.6270 -27.7502 208 interior
-65.8843 -1.6115 -27.7393 209 interior
-65.7819 -1.6203 -27.7178 210 interior
-65.7984 -1.6233 -27.7131 211 interior
-68.1570 5.8283 -27.6350 212 interior
-67.6170 -1.2595 -27.3505 213 interior
-66.7243 -1.6673 -27.3874 214 interior
-66.6060 -1.4969 -27.1434 215 interior
-66.2862 -1.2140 -27.1674 216 interior
-66.1255 -1.2134 -26.8805 217 interior
-67.8194 -1.1089 -27.5191 218 interior
-67.0763 -1.6011 -27.2019 219 interior
-66.2175 -1.6642 -26.9068 220 interior
-67.1151 -1.5762 -27.5684 221 interior
-66.9415 -1.2079 -27.0009 222 interior
-67.5383 -1.4542 -26.7906 223 interior
-67.4694 -1.6774 -26.7286 224 interior
-67.7748 -1.8792 -26.6703 225 interior
-67.1575 -1.6779 -26.7423 226 interior
-67.1463 -1.3623 -26.6363 227 interior
-65.7765 -1.6204 -26.8505 228 interior
-66.2487 -1.0818 -26.8133 229 interior
-66.1686 -1.5513 -26.6274 230 interior
-66.6803 -1.3130 -26.4208 231 interior
-65.9837 -1.0153 -26.5223 232 interior
-66.9255 -1.5488 -26.3153 233 interior
-66.8735 -1.3026 -26.5835 234 interior
-67.2090 -1.3808 -26.5562 235 interior
-67.5336 -1.3808 -26.5476 236 interior
-67.1386 -1.3887 -26.5421 237 interior
-66.6650 -1.3599 -26.5478 238 interior
-66.6306 -1.3787 -26.5471 239 interior
-65.5152 -1.1621 -26.3022 240 interior
-67.3848 10.1782 -26.6527 241 interior
-65.7282 -0.9994 -25.6653 242 interior
-63.1524 6.6387 -26.2161 243 interior
-67.4558 -2.0140 -25.6170 244 interior
-65.3336 -1.0194 -25.4167 245 interior
-67.5909 -1.7422 -25.6471 246 interior
-65.5278 -1.0459 -26.0626 247 interior
-66.7830 -0.6019 -25.5833 248 interior
-66.8211 14.3636 -25.7016 249 interior
-63.9478 6.1284 -25.0313 250 interior
-66.1084 -1.0859 -25.6124 251 interior
-65.6634 -1.0606 -26.1693 252 interior
-65.6191 -0.9825 -25.8990 253 interior
-65.5950 -1.0276 -25.6680 254 interior
-65.4196 -1.0260 -25.3731 255 interior
-65.1581 -1.0606 -25.5130 256 interior
-65.3319 -1.1848 -25.1661 257 interior
-66.8222 8.8905 -25.1802 258 interior
-66.1588 -0.9719 -25.8496 259 interior
-66.7374 -0.9484 -25.0021 260 interior
-66.5711 -0.9138 -25.3082 261 interior
-66.0126 -1.0441 -25.4860 262 interior
-65.1444 -0.9665 -25.8921 263 interior
-65.4093 -1.0411 -25.3816 264 interior
-65.2996 -1.1011 -25.5536 265 interior
-65.2094 -1.0473 -25.5211 266 interior
-65.1862 -1.1046 -25.5983 267 interior
-65.1642 -0.9942 -25.2959 268 interior
-65.1013 -0.6997 -25.4424 269 interior
-65.0732 -1.0585 -25.3469 270 interior
-65.0427 -1.3625 -25.4254 271 interior
-64.5943 -1.1961 -25.4623 272 interior
-64.5292 -1.1181 -25.3666 273 interior
-64.8768 -1.0505 -25.3118 274 interior
-65.3500 -1.1558 -25.0813 275 interior
-65.2216 -1.0425 -25.1306 276 interior
-65.2007 -0.6900 -25.1184 277 interior
-64.8185 -1.2350 -25.0300 278 interior
-65.0346 -1.0467 -25.1502 279 interior
-64.9124 -1.5598 -25.0010 280 interior
-64.9739 -1.0511 -24.8776 281 interior
-62.7083 5.7682 -31.5397 282 interior
-62.4106 -1.7009 -37.2971 283 interior
-62.1735 3.9661 -40.5221 284 interior
-62.1582 -1.7842 -39.2866 285 interior
-61.8138 6.9336 -41.1458 286 interior
-61.5590 6.8520 -40.6419 287 interior
-61.0187 2.2852 -41.2036 288 interior
-60.3264 -0.0602 -38.9792 289 interior
-61.4519 6.6212 -39.5269 290 interior
-60.2427 1.9666 -39.4812 291 interior
-60.9725 -1.4418 -39.8282 292 interior
-61.0503 -1.8479 -36.7777 293 interior
-60.2462 -1.7507 -37.1413 294 interior
-60.8584 -1.9950 -36.1114 295 interior
-60.1777 -0.0810 -36.3357 296 interior
-62.0300 -1.8707 -35.6419 297 interior
-61.9671 -1.0410 -35.4679 298 interior
-61.8886 -1.2152 -35.1526 299 interior
-62.2624 -1.2030 -33.1388 300 interior
-62.4431 6.5941 -36.0164 301 interior
-59.9433 -2.0283 -34.2833 302 interior
-60.9544 -1.2982 -27.9878 303 interior
-59.8684 4.6653 -32.4505 304 interior
-58.2062 -0.3151 -42.9483 305 interior
-58.3613 0.0157 -43.3731 306 interior
-58.3142 0.1738 -42.9508 307 interior
-59.4066 2.1698 -41.7491 308 interior
-58.5353 -0.0813 -42.3971 309 interior
-58.7822 -0.8234 -43.2397 310 interior
-58.4122 0.3112 -42.8950 311 interior
-58.6657 0.7792 -42.8950 312 interior
-58.5761 0.3950 -42.8950 313 interior
-59.5724 1.5155 -37.9790 314 interior
-57.6542 -1.4404 -42.2051 315 interior
-58.0676 0.3672 -42.6849 316 interior
-57.9107 0.4729 -42.9412 317 interior
-57.8510 -1.7041 -39.5218 318 interior
-57.8740 5.3589 -42.9498 319 interior
-58.0819 6.5532 -40.3713 320 interior
-57.8120 0.5178 -42.8820 321 interior
-58.0698 -0.0729 -40.7166 322 interior
-57.8893 5.3589 -42.9366 323 interior
-57.0147 1.6296 -43.7118 324 interior
-56.9195 0.9712 -41.2699 325 interior
-56.7562 4.5809 -41.3400 326 interior
-57.1369 6.7564 -43.4888 327 interior
-56.2026 -0.1858 -43.1695 328 interior
-55.0206 -2.2904 -39.8325 329 interior
-54.8958 -0.2650 -44.0890 330 interior
-56.6219 6.5532 -41.8624 331 interior
-54.4931 -0.2650 -44.1453 332 interior
-53.1946 -1.6726 -42.0105 333 interior
-54.8232 -1.7110 -39.7413 334 interior
-53.6746 4.0789 -44.3458 335 interior
-54.1984 10.2948 -47.6007 336 interior
-56.5342 0.4127 -41.4140 337 interior
-55.4688 0.5076 -43.9309 338 interior
-54.9577 -0.0003 -44.6249 339 interior
-54.7606 0.3451 -44.7771 340 interior
-54.7586 0.6794 -44.5822 341 interior
-54.1177 4.3380 -44.3309 342 interior
-55.8064 7.9756 -43.3742 343 interior
-56.5688 -0.1987 -43.2526 344 interior
-56.2340 0.2740 -43.3550 345 interior
-54.8540 0.4125 -44.7363 346 interior
-55.0058 0.0503 -44.3185 347 interior
-54.8790 0.6946 -44.7377 348 interior
-55.0171 -0.1875 -44.2765 349 interior
-54.9178 -0.0043 -44.0236 350 interior
-54.7841 0.4386 -44.5786 351 interior
-55.3390 -0.4455 -41.8329 352 interior
-56.2270 -1.4848 -39.0312 353 interior
-55.4815 -1.7934 -39.3811 354 interior
-54.7717 -1.8528 -39.7156 355 interior
-56.0858 5.3589 -43.2450 356 interior
-54.3242 -0.2151 -42.9880 357 interior
-54.2310 2.4487 -40.9747 358 interior
-53.5537 2.2902 -42.9842 359 interior
-54.3719 8.8138 -45.6962 360 interior
-59.1665 -1.6896 -37.6252 361 interior
-59.3826 -1.3078 -37.5674 362 interior
-56.8874 -2.0849 -37.6483 363 interior
-54.5042 2.8871 -37.5968 364 interior
-58.4851 -1.2259 -37.2153 365 interior
-57.9723 6.3351 -37.2602 366 interior
-55.6919 6.6212 -36.6726 367 interior
-59.2262 -1.0588 -36.5424 368 interior
-55.2471 6.5692 -35.4751 369 interior
-59.3722 -2.0419 -34.3091 370 interior
-59.6732 -1.5317 -34.6555 371 interior
-59.6810 -1.5650 -34.3938 372 interior
-59.4554 -2.2362 -34.3664 373 interior
-58.7453 -2.3062 -34.5088 374 interior
-58.9087 -2.3110 -34.2537 375 interior
-58.5552 -2.3444 -34.2504 376 interior
-53.3396 6.2484 -34.3964 377 interior
-59.4956 6.1520 -32.9505 378 interior
-57.0242 0.1139 -32.0073 379 interior
-56.7744 -1.0984 -26.7409 380 interior
-54.7019 4.6519 -31.5873 381 interior
-55.1902 3.1212 -25.0690 382 interior
-56.4719 0.4723 -28.8917 383 interior
-56.3444 -0.0546 -28.7054 384 interior
-55.6268 -1.1684 -24.8202 385 interior
-55.5483 2.1062 -25.1689 386 interior
-53.7485 6.5532 -24.7772 387 interior
-53.3602 5.9876 -28.4063 388 interior
-69.9419 1.6865 -23.7067 389 interior
-65.8210 -1.1805 -24.4875 390 interior
-64.9618 -1.9530 -24.4432 391 interior
-65.0200 -1.4990 -24.3789 392 interior
-64.5293 -1.6865 -24.4629 393 interior
-66.6086 -1.2382 -24.3015 394 interior
-66.0429 -1.0711 -24.5437 395 interior
-65.7261 -0.9811 -24.6162 396 interior
-65.2286 -1.2809 -24.6164 397 interior
-65.1027 -1.9181 -24.5316 398 interior
-65.1486 -1.9558 -24.3959 399 interior
-65.1280 -1.8502 -24.3369 400 interior
-65.0161 -1.7369 -24.3776 401 interior
-65.2369 -1.5290 -24.3754 402 interior
-64.9215 -1.5864 -24.4344 403 interior
-64.8825 -1.6228 -24.4249 404 interior
-64.9086 -1.1933 -24.5711 405 interior
-65.2504 -1.0941 -24.6472 406 interior
-65.5743 -1.0334 -24.6581 407 interior
-64.9995 -0.6666 -24.6631 408 interior
-67.6450 -1.2639 -24.5647 409 interior
-66.1646 -1.0086 -24.4773 410 interior
-65.3835 -1.4423 -24.3493 411 interior
-65.4188 -1.1211 -24.3430 412 interior
-65.5968 -0.9183 -24.6506 413 interior
-65.4881 -1.0360 -24.6642 414 interior
-65.1975 -1.5490 -24.3405 415 interior
-64.9368 -1.6455 -24.4306 416 interior
-64.8365 -1.5888 -24.5037 417 interior
-64.8621 -1.0363 -24.4660 418 interior
-65.0468 -0.7705 -24.6743 419 interior
-64.8743 -0.8586 -24.5782 420 interior
-64.8338 -1.2481 -24.4469 421 interior
-65.1778 -1.1764 -24.5262 422 interior
-64.9383 -1.5548 -24.5606 423 interior
-65.1872 -1.1468 -24.6060 424 interior
-66.7654 -1.5041 -24.2110 425 interior
-65.5339 -1.3241 -24.2959 426 interior
-65.0143 -1.5079 -24.2758 427 interior
-65.3582 -1.0502 -24.2971 428 interior
-66.2406 -1.3372 -23.8483 429 interior
-66.4742 -1.5678 -23.7713 430 interior
-65.7281 -1.4754 -23.1869 431 interior
-71.8892 -0.2540 -22.8527 432 interior
-66.0559 -0.7202 -22.7978 433 interior
-66.1074 1.4526 -22.2789 434 interior
-66.7558 1.2025 -20.0050 435 interior
-66.8588 2.6340 -19.9343 436 interior
-70.0701 4.5651 -23.8523 437 interior
-67.8144 5.0165 -20.0131 438 interior
-66.0011 6.9647 -23.9339 439 interior
-65.1864 7.0397 -21.4172 440 interior
-65.7066 7.0873 -23.3315 441 interior
-65.1825 7.1164 -21.4051 442 interior
-65.0896 7.2634 -21.9126 443 interior
-66.1496 12.2161 -24.4603 444 interior
-65.9782 9.5452 -20.2740 445 interior
-65.6912 12.0186 -22.1136 446 interior
-65.7065 12.2338 -23.3611 447 interior
-65.6349 13.0214 -23.3545 448 interior
-65.4278 13.7910 -22.6386 449 interior
-65.3020 13.8055 -22.6838 450 interior
-63.9206 14.3674 -19.6960 451 interior
-60.9572 6.0046 -22.4818 452 interior
-55.1331 -1.1684 -24.6138 453 interior
-56.9086 -1.9733 -22.0939 454 interior
-56.2816 -1.5476 -22.2551 455 interior
-56.5548 -1.9502 -21.9704 456 interior
-56.7814 -1.9502 -21.7354 457 interior
-56.7395 -1.1383 -21.5481 458 interior
-56.5007 -1.5784 -21.7611 459 interior
-56.0961 -1.9436 -21.5365 460 interior
-55.0087 -1.5476 -22.4451 461 interior
-55.2507 -1.5476 -22.3067 462 interior
-59.1952 6.1400 -21.0879 463 interior
-55.2424 -1.1657 -23.7514 464 interior
-55.6828 -1.8707 -19.8097 465 interior
-55.0873 -1.5476 -22.2915 466 interior
-55.2938 -1.1245 -22.5152 467 interior
-55.9311 -1.8707 -19.7401 468 interior
-55.2579 -1.8707 -19.9642 469 interior
-54.4325 -1.9733 -22.7726 470 interior
-54.2731 -1.8707 -20.3347 471 interior
-54.0462 5.9700 -20.2897 472 interior
-54.5317 -1.5668 -22.8067 473 interior
-53.8585 -1.8801 -22.5895 474 interior
-53.7100 6.0047 -21.6996 475 interior
-53.4109 6.0112 -21.8106 476 interior
-53.1151 6.0248 -22.8146 477 interior
-59.7242 7.9534 -19.1899 478 interior
-58.3404 6.0839 -19.0947 479 interior
-61.4978 6.4440 -19.0602 480 interior
-60.5746 6.1468 -19.0049 481 interior
-51.6303 -1.0652 -37.8798 482 interior
-51.2535 -1.0935 -29.7185 483 interior
-50.9738 -2.0794 -23.8225 484 interior
-52.2475 -1.5849 -26.9602 485 interior
-50.9060 1.9693 -32.6684 486 interior
-50.5919 5.9974 -30.4929 487 interior
-49.9492 9.0368 -34.2156 488 interior
-50.7042 4.3674 -35.0679 489 interior
-51.3761 1.9712 -42.9361 490 interior
-52.0558 -1.5523 -23.4829 491 interior
-52.2188 -1.6317 -27.1167 492 interior
-52.2927 6.1490 -33.3977 493 interior
-51.7486 -0.4807 -33.7666 494 interior
-51.0802 3.1265 -31.6521 495 interior
-49.9921 -1.0652 -37.5242 496 interior
-49.8183 -0.2884 -39.2045 497 interior
-49.9016 -2.1059 -19.5287 498 interior
-49.2870 6.6387 -36.4906 499 interior
-49.6760 9.3108 -32.1958 500 interior
-49.2162 2.0682 -43.9073 501 interior
-49.2888 -1.0525 -37.9898 502 interior
-49.4252 -1.0754 -30.7603 503 interior
-48.9950 -1.0652 -40.5081 504 interior
-48.9155 -2.0853 -27.3378 505 interior
-44.6800 -1.4810 -33.3672 506 interior
-48.8558 7.7929 -32.5025 507 interior
-44.1617 2.5354 -44.0115 508 interior
-42.5333 0.6678 -33.9979 509 interior
-46.7108 -0.8641 -23.1025 510 interior
-46.9762 -1.5611 -22.0370 511 interior
-47.1921 4.8603 -40.4809 512 interior
-45.2090 -0.3750 -27.9148 513 interior
-46.5811 -0.9813 -22.3107 514 interior
-45.5130 -1.4356 -22.9824 515 interior
-45.4674 -0.7620 -22.6142 516 interior
-44.9738 -0.6260 -21.8494 517 interior
-42.6240 -0.3642 -22.0000 518 interior
-48.3489 -1.8476 -30.9599 519 interior
-46.3536 3.4393 -31.5485 520 interior
-47.4675 -1.5652 -43.1144 521 interior
-48.4382 -1.0525 -37.9503 522 interior
-44.0466 3.9826 -41.4274 523 interior
-45.1547 -1.1888 -29.8717 524 interior
-45.3109 0.1326 -24.3301 525 interior
-44.8723 -0.5488 -21.7818 526 interior
-42.8364 7.0214 -27.1526 527 interior
-45.5804 7.4046 -23.0809 528 interior
-44.4534 -1.6480 -20.7200 529 interior
-44.0918 -1.0661 -25.1870 530 interior
-43.5962 -0.6197 -19.9720 531 interior
-43.0528 6.8377 -27.0899 532 interior
-47.7487 -1.0422 -38.3282 533 interior
-47.4865 4.8260 -33.5161 534 interior
-48.7326 -1.2124 -25.3888 535 interior
-47.0279 -1.7551 -28.4676 536 interior
-48.0237 -1.8707 -19.5866 537 interior
-47.2216 -1.7675 -23.7433 538 interior
-48.6636 4.1962 -26.7901 539 interior
-46.1705 6.0078 -23.6161 540 interior
-45.1356 -1.4737 -32.9376 541 interior
-43.2894 -1.1772 -34.3381 542 interior
-44.2574 -1.6727 -24.2501 543 interior
-43.1130 -0.5626 -19.6104 544 interior
-44.5242 -1.0314 -21.6342 545 interior
-44.7950 4.3728 -20.2184 546 interior
-44.0669 -0.3208 -21.1479 547 interior
-43.1857 6.8236 -20.1843 548 interior
-43.4027 -1.3409 -22.1336 549 interior
-44.9992 1.5494 -30.9859 550 interior
-44.8174 -0.8021 -40.4360 551 interior
-43.2008 -1.4639 -36.7688 552 interior
-42.6553 -1.5916 -30.4739 553 interior
-43.0131 -1.0678 -29.1248 554 interior
-43.0298 7.1285 -27.1280 555 interior
-42.5567 3.5342 -25.5778 556 interior
-44.6253 -1.7344 -21.5620 557 interior
-43.6867 -0.9625 -20.6929 558 interior
-43.3190 -0.7567 -19.9249 559 interior
-42.5975 3.4893 -19.8456 560 interior
-42.3898 -0.6498 -19.4146 561 interior
-42.3796 6.6480 -35.8425 562 interior
-41.9383 4.2640 -34.7979 563 interior
-42.1310 -1.3361 -21.5925 564 interior
-41.7593 -1.3579 -21.5383 565 interior
-42.1948 4.1792 -24.3050 566 interior
-41.8417 -1.1120 -21.0843 567 interior
-42.3796 6.7137 -35.3643 568 interior
-42.2761 -0.7144 -19.9855 569 interior
-41.7737 -0.5901 -27.3107 570 interior
-42.1365 7.4149 -23.2601 571 interior
-42.3780 -0.6550 -20.3495 572 interior
-41.9429 -1.4007 -20.9709 573 interior
-41.7862 -1.3648 -20.9653 574 interior
-42.1947 -1.3162 -20.1208 575 interior
-42.3655 -1.3062 -20.8245 576 interior
-41.9637 -1.3441 -21.0767 577 interior
-41.8668 -1.3651 -20.9659 578 interior
-41.7870 -1.3341 -20.9328 579 interior
-41.6588 -1.2974 -20.7080 580 interior
-41.7209 -1.1203 -19.8955 581 interior
-41.7576 7.0203 -27.1397 582 interior
-41.5892 6.1503 -28.9174 583 interior
-40.9001 4.7691 -43.3230 584 interior
-41.1779 4.7692 -38.2525 585 interior
-41.0520 4.7691 -30.9117 586 interior
-41.1408 4.7605 -26.2380 587 interior
-41.0826 -0.9945 -22.8677 588 interior
-40.9270 -0.4726 -23.6148 589 interior
-41.4657 -1.3515 -21.3930 590 interior
-41.1384 -1.0217 -21.6873 591 interior
-41.4356 -1.3397 -20.9181 592 interior
-41.3264 -1.3255 -20.8026 593 interior
-41.4099 -1.2661 -20.7871 594 interior
-41.3104 -1.3082 -20.7148 595 interior
-41.5103 -1.3049 -20.7084 596 interior
-41.3679 -1.2695 -20.7051 597 interior
-41.3355 -1.4891 -20.4306 598 interior
-41.4849 -1.2327 -20.3063 599 interior
-41.2128 -1.3399 -20.9726 600 interior
-41.0916 -1.3589 -20.9032 601 interior
-41.2819 -0.9769 -19.6946 602 interior
-40.8069 -1.3164 -21.4426 603 interior
-41.0440 -0.8289 -19.9931 604 interior
-41.0281 -1.3592 -20.9007 605 interior
-40.8760 -1.3317 -20.9225 606 interior
-40.7404 -0.3889 -22.8435 607 interior
-40.4368 -0.2032 -47.7012 608 interior
-40.5649 -1.0960 -21.3186 609 interior
-40.6659 -1.1970 -19.9597 610 interior
-40.3757 -1.1225 -21.9415 611 interior
-40.7113 -0.4486 -21.3925 612 interior
-40.6416 4.2672 -20.3187 613 interior
-40.5170 2.4685 -25.2222 614 interior
-40.7139 5.0745 -32.6052 615 interior
-40.6440 4.2771 -28.4801 616 interior
-40.5559 -1.0486 -22.4007 617 interior
-40.3648 6.8400 -27.0262 618 interior
-40.4751 2.9210 -34.1376 619 interior
-40.6867 -1.2659 -21.3803 620 interior
-40.6408 -1.3344 -21.3320 621 interior
-40.6019 -1.2892 -21.4036 622 interior
-40.6003 -1.2898 -21.4073 623 interior
-40.5562 -1.2831 -21.4187 624 interior
-40.5061 -1.2944 -21.3930 625 interior
-40.5897 -1.3376 -21.4213 626 interior
-40.7472 6.5472 -21.9168 627 interior
-40.7197 -1.3419 -20.9110 628 interior
-40.6835 -1.3764 -20.9345 629 interior
-40.4420 -1.3895 -21.0746 630 interior
-39.9250 -0.7938 -27.8685 631 interior
-39.5721 3.7787 -28.2786 632 interior
-38.7453 -1.0765 -31.2501 633 interior
-38.2851 -1.0711 -31.6610 634 interior
-38.6932 -1.0674 -25.7914 635 interior
-38.2174 0.5841 -40.3068 636 interior
-38.7074 -1.0678 -34.4525 637 interior
-38.5882 -1.0712 -28.4764 638 interior
-37.4650 0.6820 -45.3136 639 interior
-37.9476 -0.2147 -27.6859 640 interior
-37.2222 2.3754 -28.0463 641 interior
-37.7864 0.0454 -20.8825 642 interior
-36.8552 6.9596 -30.3178 643 interior
-39.3031 2.1844 -43.4530 644 interior
-40.0940 -1.3811 -23.6269 645 interior
-37.0121 2.1994 -25.9545 646 interior
-37.9476 0.5689 -23.5204 647 interior
-37.9875 1.0386 -22.5417 648 interior
-40.2107 6.6591 -23.9034 649 interior
-39.6977 -1.0579 -34.5476 650 interior
-39.9662 -0.3376 -21.3533 651 interior
-40.2023 0.6213 -43.6778 652 interior
-37.0263 2.1452 -43.8172 653 interior
-39.8526 4.2133 -44.0441 654 interior
-39.9131 0.0413 -39.3998 655 interior
-39.1081 7.1247 -45.7629 656 interior
-38.5234 2.1792 -20.3872 657 interior
-37.6269 7.7280 -24.1808 658 interior
-39.9128 4.2672 -40.4523 659 interior
-39.9128 4.2672 -31.8480 660 interior
-40.0304 4.2641 -23.7087 661 interior
-38.3423 4.2672 -40.8562 662 interior
-37.9476 0.6820 -37.7952 663 interior
-37.8286 3.1013 -35.9674 664 interior
-37.4813 2.6399 -35.9664 665 interior
-36.9022 3.7898 -35.2203 666 interior
-38.3953 6.3770 -37.2186 667 interior
-39.0628 4.2672 -30.3926 668 interior
-38.9285 2.9389 -23.5204 669 interior
-37.0451 1.3870 -22.5230 670 interior
-37.6060 -0.2123 -21.9999 671 interior
-37.3371 -0.4854 -22.0003 672 interior
-36.9293 1.7134 -19.3541 673 interior
-37.4579 5.4419 -19.5195 674 interior
-37.6908 7.7045 -45.8978 675 interior
-37.9476 0.9695 -34.9631 676 interior
-38.0238 0.6820 -26.2779 677 interior
-38.9285 0.3155 -22.5552 678 interior
-37.1541 -0.7381 -21.0341 679 interior
-37.0478 0.9573 -22.5056 680 interior
-37.9361 8.0855 -26.2901 681 interior
-37.8345 4.2593 -27.8892 682 interior
-39.2413 3.9934 -31.6026 683 interior
-37.8929 7.1120 -33.1252 684 interior
-37.0925 2.4277 -27.0826 685 interior
-38.8544 -0.1966 -20.7349 686 interior
-37.5995 8.0462 -28.8871 687 interior
-36.3478 3.7544 -39.2728 688 interior
-36.6747 0.6235 -25.8259 689 interior
-36.2501 -0.7782 -21.7588 690 interior
-36.6642 -0.4096 -20.6182 691 interior
-36.5307 -0.1762 -20.7881 692 interior
-36.4231 -0.1957 -19.7612 693 interior
-36.2458 2.2868 -19.6009 694 interior
-36.3732 3.6544 -19.7993 695 interior
-36.3293 4.1656 -23.5949 696 interior
-35.8997 -0.5707 -43.4312 697 interior
-36.0000 1.0499 -42.6726 698 interior
-36.0000 1.0521 -42.6726 699 interior
-35.8692 -0.0442 -41.5354 700 interior
-36.0000 0.9343 -40.4374 701 interior
-36.0226 1.0499 -40.4368 702 interior
-36.0000 1.0879 -40.4374 703 interior
-36.1612 0.9617 -39.4641 704 interior
-36.0983 1.1343 -39.4634 705 interior
-36.0000 1.0520 -39.3331 706 interior
-35.9900 1.0557 -39.3005 707 interior
-36.0000 1.0520 -39.2476 708 interior
-36.0000 1.0176 -33.7318 709 interior
-35.9160 7.4049 -32.7771 710 interior
-36.0000 1.0520 -31.4966 711 interior
-36.1796 0.9605 -30.4595 712 interior
-35.9900 1.0520 -29.3624 713 interior
-35.9160 6.6163 -29.7505 714 interior
-36.0230 1.1258 -26.0026 715 interior
-36.0226 1.0576 -23.6918 716 interior
-36.0756 -0.8961 -21.9714 717 interior
-35.9365 0.8592 -20.7772 718 interior
-36.0000 3.7910 -37.7474 719 interior
-36.0000 1.0520 -29.3630 720 interior
-36.0000 0.2677 -22.6066 721 interior
-36.2213 3.7334 -30.6030 722 interior
-36.1678 3.6990 -31.5567 723 interior
-36.0000 1.0520 -30.5487 724 interior
-35.9962 0.3429 -20.2778 725 interior
-36.0254 4.9058 -37.0846 726 interior
-35.9900 1.2319 -31.0071 727 interior
-36.0000 1.0520 -25.9858 728 interior
-36.0000 1.0520 -23.7103 729 interior
-36.0000 1.4625 -22.5917 730 interior
-35.9069 -0.1288 -21.3868 731 interior
-35.9365 1.3730 -21.3910 732 interior
-35.7914 7.3800 -27.9911 733 interior
-35.4844 0.5664 -21.3488 734 interior
-34.7608 7.4005 -34.4915 735 interior
-34.6238 4.6888 -24.7556 736 interior
-34.5996 2.6340 -25.1151 737 interior
-34.3910 8.6468 -34.5604 738 interior
-34.0655 4.1438 -19.5068 739 interior
-33.5689 9.0398 -32.7202 740 interior
-32.5085 3.7999 -19.5630 741 interior
-31.7430 7.7941 -21.6837 742 interior
-29.5990 9.3107 -31.2865 743 interior
-26.0325 9.7426 -25.4000 744 interior
-24.7269 5.4195 -40.7670 745 interior
-28.9734 6.1445 -20.3962 746 interior
-29.3533 3.8608 -19.2068 747 interior
-29.1260 4.5282 -37.5055 748 interior
-29.3533 5.3925 -19.1318 749 interior
-28.3209 3.8354 -21.5467 750 interior
-25.2190 7.6760 -18.9682 751 interior
-21.4948 1.0761 -19.8288 752 interior
-29.0156 7.9380 -18.8537 753 interior
-21.0305 1.5087 -20.8281 754 interior
-20.2077 8.0672 -19.5942 755 interior
-20.8816 9.8063 -39.3484 756 interior
-20.1632 2.0606 -19.4282 757 interior
-20.3498 3.7302 -19.8164 758 interior
-20.4343 4.9784 -19.4670 759 interior
-19.0270 8.6479 -35.5660 760 interior
-20.6906 1.3259 -20.2378 761 interior
-20.4470 1.3259 -20.3472 762 interior
-20.6741 1.3259 -18.5563 763 interior
-20.5630 2.0511 -18.6182 764 interior
-19.8120 5.3315 -20.5994 765 interior
-20.0731 6.0706 -19.8978 766 interior
-20.5183 10.7248 -19.1992 767 interior
-20.3200 14.2181 -20.0025 768 interior
-14.7471 9.8395 -39.3510 769 interior
-18.4458 8.8259 -49.5807 770 interior
-15.2048 10.6058 -35.8847 771 interior
-14.7495 5.6134 -39.3510 772 interior
-15.4214 1.9439 -20.1055 773 interior
-16.5193 3.9091 -20.8970 774 interior
-15.2048 4.7752 -22.3460 775 interior
-14.6555 4.9784 -22.3489 776 interior
-18.0848 9.4333 -19.8705 777 interior
-16.2145 17.6849 -26.2670 778 interior
-12.4720 5.6238 -49.5248 779 interior
-12.7845 6.3231 -48.6208 780 interior
-12.8770 8.1542 -50.9357 781 interior
-11.9400 15.1249 -51.3501 782 interior
-14.0291 17.2319 -41.8362 783 interior
-12.7488 11.3905 -39.6188 784 interior
-14.0870 12.5346 -31.6676 785 interior
-14.0861 0.0627 -22.4925 786 interior
-13.7440 6.7766 -20.8161 787 interior
-12.1642 2.4218 -26.2559 788 interior
-12.6081 -0.0760 -22.6277 789 interior
-13.7179 0.0449 -21.7596 790 interior
-12.5891 -0.1468 -21.7170 791 interior
-12.6687 6.8008 -22.3651 792 interior
-12.8076 4.8014 -22.3879 793 interior
-12.8944 6.7527 -22.3610 794 interior
-12.2507 3.7572 -21.1250 795 interior
-12.0126 2.4998 -22.9439 796 interior
-12.1275 5.9562 -22.9067 797 interior
-12.2111 6.3359 -22.3146 798 interior
-12.0936 6.1639 -21.9663 799 interior
-12.6364 7.2143 -22.5958 800 interior
-12.4648 7.4616 -23.2801 801 interior
-13.7671 7.2372 -20.8523 802 interior
-12.3490 8.6752 -20.0739 803 interior
-13.0797 10.9123 -27.0193 804 interior
-11.8949 9.8258 -35.8587 805 interior
-8.5482 13.6454 -53.6430 806 interior
-11.1754 11.0082 -29.7693 807 interior
-9.6901 7.8311 -26.5250 808 interior
-10.0375 10.6342 -32.1616 809 interior
-7.6811 7.3152 -32.8881 810 interior
-11.7200 6.7844 -33.1014 811 interior
-9.6316 9.4366 -39.9939 812 interior
-9.9100 11.7215 -46.5743 813 interior
-10.2932 -0.2159 -22.8027 814 interior
-9.6580 0.0319 -22.8817 815 interior
-11.3461 5.3802 -22.6013 816 interior
-10.2371 7.1016 -22.5807 817 interior
-9.6564 16.1285 -28.5541 818 interior
-8.5879 9.6799 -52.1131 819 interior
-10.9407 10.0660 -39.1406 820 interior
-11.6840 8.9091 -25.3238 821 interior
-10.5479 8.8667 -20.0019 822 interior
-10.1970 8.1180 -43.1248 823 interior
-9.3676 4.2690 -22.4112 824 interior
-8.7078 8.6330 -21.4022 825 interior
-7.7917 5.0292 -20.2184 826 interior
-9.6945 9.6986 -19.9138 827 interior
-9.1923 4.7752 -20.7813 828 interior
-7.9245 10.6977 -39.3510 829 interior
-9.7954 8.5210 -22.9605 830 interior
-7.6244 2.4957 -21.2026 831 interior
-5.9783 16.0765 -62.0599 832 interior
-6.6167 10.1742 -42.6222 833 interior
-5.8138 12.9300 -48.0854 834 interior
-6.5151 10.9085 -38.6916 835 interior
-6.1099 1.6736 -23.0989 836 interior
-5.8929 4.9632 -22.4423 837 interior
-7.5184 10.6146 -26.4846 838 interior
-7.5651 10.4204 -20.1634 839 interior
-6.5202 11.1669 -46.0018 840 interior
-6.5151 10.9214 -38.7807 841 interior
-6.4382 12.7583 -46.3568 842 interior
-6.7647 5.7912 -19.9645 843 interior
-7.0549 8.1280 -19.8120 844 interior
-7.5812 9.1462 -26.9453 845 interior
-5.6764 6.9955 -30.6219 846 interior
-5.6639 7.1314 -31.9287 847 interior
-5.6515 10.3657 -27.1526 848 interior
-5.5525 7.6507 -31.0995 849 interior
-5.6454 6.4678 -39.5863 850 interior
-5.2348 9.2558 -47.8091 851 interior
-5.2348 10.8521 -48.2699 852 interior
-5.5341 8.4040 -47.4734 853 interior
-4.9964 7.8484 -43.1684 854 interior
-4.8265 7.0232 -37.7985 855 interior
-4.8156 7.7520 -28.3425 856 interior
-2.2820 9.3920 -76.0488 857 interior
-2.1646 10.9494 -62.1730 858 interior
-4.1871 15.9268 -59.0842 859 interior
-1.6733 15.6594 -58.2040 860 interior
-2.7954 12.2493 -54.3915 861 interior
-4.5029 8.3844 -52.4405 862 interior
-2.3214 6.9753 -51.5344 863 interior
-3.3119 8.7899 -49.8870 864 interior
-0.9664 7.4549 -79.8108 865 interior
1.3502 6.3290 -81.4781 866 interior
2.2832 5.8797 -80.6597 867 interior
4.0942 4.8001 -79.4256 868 interior
2.8861 7.6963 -80.3849 869 interior
2.3511 6.5599 -77.8689 870 interior
-1.0938 8.3455 -74.6284 871 interior
2.5039 7.5200 -75.4725 872 interior
2.4297 8.3348 -72.2376 873 interior
0.0091 6.4183 -69.4491 874 interior
0.4092 8.3820 -68.9483 875 interior
2.3384 8.3820 -68.9400 876 interior
1.1776 7.7796 -67.3806 877 interior
3.7275 4.6451 -68.9190 878 interior
2.5133 5.6818 -67.0886 879 interior
2.4892 6.9303 -68.1244 880 interior
2.4383 14.0215 -71.2081 881 interior
2.5153 5.7224 -66.7616 882 interior
2.5145 6.7447 -66.3361 883 interior
1.5878 10.1738 -66.1400 884 interior
2.5006 11.6695 -65.7849 885 interior
-1.2192 10.7836 -59.9642 886 interior
1.1742 7.8678 -63.5425 887 interior
0.7277 5.9697 -61.1210 888 interior
0.7366 7.0620 -61.3762 889 interior
0.7541 9.3895 -63.9568 890 interior
0.1152 8.9078 -60.6652 891 interior
0.0580 9.7401 -60.2957 892 interior
0.1016 9.8499 -59.9032 893 interior
2.9845 9.5614 -60.5413 894 interior
2.1517 9.8253 -59.8728 895 interior
2.8530 9.0523 -51.2778 896 interior
3.6194 5.8970 -79.5920 897 interior
4.4199 4.7685 -78.5205 898 interior
4.4765 4.5511 -77.6662 899 interior
4.6077 4.7763 -78.2083 900 interior
4.5792 5.3734 -77.9704 901 interior
4.4417 5.4148 -78.2815 902 interior
4.4503 5.4448 -78.2449 903 interior
4.5114 5.9035 -77.9007 904 interior
4.4811 7.5566 -79.3735 905 interior
4.1137 6.7465 -76.2172 906 interior
2.8995 9.5126 -74.4910 907 interior
2.4450 7.1367 -71.1063 908 interior
2.5656 4.7146 -67.7548 909 interior
2.5656 5.3340 -67.7548 910 interior
2.5273 5.3340 -66.5607 911 interior
2.6696 13.3077 -65.7889 912 interior
1.2293 10.0677 -59.3596 913 interior
4.3605 5.0474 -78.4059 914 interior
2.5146 5.7404 -66.5229 915 interior
2.5273 5.7468 -66.5607 916 interior
0.6870 8.0997 -65.6522 917 interior
2.8967 9.6364 -68.0272 918 interior
0.7505 9.4452 -64.8253 919 interior
-0.4418 11.7814 -62.0997 920 interior
-0.4342 12.8574 -62.0508 921 interior
0.7220 11.6663 -62.0410 922 interior
3.1880 10.5911 -62.6817 923 interior
3.1874 5.4864 -61.5696 924 interior
0.6703 12.1539 -62.6872 925 interior
1.9881 11.7002 -62.0410 926 interior
2.0135 12.3517 -62.0410 927 interior
1.8611 8.7068 -70.2559 928 interior
1.0709 7.9784 -52.3069 929 interior
4.6522 5.5939 -78.2250 930 interior
-1.4899 10.1326 -49.6530 931 interior
0.5940 13.1230 -42.3775 932 interior
-3.5888 11.4544 -41.9338 933 interior
2.0247 4.6315 -39.9742 934 interior
0.3823 7.5258 -39.4445 935 interior
2.7935 9.8070 -38.1111 936 interior
-1.6762 8.0309 -41.3133 937 interior
1.4412 9.5711 -41.7701 938 interior
-2.7178 3.2152 -34.9504 939 interior
-2.6757 4.6338 -34.9486 940 interior
-2.7036 4.1656 -34.9504 941 interior
1.4227 3.2981 -37.3066 942 interior
-0.1693 5.9462 -37.4049 943 interior
-0.1705 7.1988 -36.5261 944 interior
-0.8393 12.4845 -36.1089 945 interior
-0.7274 7.3944 -33.8652 946 interior
1.3220 7.9643 -33.9354 947 interior
-2.2674 15.1961 -33.7847 948 interior
3.2955 8.9243 -32.7515 949 interior
1.1590 8.0286 -32.6896 950 interior
-0.1684 11.3377 -31.7161 951 interior
-1.7135 9.9193 -32.2732 952 interior
-2.5220 1.3948 -22.4868 953 interior
-0.2831 3.6419 -23.1419 954 interior
0.7612 6.3225 -27.5009 955 interior
-0.6613 8.4846 -30.5494 956 interior
-3.6598 3.9011 -23.4095 957 interior
-1.3361 7.3270 -28.8036 958 interior
-2.6511 5.3413 -23.8131 959 interior
-1.6101 7.4031 -25.3009 960 interior
-1.3291 5.8238 -27.6039 961 interior
-0.5952 10.6965 -29.0811 962 interior
-3.6870 7.8394 -25.8697 963 interior
-1.5240 7.0800 -24.5188 964 interior
0.7038 5.5206 -23.7128 965 interior
-0.6549 14.1656 -28.7696 966 interior
-0.2707 13.0626 -28.7463 967 interior
2.3315 12.7614 -28.4870 968 interior
3.1892 12.7613 -26.7883 969 interior
5.0450 5.2707 -52.8922 970 interior
4.7453 7.5343 -48.3389 971 interior
4.7517 5.4407 -78.1410 972 interior
5.1795 9.8299 -32.8233 973 interior
4.7800 7.6860 -60.6122 974 interior
4.7917 4.4833 -73.7525 975 interior
4.7552 11.4509 -55.1821 976 interior
5.0494 9.1306 -27.0250 977 interior
4.9845 14.8030 -28.2846 978 interior
-1.2815 11.8934 -68.4116 979 interior
-0.4742 13.8802 -60.7956 980 interior
-1.4551 17.0460 -53.4094 981 interior
0.8947 17.6910 -51.7234 982 interior
1.5522 16.4993 -53.2214 983 interior
2.1831 14.6966 -51.7583 984 interior
2.8246 14.0412 -51.5179 985 interior
2.5828 16.4011 -52.0253 986 interior
-1.6864 8.1549 -44.6237 987 interior
-1.4194 13.5280 -44.9374 988 interior
2.7270 11.0454 -36.7936 989 interior
-4.4284 13.8048 -35.0915 990 interior
-1.7972 12.9643 -28.8127 991 interior
0.6010 14.4181 -31.7738 992 interior
-1.6047 11.4638 -20.7432 993 interior
2.1262 15.0589 -33.8922 994 interior
0.6916 15.9720 -50.2829 995 interior
-0.0655 6.6572 -44.5398 996 interior
-2.6610 13.6013 -46.3215 997 interior
2.5271 11.3944 -37.2007 998 interior
3.8657 17.6020 -33.5904 999 interior
-0.8976 11.0100 -44.9496 1000 interior
2.8631 10.3842 -45.9998 1001 interior
-0.3276 12.4129 -47.0180 1002 interior
-0.1482 13.2588 -48.2620 1003 interior
0.6879 13.9742 -46.1631 1004 interior
-0.0437 14.3716 -48.3376 1005 interior
0.5602 15.8940 -47.0964 1006 interior
-2.1213 16.9545 -44.6824 1007 interior
0.0925 16.1326 -43.5086 1008 interior
0.6595 16.9418 -43.5115 1009 interior
1.6314 16.3422 -46.6409 1010 interior
0.9384 17.2993 -47.2360 1011 interior
-2.2262 10.1715 -39.2903 1012 interior
-1.4785 11.4702 -20.7432 1013 interior
2.0779 7.6442 -42.2262 1014 interior
0.2396 11.2768 -48.1972 1015 interior
2.9783 12.6879 -45.6593 1016 interior
0.1053 13.6580 -48.5463 1017 interior
-0.2783 13.6591 -46.7116 1018 interior
1.7890 14.7196 -45.4571 1019 interior
-2.0728 17.0552 -47.5353 1020 interior
-1.6227 16.6385 -44.2957 1021 interior
-0.7709 17.8688 -45.7906 1022 interior
-0.4786 17.0520 -47.9371 1023 interior
0.9420 17.9309 -47.3472 1024 interior
-0.1021 17.9309 -47.6848 1025 interior
0.9384 15.7955 -47.3338 1026 interior
2.1871 16.0692 -43.0061 1027 interior
-3.0564 12.0168 -40.6879 1028 interior
1.4018 6.8834 -40.3951 1029 interior
3.1469 7.0469 -40.5303 1030 interior
0.2496 6.8834 -38.9265 1031 interior
1.5236 6.7459 -37.1997 1032 interior
1.7626 13.2221 -35.9172 1033 interior
-0.2655 9.4711 -34.8448 1034 interior
-1.2427 8.2777 -33.6142 1035 interior
1.2609 8.4297 -30.8016 1036 interior
-0.9197 9.5556 -28.9893 1037 interior
-3.6580 8.0058 -39.1817 1038 interior
0.1306 6.1361 -38.8456 1039 interior
2.5443 6.7436 -39.0960 1040 interior
1.8808 7.7166 -40.8836 1041 interior
1.3484 6.6862 -36.2412 1042 interior
2.8902 10.6163 -41.6150 1043 interior
-1.4054 10.6474 -38.8044 1044 interior
3.1984 10.6680 -42.1325 1045 interior
1.5024 7.9156 -35.7553 1046 interior
-2.5013 8.4072 -35.1536 1047 interior
-0.5902 9.4222 -35.2536 1048 interior
2.8574 11.1278 -40.0977 1049 interior
1.6588 12.0168 -37.4972 1050 interior
0.8993 13.4056 -38.8534 1051 interior
3.3064 14.4981 -40.7084 1052 interior
2.1012 16.0960 -42.4043 1053 interior
2.9025 14.9008 -38.8011 1054 interior
4.2450 16.6148 -38.2110 1055 interior
-0.6854 13.3353 -35.4178 1056 interior
-0.8501 10.9208 -33.6911 1057 interior
-0.3436 11.1724 -33.0700 1058 interior
-4.4422 9.7520 -30.5600 1059 interior
1.3155 9.2345 -31.5786 1060 interior
2.6579 13.8298 -30.3784 1061 interior
-1.5525 8.8322 -32.8710 1062 interior
0.4619 7.1250 -23.5945 1063 interior
-1.1314 8.1800 -28.9569 1064 interior
-1.3553 9.4664 -24.8818 1065 interior
5.0183 7.1553 -33.1738 1066 interior
1.4657 9.6798 -38.8830 1067 interior
2.1037 11.1519 -41.9672 1068 interior
2.4983 8.0353 -31.6332 1069 interior
0.0406 13.6932 -29.0068 1070 interior
-4.1181 3.4395 -21.3250 1071 interior
-0.8367 5.5050 -23.0632 1072 interior
2.4226 4.6321 -19.8121 1073 interior
2.4642 5.5381 -19.6734 1074 interior
1.2615 1.8681 -18.4950 1075 interior
1.5737 6.4385 -27.5853 1076 interior
1.6069 4.1348 -23.6372 1077 interior
-1.9516 4.1418 -22.0580 1078 interior
4.9184 11.3931 -25.3898 1079 interior
-1.1505 7.9193 -28.9893 1080 interior
-2.0497 9.6973 -28.9610 1081 interior
-2.4739 4.0141 -20.6942 1082 interior
-1.3014 5.8003 -23.9878 1083 interior
1.7796 4.2666 -21.9301 1084 interior
4.4509 7.9595 -21.6776 1085 interior
4.8173 8.5217 -24.1565 1086 interior
-0.6034 11.9138 -21.5884 1087 interior
-0.1785 10.7733 -42.9966 1088 interior
0.8811 11.1177 -36.4835 1089 interior
5.1715 15.2196 -28.3535 1090 interior
1.5737 10.9058 -27.5853 1091 interior
3.4669 9.6780 -39.3535 1092 interior
4.0454 7.2905 -32.7522 1093 interior
-4.7430 6.8991 -48.1172 1094 interior
-64.2680 2.6373 -18.2324 1095 interior
-62.9553 6.1410 -18.0038 1096 interior
-66.0195 11.6763 -18.3615 1097 interior
-63.4625 7.9534 -17.7576 1098 interior
-63.7180 6.1392 -17.5523 1099 interior
-63.8118 7.3997 -17.4960 1100 interior
-63.9147 1.9538 -17.3838 1101 interior
-64.4534 2.4939 -15.5432 1102 interior
-63.1477 -1.4185 -16.0104 1103 interior
-62.7438 -2.0247 -15.7531 1104 interior
-60.8924 -2.0247 -15.7577 1105 interior
-61.5818 -2.0284 -13.7020 1106 interior
-61.2726 -1.4715 -15.0042 1107 interior
-65.2898 4.1529 -14.6698 1108 interior
-63.6156 7.2448 -14.2026 1109 interior
-64.4546 10.5387 -14.8324 1110 interior
-63.5956 -0.9046 -15.9036 1111 interior
-63.2789 -1.2105 -15.2296 1112 interior
-62.5593 -1.8332 -14.9147 1113 interior
-61.5720 -1.8058 -14.0982 1114 interior
-65.1951 15.9543 -17.1189 1115 interior
-70.2934 7.6691 -17.3638 1116 interior
-66.7749 1.5777 -15.4260 1117 interior
-64.8386 16.0625 -15.3849 1118 interior
-60.5997 3.1791 -15.7501 1119 interior
-54.5635 -1.7490 -18.2324 1120 interior
-58.3896 -2.0437 -16.9345 1121 interior
-58.1520 -2.0482 -16.9281 1122 interior
-58.3819 -2.0813 -16.6345 1123 interior
-54.6409 -1.8806 -17.0606 1124 interior
-48.4154 -1.8806 -16.8233 1125 interior
-56.3571 -1.9480 -16.7924 1126 interior
-51.0524 -1.8806 -17.1648 1127 interior
-54.6046 -1.8707 -17.1550 1128 interior
-51.2875 6.1567 -17.8220 1129 interior
-58.6910 -2.2227 -16.4293 1130 interior
-58.6167 -2.3015 -16.3782 1131 interior
-56.3783 -1.8806 -16.5588 1132 interior
-53.2259 -1.8806 -16.3818 1133 interior
-58.4004 -0.7696 -15.0993 1134 interior
-55.1262 -1.9549 -14.9899 1135 interior
-55.1584 -1.1548 -13.6962 1136 interior
-54.9502 -0.4436 -13.5816 1137 interior
-54.3959 -0.5303 -13.4598 1138 interior
-50.7091 -1.4742 -15.5311 1139 interior
-55.7336 6.1342 -16.2121 1140 interior
-58.6053 -1.2015 -14.4936 1141 interior
-59.9686 6.1469 -14.7522 1142 interior
-51.7059 1.3017 -15.3064 1143 interior
-61.4494 -2.0265 -13.0889 1144 interior
-67.2807 -0.0362 -12.9658 1145 interior
-63.3284 0.6301 -12.9050 1146 interior
-62.2782 0.8255 -12.2936 1147 interior
-61.4663 5.0165 -12.2213 1148 interior
-56.9440 1.1229 -11.5218 1149 interior
-63.3361 6.5278 -12.8091 1150 interior
-61.5534 7.4332 -11.8054 1151 interior
-61.0315 6.0683 -11.7827 1152 interior
-61.5825 6.1277 -13.0314 1153 interior
-61.6864 -1.5520 -12.3621 1154 interior
-60.8975 -2.0309 -11.8980 1155 interior
-61.5333 9.8076 -11.6028 1156 interior
-62.4867 7.1348 -10.9722 1157 interior
-66.5374 1.2990 -11.3945 1158 interior
-66.5308 6.1345 -11.3883 1159 interior
-63.4522 -0.5500 -10.5708 1160 interior
-60.9013 6.1271 -10.5450 1161 interior
-63.2068 6.1271 -10.0167 1162 interior
-60.7993 1.2918 -9.0431 1163 interior
-58.9803 2.9464 -9.8350 1164 interior
-60.0980 -1.4032 -9.1257 1165 interior
-59.0320 -1.4582 -8.4265 1166 interior
-60.7901 5.2891 -8.3849 1167 interior
-64.9716 -0.2540 -7.9978 1168 interior
-59.6939 -1.8175 -9.6191 1169 interior
-59.8792 -1.5449 -8.4378 1170 interior
-59.1548 2.2494 -8.2294 1171 interior
-61.9627 7.1704 -9.2786 1172 interior
-57.1573 3.8883 -9.2900 1173 interior
-57.1369 7.6559 -7.4194 1174 interior
-62.0703 -0.2794 -5.1159 1175 interior
-58.8096 -1.4138 -7.0258 1176 interior
-58.0786 -1.5565 -5.5220 1177 interior
-58.0644 -1.5803 -5.1908 1178 interior
-57.6030 -1.6291 -4.6475 1179 interior
-57.5942 -2.0246 -4.5404 1180 interior
-57.4660 -1.7849 -4.1654 1181 interior
-59.6647 1.5079 -4.5640 1182 interior
-57.7352 2.0393 -5.2036 1183 interior
-57.0292 -1.5612 -4.0156 1184 interior
-57.3609 -1.4185 -3.6919 1185 interior
-57.5020 -2.0270 -3.3993 1186 interior
-60.7132 2.8617 -3.0254 1187 interior
-61.8120 4.5651 -6.1996 1188 interior
-61.6850 4.1314 -6.0701 1189 interior
-61.9119 4.5651 -6.3570 1190 interior
-61.4931 6.5278 -7.0532 1191 interior
-56.8231 7.3558 -12.8133 1192 interior
-54.9774 -0.6563 -12.9600 1193 interior
-54.7116 -1.1651 -12.8832 1194 interior
-54.5550 -1.1444 -12.9817 1195 interior
-53.6393 -1.5787 -13.1033 1196 interior
-54.0169 6.4111 -11.7881 1197 interior
-53.8683 6.1468 -11.9422 1198 interior
-53.0489 -1.0361 -12.8259 1199 interior
-54.9032 7.1475 -11.8618 1200 interior
-51.3957 -1.1455 -13.0053 1201 interior
-51.0429 -1.0834 -10.4146 1202 interior
-50.8767 -1.0652 -13.2172 1203 interior
-49.2418 5.9970 -11.4260 1204 interior
-49.2001 0.1805 -9.9574 1205 interior
-48.6710 -1.0834 -13.1522 1206 interior
-47.9086 -1.8579 -11.0476 1207 interior
-48.6584 -0.3742 -12.2711 1208 interior
-53.0729 -0.9108 -9.7196 1209 interior
-52.8286 2.4808 -8.1378 1210 interior
-56.0435 2.4782 -6.9758 1211 interior
-51.1987 0.3747 -7.9996 1212 interior
-48.6153 -1.0549 -7.7916 1213 interior
-50.5477 0.4116 -7.6568 1214 interior
-56.0502 3.0226 -8.2229 1215 interior
-54.9691 6.1468 -6.9088 1216 interior
-52.8000 -0.4588 -7.0422 1217 interior
-49.3753 -2.1975 -9.1361 1218 interior
-53.4553 -0.6905 -7.0381 1219 interior
-49.2229 -1.7522 -8.9973 1220 interior
-56.8849 6.1469 -9.8350 1221 interior
-49.5744 -1.0792 -8.8022 1222 interior
-54.9763 1.5306 -6.3836 1223 interior
-53.5682 7.1475 -5.8933 1224 interior
-51.8915 -0.9207 -6.0730 1225 interior
-52.8409 6.0452 -4.5072 1226 interior
-49.4838 -1.0737 -4.4485 1227 interior
-52.2502 6.1468 -4.4376 1228 interior
-54.9717 5.6534 -5.5999 1229 interior
-52.1297 7.1352 -5.3512 1230 interior
-46.8753 -1.8707 -10.6798 1231 interior
-41.4373 4.1647 -13.6832 1232 interior
-40.5900 1.9676 -11.4825 1233 interior
-45.8422 -0.6927 -4.6294 1234 interior
-43.7338 -1.0551 -7.9739 1235 interior
-44.5994 -0.5577 -7.2544 1236 interior
-43.8290 -1.0554 -5.9134 1237 interior
-43.9291 -1.1794 -5.3126 1238 interior
-43.9388 -1.0559 -4.8149 1239 interior
-43.8671 -1.0550 -3.4175 1240 interior
-35.7977 4.1656 -9.9822 1241 interior
-39.5051 6.2992 -7.1732 1242 interior
-35.7625 0.7366 -17.2762 1243 interior
-35.7860 -0.0254 -14.3445 1244 interior
-37.8313 4.2593 -15.8571 1245 interior
-35.7733 3.9908 -8.7971 1246 interior
-37.5776 3.0823 -18.0858 1247 interior
-35.7883 1.1303 -17.2762 1248 interior
-35.6586 -0.1016 -13.6240 1249 interior
-35.8000 -0.0254 -12.4525 1250 interior
-35.7587 2.7810 -13.6571 1251 interior
-34.6621 -0.0254 -9.3703 1252 interior
-46.4429 7.0018 -12.3539 1253 interior
-46.8104 4.9868 -10.6408 1254 interior
-46.6615 2.5334 -10.6156 1255 interior
-35.5428 3.0149 -10.6321 1256 interior
-36.2317 4.8087 -6.5431 1257 interior
-35.7675 1.0230 -17.0624 1258 interior
-35.7206 1.3462 -13.6160 1259 interior
-34.5440 3.1587 -4.6736 1260 interior
-34.8295 2.7588 -13.6322 1261 interior
-43.3502 4.0390 -8.9925 1262 interior
-45.6767 14.5087 -10.4652 1263 interior
-42.4143 4.6610 -15.8054 1264 interior
-43.8218 5.1671 -2.9450 1265 interior
-36.5923 3.6572 -14.7316 1266 interior
-36.0013 3.4738 -12.4833 1267 interior
-40.6804 4.3263 -4.7696 1268 interior
-35.0008 2.3368 -14.4780 1269 interior
-34.4506 2.5606 -13.5544 1270 interior
-38.7310 4.2672 -14.4705 1271 interior
-37.9984 4.2593 -6.8048 1272 interior
-38.4469 4.2672 -7.7577 1273 interior
-45.8524 -1.4271 -13.4481 1274 interior
-45.4041 7.6552 -5.2640 1275 interior
-46.5878 -1.8579 -13.0488 1276 interior
-45.6005 -1.8802 -12.3927 1277 interior
-44.2661 -1.2225 -18.4797 1278 interior
-37.5331 1.0230 -18.0848 1279 interior
-44.9863 -0.3488 -17.3207 1280 interior
-43.3542 -0.2898 -17.5397 1281 interior
-44.5024 -1.1823 -16.0261 1282 interior
-39.8437 -1.0777 -16.5062 1283 interior
-41.0002 5.2265 -15.1078 1284 interior
-40.4365 -0.7360 -16.9190 1285 interior
-39.7736 -1.1320 -16.6681 1286 interior
-40.1425 -1.0777 -16.2904 1287 interior
-39.3761 0.2590 -18.0478 1288 interior
-45.1412 -1.0643 -11.8895 1289 interior
-43.9720 -1.0777 -13.5579 1290 interior
-43.8654 -1.0777 -13.5718 1291 interior
-43.8888 -1.0777 -12.3772 1292 interior
-40.1918 -1.0887 -14.2758 1293 interior
-44.8307 4.7693 -12.5414 1294 interior
-36.0008 1.2906 -14.0849 1295 interior
-34.7221 1.6002 -13.5509 1296 interior
-34.8426 1.0263 -12.4626 1297 interior
-34.7300 2.3492 -13.4747 1298 interior
-35.9199 1.2843 -13.6176 1299 interior
-36.1473 -0.0247 -12.2399 1300 interior
-34.8742 1.2892 -12.8524 1301 interior
-36.3967 6.8382 -14.4978 1302 interior
-36.4615 -0.6975 -11.6715 1303 interior
-39.2861 1.4519 -11.4816 1304 interior
-43.4791 0.8304 -9.7359 1305 interior
-38.0732 7.2178 -6.4883 1306 interior
-41.0039 4.1653 -9.1575 1307 interior
-38.4513 3.5580 -7.6978 1308 interior
-38.4313 3.0320 -6.4412 1309 interior
-38.6284 2.9210 -11.7091 1310 interior
-37.0040 2.9267 -7.3152 1311 interior
-43.8083 -1.0777 -11.2313 1312 interior
-43.5790 -1.0893 -11.2261 1313 interior
-43.7145 -1.1283 -10.8818 1314 interior
-40.1742 -0.7030 -11.1808 1315 interior
-34.9504 0.3826 -10.8999 1316 interior
-36.2054 5.6928 -10.4377 1317 interior
-39.0176 1.1248 -8.2388 1318 interior
-39.9415 4.6736 -7.9743 1319 interior
-37.0332 6.5659 -7.7208 1320 interior
-34.1884 1.2446 -14.8590 1321 interior
-34.2805 0.0697 -11.4277 1322 interior
-34.2476 0.5662 -11.2792 1323 interior
-34.0826 0.6210 -7.9193 1324 interior
-34.0119 2.5402 -8.7313 1325 interior
-33.7830 4.0640 -14.0666 1326 interior
-33.4365 2.2127 -7.0041 1327 interior
-33.8844 2.7208 -7.8985 1328 interior
-33.9959 4.6202 -16.7799 1329 interior
-33.9959 4.6273 -16.7799 1330 interior
-33.9834 0.6590 -9.0032 1331 interior
-33.8926 1.0668 -11.9026 1332 interior
-33.4753 -0.8284 -10.1595 1333 interior
-33.1148 -0.7560 -14.3923 1334 interior
-33.0775 -0.0253 -14.6844 1335 interior
-33.1685 -0.8934 -12.8580 1336 interior
-33.2334 -0.7004 -12.8839 1337 interior
-33.2082 -0.4932 -12.5034 1338 interior
-32.8504 0.9145 -14.0433 1339 interior
-33.1216 2.5453 -9.7028 1340 interior
-33.1257 3.5167 -6.7518 1341 interior
-32.3430 -0.7357 -15.2916 1342 interior
-32.3829 -0.7875 -14.6532 1343 interior
-32.4795 -0.8239 -13.7213 1344 interior
-32.6237 0.4626 -6.0062 1345 interior
-32.2465 3.9624 -9.5414 1346 interior
-32.7365 6.3560 -9.2684 1347 interior
-32.5969 2.4072 -14.1240 1348 interior
-32.6692 3.0500 -7.0492 1349 interior
-31.7026 -0.9738 -17.2254 1350 interior
-31.7500 -0.3547 -17.0688 1351 interior
-31.6157 0.2398 -16.4176 1352 interior
-31.7500 0.7991 -17.3101 1353 interior
-31.9941 2.2452 -7.3178 1354 interior
-31.2686 -0.9430 -16.7192 1355 interior
-29.6329 1.6129 -6.4172 1356 interior
-31.1680 -0.8377 -3.4499 1357 interior
-30.3647 -0.8934 -3.6333 1358 interior
-30.3096 -0.6645 -3.6551 1359 interior
-30.3341 -0.5268 -3.6235 1360 interior
-30.3399 -0.3374 -3.3851 1361 interior
-30.5687 13.5445 -5.1308 1362 interior
-30.6510 -0.7371 -10.1150 1363 interior
-31.5785 6.3918 -11.1900 1364 interior
-30.0631 0.1726 -16.0751 1365 interior
-30.4217 0.3377 -12.0548 1366 interior
-31.2016 5.8918 -6.8199 1367 interior
-31.7084 -0.8092 -16.6596 1368 interior
-31.8939 -1.2899 -15.0940 1369 interior
-31.7280 -0.7791 -15.4691 1370 interior
-31.5983 -0.9703 -18.2915 1371 interior
-30.4254 -1.3492 -10.8134 1372 interior
-29.7321 -1.2565 -6.1982 1373 interior
-30.2515 -1.2119 -5.1725 1374 interior
-30.6004 -1.0131 -9.9769 1375 interior
-31.6164 6.4361 -7.8135 1376 interior
-31.1029 -0.8897 -15.9888 1377 interior
-30.1915 -0.4987 -4.7440 1378 interior
-30.7485 6.6424 -8.3805 1379 interior
-30.0966 4.5209 -17.6478 1380 interior
-32.0999 3.8559 -15.4247 1381 interior
-30.7738 -0.6360 -11.0096 1382 interior
-30.3763 1.1269 -4.8009 1383 interior
-29.5680 5.1450 -12.6782 1384 interior
-28.5442 6.3845 -11.3420 1385 interior
-29.4586 7.4109 -12.2720 1386 interior
-29.3741 0.5558 -18.3592 1387 interior
-28.8648 -1.8535 -14.0522 1388 interior
-28.8183 -1.6604 -11.7085 1389 interior
-28.5533 0.0894 -14.2536 1390 interior
-29.1421 8.3038 -9.8850 1391 interior
-27.5688 0.6604 -13.2421 1392 interior
-26.7204 1.0668 -14.5021 1393 interior
-26.7883 3.3782 -13.2588 1394 interior
-26.3029 1.1240 -11.9356 1395 interior
-26.4178 7.1927 -13.0610 1396 interior
-27.1862 4.4263 -10.7188 1397 interior
-26.1936 3.4073 -9.5504 1398 interior
-25.1638 2.7686 -14.0716 1399 interior
-24.5921 0.2431 -11.7470 1400 interior
-23.8011 5.7771 -13.4058 1401 interior
-23.4466 1.0732 -14.5034 1402 interior
-23.1334 4.1712 -12.4496 1403 interior
-23.6847 6.7856 -12.0220 1404 interior
-25.8814 8.4489 -13.1120 1405 interior
-27.3905 8.9220 -13.2668 1406 interior
-27.7777 8.7348 -12.5713 1407 interior
-25.6964 3.3578 -8.1845 1408 interior
-24.7220 7.8155 -8.0354 1409 interior
-22.9383 1.6519 -7.7296 1410 interior
-25.7824 6.3636 -7.5403 1411 interior
-24.2942 8.0005 -7.7252 1412 interior
-26.0237 3.4872 -6.0706 1413 interior
-24.9882 13.5638 -6.2283 1414 interior
-27.4673 1.2690 -6.7310 1415 interior
-26.3428 0.3010 -5.3725 1416 interior
-24.7389 0.5510 -6.5142 1417 interior
-24.8299 0.9315 -6.5258 1418 interior
-23.9672 0.8188 -6.4971 1419 interior
-26.1682 4.0145 -6.8834 1420 interior
-25.9433 14.4096 -7.5339 1421 interior
-25.9161 3.7945 -6.8326 1422 interior
-23.4701 0.5543 -6.5508 1423 interior
-25.1965 4.4704 -6.8370 1424 interior
-24.6099 3.5918 -5.6007 1425 interior
-24.2110 0.7127 -6.4156 1426 interior
-23.4697 0.3923 -6.5423 1427 interior
-24.4391 3.5257 -5.9817 1428 interior
-24.4159 3.7804 -6.7394 1429 interior
-25.6026 12.6481 -6.2411 1430 interior
-26.7355 13.7137 -5.2103 1431 interior
-27.4701 0.8724 -4.6754 1432 interior
-26.6999 0.5042 -4.7120 1433 interior
-26.6436 0.5042 -4.7076 1434 interior
-25.9140 1.8185 -5.0040 1435 interior
-26.6656 0.5042 -4.3126 1436 interior
-23.5774 3.1551 -4.6408 1437 interior
-24.6126 7.0221 -4.3434 1438 interior
-26.9759 0.5042 -4.1963 1439 interior
-26.9690 0.5042 -3.8438 1440 interior
-25.1465 8.1889 -3.9374 1441 interior
-25.8801 1.3716 -5.1972 1442 interior
-26.2636 1.6764 -5.1816 1443 interior
-25.9007 7.1050 -3.0226 1444 interior
-25.4043 3.3020 -3.6492 1445 interior
-26.7854 0.5715 -3.5643 1446 interior
-26.9588 0.5042 -3.4897 1447 interior
-26.9494 0.5042 -3.3173 1448 interior
-24.5941 8.7305 -3.3134 1449 interior
-22.7270 4.0695 -10.9123 1450 interior
-22.6017 -0.6473 -12.8166 1451 interior
-22.5935 -0.6040 -12.3849 1452 interior
-22.8917 4.0437 -9.3868 1453 interior
-22.6700 5.2352 -6.2393 1454 interior
-22.5884 0.4268 -9.3558 1455 interior
-22.5466 1.5733 -13.7433 1456 interior
-22.5438 -0.5644 -13.5813 1457 interior
-21.9359 2.1191 -13.7426 1458 interior
-22.0809 0.2197 -10.4823 1459 interior
-22.5105 0.8783 -10.1073 1460 interior
-22.1818 0.4070 -9.5806 1461 interior
-22.4919 3.3528 -11.5808 1462 interior
-22.0029 1.6912 -12.1187 1463 interior
-22.2704 5.3021 -12.7796 1464 interior
-22.5486 1.4688 -14.2854 1465 interior
-22.4032 3.3313 -14.5034 1466 interior
-21.8115 9.8943 -15.7167 1467 interior
-21.9497 9.3937 -13.2312 1468 interior
-22.2148 6.9904 -11.3135 1469 interior
-22.4328 7.0162 -8.1805 1470 interior
-22.1828 10.3523 -10.1486 1471 interior
-22.0178 10.9532 -12.1328 1472 interior
-22.2394 4.0871 -3.1473 1473 interior
-22.3266 5.7191 -7.9939 1474 interior
-21.7618 6.3413 -9.9187 1475 interior
-21.5902 6.3737 -8.6941 1476 interior
-21.4453 4.6139 -10.1720 1477 interior
-21.3624 6.1008 -5.9082 1478 interior
-20.5308 6.5291 -14.3785 1479 interior
-19.8668 6.8280 -6.6633 1480 interior
-21.2997 7.6013 -8.0530 1481 interior
-18.8365 6.5140 -10.9960 1482 interior
-17.6643 6.8121 -13.7786 1483 interior
-17.2417 0.0572 -10.5847 1484 interior
-17.5768 1.1981 -8.3840 1485 interior
-17.3885 7.4126 -10.6220 1486 interior
-17.9449 8.6311 -10.0519 1487 interior
-17.7741 8.5471 -10.0995 1488 interior
-17.1838 5.7745 -7.5082 1489 interior
-17.0297 6.9133 -14.9951 1490 interior
-17.0185 8.6100 -10.1980 1491 interior
-10.5725 7.7709 -17.6239 1492 interior
-16.0111 0.1529 -12.5333 1493 interior
-15.5448 3.4441 -7.6712 1494 interior
-14.6133 1.1430 -10.5682 1495 interior
-13.8349 4.0132 -8.8412 1496 interior
-14.8787 6.5035 -6.3473 1497 interior
-16.6165 9.4463 -12.4337 1498 interior
-15.3775 7.1819 -6.3416 1499 interior
-13.7406 6.5115 -6.9332 1500 interior
-12.9761 5.9098 -7.4352 1501 interior
-16.0123 6.8834 -4.2572 1502 interior
-14.2939 5.9801 -3.0408 1503 interior
-14.7066 7.3660 -5.4630 1504 interior
-14.9158 -0.3854 -14.2172 1505 interior
-14.7420 -0.2852 -13.3821 1506 interior
-14.4780 0.2362 -12.7001 1507 interior
-12.9286 0.7095 -12.8054 1508 interior
-14.0208 1.7851 -10.7817 1509 interior
-14.2762 5.6298 -9.4234 1510 interior
-15.0948 3.1482 -7.9460 1511 interior
-13.7308 6.5496 -6.5911 1512 interior
-14.5415 7.0866 -4.8006 1513 interior
-16.1190 7.8135 -8.9459 1514 interior
-14.5475 9.8044 -6.4729 1515 interior
-14.6399 11.3783 -5.8071 1516 interior
-14.2426 7.8602 -3.8778 1517 interior
-16.3691 -0.8783 -13.3091 1518 interior
-14.9409 0.0322 -13.7965 1519 interior
-15.3917 0.3275 -12.6971 1520 interior
-16.3473 0.5835 -12.2219 1521 interior
-14.4185 0.2728 -12.5858 1522 interior
-15.5006 2.8896 -10.9914 1523 interior
-13.5762 0.4826 -14.8269 1524 interior
-12.7007 2.1219 -13.8287 1525 interior
-14.0301 0.3366 -13.6779 1526 interior
-14.2140 1.6382 -10.6444 1527 interior
-15.9864 3.1310 -11.1808 1528 interior
-15.2866 4.8393 -12.0996 1529 interior
-14.6691 6.5092 -11.7528 1530 interior
-14.9555 2.3117 -10.7590 1531 interior
-12.5824 0.4714 -12.5853 1532 interior
-14.9520 8.7455 -9.0470 1533 interior
-12.4747 7.4649 -3.7412 1534 interior
-13.1356 1.8288 -3.6348 1535 interior
-17.0078 7.1466 -15.0166 1536 interior
-14.7785 7.1560 -7.7039 1537 interior
-16.7474 11.2579 -13.8430 1538 interior
-14.5195 3.0607 -6.1141 1539 interior
-14.5195 3.0130 -4.4695 1540 interior
-14.6241 5.8134 -4.4958 1541 interior
-14.1915 7.6537 -5.9801 1542 interior
-13.5894 4.0640 -5.3863 1543 interior
-10.4129 2.5591 -16.9034 1544 interior
-13.4856 2.5459 -16.4004 1545 interior
-10.8044 -0.4178 -15.5550 1546 interior
-10.7780 -0.4275 -15.5149 1547 interior
-10.4463 -0.4096 -15.6591 1548 interior
-10.2507 2.5692 -13.0268 1549 interior
-10.5707 3.8411 -13.1734 1550 interior
-10.3953 7.8232 -12.3748 1551 interior
-10.4208 6.5278 -9.8687 1552 interior
-10.2707 4.1727 -7.7649 1553 interior
-10.3534 4.7747 -10.6991 1554 interior
-10.7511 5.8176 -6.4492 1555 interior
-10.5223 7.4168 -6.3334 1556 interior
-11.2740 8.2726 -6.3832 1557 interior
-12.4068 10.5616 -8.2414 1558 interior
-14.3065 7.0866 -4.9982 1559 interior
-14.3152 8.9302 -5.5037 1560 interior
-13.5803 5.8420 -5.3863 1561 interior
-12.4417 7.1615 -3.6429 1562 interior
-12.6211 7.0358 -3.9618 1563 interior
-12.4297 3.7624 -3.4033 1564 interior
-13.7966 9.6106 -3.5634 1565 interior
-10.8364 -0.5294 -15.5189 1566 interior
-10.7673 -0.5591 -15.5091 1567 interior
-10.6902 -0.4906 -15.5203 1568 interior
-10.8785 -0.3063 -15.4849 1569 interior
-10.6932 -0.1157 -15.5276 1570 interior
-10.4210 -0.2631 -15.7014 1571 interior
-10.6366 -0.4612 -15.5229 1572 interior
-10.4416 -0.4472 -15.4908 1573 interior
-10.4577 -0.1749 -15.5239 1574 interior
-10.2949 -0.1528 -15.6494 1575 interior
-10.8714 -0.2549 -16.1911 1576 interior
-10.9728 1.0677 -12.8110 1577 interior
-10.9728 4.4912 -10.5813 1578 interior
-10.9728 9.4285 -10.4805 1579 interior
-10.2197 11.5829 -5.4579 1580 interior
-12.0517 6.5726 -8.4814 1581 interior
-17.0126 6.6168 -10.6144 1582 interior
-14.1348 3.4417 -17.9577 1583 interior
-14.8794 -0.0633 -13.0484 1584 interior
-14.5966 -0.0995 -13.8538 1585 interior
-13.7751 0.1571 -13.7763 1586 interior
-13.3521 0.5254 -13.8631 1587 interior
-14.4903 -0.0417 -13.0266 1588 interior
-16.6336 1.6820 -6.2513 1589 interior
-10.2006 2.8725 -4.7270 1590 interior
-10.1983 6.7599 -8.2916 1591 interior
-9.5127 0.1767 -17.0601 1592 interior
-10.1415 -0.6132 -15.7439 1593 interior
-9.8426 -0.3224 -15.7965 1594 interior
-9.8194 -0.6300 -15.8602 1595 interior
-9.4706 -0.5926 -16.0599 1596 interior
-9.4640 -0.4949 -16.0375 1597 interior
-9.6313 -0.3517 -15.9992 1598 interior
-9.5670 -0.3589 -16.0776 1599 interior
-9.6632 -0.6299 -15.7355 1600 interior
-9.6346 -0.3751 -15.8517 1601 interior
-9.8618 -0.0946 -15.8548 1602 interior
-9.7500 -0.2062 -15.8962 1603 interior
-9.6660 0.0221 -15.8686 1604 interior
-9.7830 0.2177 -15.9402 1605 interior
-9.6573 0.1240 -15.7632 1606 interior
-10.0236 1.6161 -14.6555 1607 interior
-9.9063 2.2352 -14.0157 1608 interior
-9.7812 2.5717 -13.5800 1609 interior
-10.0266 3.6618 -12.7278 1610 interior
-10.0653 6.9342 -12.8411 1611 interior
-10.1092 11.9383 -10.5097 1612 interior
-9.6256 14.3319 -10.8652 1613 interior
-9.9539 8.0276 -5.8926 1614 interior
-9.6393 1.3343 -4.1266 1615 interior
-9.9539 8.1416 -4.3635 1616 interior
-9.7527 8.5792 -3.8612 1617 interior
-9.9758 8.0264 -4.0640 1618 interior
-6.9410 7.8075 -10.5335 1619 interior
-6.5874 8.2296 -9.6437 1620 interior
-6.5593 10.4648 -11.4491 1621 interior
-8.5146 11.5878 -10.1465 1622 interior
-7.4015 11.4947 -7.4440 1623 interior
-7.5840 10.4702 -6.7691 1624 interior
-7.5184 8.8633 -12.5631 1625 interior
-6.8072 10.0203 -7.2600 1626 interior
-6.6041 13.9199 -10.8510 1627 interior
-6.0169 7.3099 -6.5632 1628 interior
-7.2644 5.5626 -5.1943 1629 interior
-7.4557 6.0952 -5.3884 1630 interior
-6.8594 6.6135 -5.4870 1631 interior
-6.8437 6.2484 -4.2684 1632 interior
-6.8937 8.0661 -5.6523 1633 interior
-6.5861 9.9409 -5.8420 1634 interior
-7.6349 4.3681 -3.9081 1635 interior
-7.0846 8.3423 -4.1635 1636 interior
-7.2164 6.3468 -3.5878 1637 interior
-6.8437 5.4102 -3.4290 1638 interior
-6.8183 8.1153 -3.6576 1639 interior
-6.4288 6.9909 -5.7463 1640 interior
-8.7588 8.0276 -6.2274 1641 interior
-6.8470 11.7295 -11.9669 1642 interior
-7.0728 13.8616 -10.7666 1643 interior
-5.9586 11.9333 -8.4741 1644 interior
-6.2230 13.3370 -5.2981 1645 interior
-6.9267 5.8420 -3.1625 1646 interior
-7.0846 5.8351 -4.1518 1647 interior
-8.8670 6.3523 -9.7357 1648 interior
-7.4422 12.2220 -8.3854 1649 interior
-9.2833 4.4058 -13.6740 1650 interior
-9.2757 7.6011 -13.6740 1651 interior
-8.9063 1.2588 -17.1225 1652 interior
-9.2188 5.5687 -11.2098 1653 interior
-7.6200 12.7815 -11.2662 1654 interior
-8.1953 8.0826 -8.1272 1655 interior
-8.7039 5.3451 -3.6061 1656 interior
-59.3050 9.8076 -2.7904 1657 interior
-56.9250 -0.3490 -2.4891 1658 interior
-43.8513 -1.1794 -2.0379 1659 interior
-43.6917 -1.2007 -1.4822 1660 interior
-57.7878 15.9543 -1.8870 1661 interior
-52.8249 8.0391 -1.3999 1662 interior
-41.8098 0.3493 -0.8334 1663 interior
-58.5095 16.0625 -2.1926 1664 interior
-46.7483 2.1328 -0.2738 1665 interior
-40.2036 0.5547 -0.4076 1666 interior
-46.5373 6.1493 -2.7262 1667 interior
-49.9165 7.9591 -0.9677 1668 interior
-58.9117 -0.6473 -1.6403 1669 interior
-55.7390 -2.0262 -1.1170 1670 interior
-55.4020 -2.0241 -0.4136 1671 interior
-55.3582 -2.0205 -0.2851 1672 interior
-49.9747 -1.5506 -2.4065 1673 interior
-50.1278 -0.9808 -1.2659 1674 interior
-50.5287 -0.5942 -1.0444 1675 interior
-50.3930 -0.6667 -1.2062 1676 interior
-50.3700 -0.7636 -0.6624 1677 interior
-52.0788 -1.7071 -0.2637 1678 interior
-46.7819 -0.0057 -0.4032 1679 interior
-46.7914 1.5115 -0.4247 1680 interior
-40.7948 1.6602 -1.8330 1681 interior
-36.2490 2.6346 -2.0380 1682 interior
-35.9677 7.9600 -1.2388 1683 interior
-28.8960 0.7757 -1.8034 1684 interior
-28.7591 1.0926 -1.1056 1685 interior
-29.4487 1.4994 -0.3839 1686 interior
-29.2329 1.4616 -1.0233 1687 interior
-28.3505 8.2340 -2.1277 1688 interior
-26.9390 0.5042 -2.8380 1689 interior
-26.9390 0.5042 -2.8266 1690 interior
-26.9748 0.5042 -2.5082 1691 interior
-27.0106 0.5042 -2.2878 1692 interior
-27.0106 0.7074 -2.2665 1693 interior
-26.8984 1.4239 -1.8600 1694 interior
-26.9674 1.6256 -2.1844 1695 interior
-26.8158 0.8935 -1.3508 1696 interior
-25.7659 3.6848 -1.7653 1697 interior
-24.4650 3.3740 -1.8034 1698 interior
-26.2993 5.9419 -2.2860 1699 interior
-22.7610 7.0711 -0.9263 1700 interior
-26.8891 8.6537 -1.6764 1701 interior
-15.5194 3.4830 -2.5007 1702 interior
-11.6713 1.7018 -2.4562 1703 interior
-10.4204 2.2692 -2.7259 1704 interior
-14.7070 8.0137 -2.3144 1705 interior
-14.1412 5.2836 -2.2416 1706 interior
-14.2843 8.0700 -2.0548 1707 interior
-11.7576 8.3132 -1.7006 1708 interior
-13.8811 6.4521 -1.5817 1709 interior
-20.3928 7.0230 -1.2438 1710 interior
-10.0549 4.2176 -1.0164 1711 interior
-14.0970 7.1610 -0.9474 1712 interior
-12.4079 5.7912 -0.7373 1713 interior
-14.5621 2.1209 -0.6096 1714 interior
-10.1914 4.2176 -1.0145 1715 interior
-11.9888 4.5407 -1.4996 1716 interior
-12.9480 7.5015 -0.9049 1717 interior
-59.2157 -1.0800 -2.7216 1718 interior
-50.9130 0.3821 -1.6207 1719 interior
-49.9887 0.4228 -1.6282 1720 interior
-50.8144 0.8075 -1.6444 1721 interior
-45.6168 6.5278 -2.3216 1722 interior
-49.9081 0.1242 -1.6934 1723 interior
-50.0021 0.3731 -1.7961 1724 interior
-49.9688 0.6405 -1.8222 1725 interior
-50.4155 0.7537 -1.6857 1726 interior
-50.9744 0.1324 -0.5835 1727 interior
-22.2271 2.7882 -0.6858 1728 interior
-22.5719 5.7018 -2.3962 1729 interior
-25.2028 1.6548 -0.4689 1730 interior
-24.0065 3.0133 -0.4684 1731 interior
-22.5919 8.1594 -1.3554 1732 interior
-22.5796 10.1049 -0.5848 1733 interior
-11.7371 2.9381 -2.1103 1734 interior
-14.6419 6.3091 -2.7853 1735 interior
-7.2789 8.3196 -2.1923 1736 interior
-10.8903 8.2804 -1.6540 1737 interior
-14.3256 5.4856 -2.7436 1738 interior
-7.6065 3.0904 -2.4589 1739 interior
-11.8220 7.8740 -1.1816 1740 interior
-11.4621 7.4901 -1.1242 1741 interior
-14.1465 1.6730 -0.8707 1742 interior
-14.3263 1.8977 -0.8706 1743 interior
-13.1374 5.3829 -1.0600 1744 interior
-6.3123 6.4103 -0.9925 1745 interior
-50.7142 0.2396 -0.5650 1746 interior
-51.0073 0.5328 -0.6928 1747 interior
-49.9675 0.1754 -0.8750 1748 interior
-49.8909 0.4927 -0.9941 1749 interior
-21.7659 3.0601 -0.6999 1750 interior
-14.7383 7.8864 -1.5049 1751 interior
-12.0242 6.3938 -1.3432 1752 interior
-6.7336 3.7084 -1.8463 1753 interior
-6.4415 4.6385 -2.1740 1754 interior
-5.8812 5.7800 -1.6573 1755 interior
-6.4532 5.9893 -2.8650 1756 interior
-7.4536 13.5001 -2.5731 1757 interior
-8.6582 8.9639 -1.0084 1758 interior
-6.1192 5.7146 -0.5454 1759 interior
-6.5114 7.2388 -1.6430 1760 interior
-48.5917 -0.4865 -1.7157 1761 interior
-48.9443 0.5871 -1.3540 1762 interior
-48.9218 -0.3596 -1.6847 1763 interior
-46.8801 -1.4037 -2.3674 1764 interior
-61.3603 6.5265 -2.6088 1765 interior
-43.7513 4.5744 -2.6135 1766 interior
-31.1621 3.2995 -2.2844 1767 interior
-8.0179 6.6090 -1.6794 1768 interior
-17.3916 10.0879 -0.8368 1769 interior
-15.1013 12.6846 -2.8777 1770 interior
-30.2455 5.1313 -2.0252 1771 interior
-46.0578 -0.8548 -2.1685 1772 interior
-46.5996 -1.3858 -0.6189 1773 interior
-45.9571 -0.5368 -1.2689 1774 interior
-19.6096 2.2352 -2.2175 1775 interior
-56.1098 6.1364 0.0786 1776 interior
-54.8580 -1.5528 1.3204 1777 interior
-55.0589 7.6497 0.6462 1778 interior
-57.0033 -0.6480 1.6515 1779 interior
-57.0128 2.0092 2.0381 1780 interior
-55.1729 -1.5568 1.8962 1781 interior
-56.6238 -0.5531 2.4659 1782 interior
-56.9626 2.6268 2.5482 1783 interior
-58.0255 3.0226 2.7413 1784 interior
-53.9515 -1.7939 2.8498 1785 interior
-57.0878 2.7437 3.4548 1786 interior
-53.7688 -1.4782 3.4738 1787 interior
-54.2107 -1.0796 4.2118 1788 interior
-53.7201 -1.6264 4.4986 1789 interior
-53.8605 -1.2559 4.9644 1790 interior
-55.6998 3.5064 4.7442 1791 interior
-54.5906 2.6416 4.3176 1792 interior
-56.9836 6.9596 3.5648 1793 interior
-56.0062 10.3692 3.4147 1794 interior
-52.2489 6.1271 3.4858 1795 interior
-51.2039 6.1368 4.9554 1796 interior
-51.1682 7.1980 2.9919 1797 interior
-50.2800 6.4275 3.3540 1798 interior
-50.0412 0.2607 -0.1836 1799 interior
-46.7171 0.0505 -0.1703 1800 interior
-46.7172 3.0187 -0.1843 1801 interior
-49.1149 6.5532 0.8159 1802 interior
-47.9256 6.1468 1.0664 1803 interior
-46.7753 4.7375 3.1496 1804 interior
-49.8701 6.5278 2.2312 1805 interior
-42.6447 5.8226 2.3784 1806 interior
-53.4952 -1.3389 5.0825 1807 interior
-53.4577 -1.0550 5.8310 1808 interior
-52.4686 -2.0194 5.8019 1809 interior
-52.8255 -1.6222 6.5146 1810 interior
-50.1264 12.4165 6.2774 1811 interior
-52.9269 6.1369 5.7233 1812 interior
-42.1132 5.6280 5.3266 1813 interior
-55.4639 7.4232 5.4693 1814 interior
-48.8767 6.2484 5.0721 1815 interior
-41.1824 7.1354 0.2637 1816 interior
-40.5590 0.0727 -0.1020 1817 interior
-40.8448 1.9393 2.1306 1818 interior
-37.6448 2.4384 1.5069 1819 interior
-38.2847 3.6663 0.4510 1820 interior
-39.2842 5.4523 1.6574 1821 interior
-38.0803 5.8893 1.3965 1822 interior
-37.4296 5.4523 1.3852 1823 interior
-37.2096 5.8893 1.3965 1824 interior
-37.7330 1.7065 3.8314 1825 interior
-40.1388 -0.7796 4.4989 1826 interior
-40.1640 -0.7261 4.8447 1827 interior
-39.8290 -0.6298 5.3520 1828 interior
-40.0968 -0.9344 4.9064 1829 interior
-40.3818 -0.5653 4.5595 1830 interior
-39.6651 -0.3726 4.8440 1831 interior
-39.0833 -0.9074 5.2259 1832 interior
-40.0206 -0.2032 4.8372 1833 interior
-39.3587 -0.4815 6.0314 1834 interior
-38.9133 -0.5731 4.8891 1835 interior
-38.8134 -0.2381 4.9182 1836 interior
-38.5652 -1.0312 5.4426 1837 interior
-37.5681 -1.4138 5.4239 1838 interior
-37.5942 -1.2078 5.3423 1839 interior
-37.7115 -0.6604 5.3484 1840 interior
-37.5775 -0.6604 5.3399 1841 interior
-37.5876 -0.4356 5.3428 1842 interior
-37.5830 -0.2032 5.3994 1843 interior
-37.5788 -0.0711 5.3481 1844 interior
-40.2334 1.0111 5.3616 1845 interior
-38.4937 1.0624 6.0702 1846 interior
-36.8658 2.5330 3.7394 1847 interior
-39.3735 3.4612 3.4771 1848 interior
-38.7902 5.9944 2.8479 1849 interior
-38.2892 5.4523 2.5724 1850 interior
-34.7980 3.0506 0.7760 1851 interior
-36.4928 6.3552 1.8288 1852 interior
-31.3020 1.8291 0.0923 1853 interior
-31.3829 4.0640 3.3219 1854 interior
-33.3579 1.1005 3.7529 1855 interior
-30.2529 1.4384 1.8637 1856 interior
-29.8111 0.9430 0.1568 1857 interior
-29.7981 2.0258 0.9115 1858 interior
-29.8010 1.1194 1.4129 1859 interior
-30.1515 6.2832 2.5403 1860 interior
-28.8163 3.4036 0.0508 1861 interior
-28.0780 1.0975 0.7647 1862 interior
-28.8133 3.3387 0.0508 1863 interior
-25.7503 3.3404 0.7405 1864 interior
-25.0055 8.3159 0.1195 1865 interior
-26.5627 0.5055 0.8479 1866 interior
-26.5627 0.6706 0.8479 1867 interior
-26.5627 1.2675 0.8479 1868 interior
-25.9340 2.1414 1.5240 1869 interior
-26.6958 6.5760 1.6299 1870 interior
-26.5627 0.8935 0.8479 1871 interior
-25.6019 6.0536 0.7478 1872 interior
-26.5627 0.8935 0.8479 1873 interior
-25.1984 1.9486 1.3262 1874 interior
-26.8976 1.5240 2.4424 1875 interior
-27.7551 2.2244 2.6649 1876 interior
-25.7842 3.1269 2.7180 1877 interior
-25.3761 1.6388 2.5612 1878 interior
-26.7293 8.5242 3.0734 1879 interior
-27.2429 7.9260 3.6068 1880 interior
-30.3151 6.8994 4.8453 1881 interior
-30.2389 7.6606 4.8648 1882 interior
-31.6230 6.2748 5.4864 1883 interior
-31.9532 3.4544 5.4864 1884 interior
-25.4251 3.3111 4.5809 1885 interior
-28.1252 0.9302 4.3652 1886 interior
-26.9113 1.6321 4.0637 1887 interior
-27.3004 3.3429 6.1286 1888 interior
-31.7675 1.3678 5.6730 1889 interior
-27.2338 3.5974 6.2484 1890 interior
-54.7471 -0.8964 6.8319 1891 interior
-50.4896 2.6525 11.3622 1892 interior
-53.9746 8.0518 9.0099 1893 interior
-43.5384 3.8529 6.5770 1894 interior
-39.9085 -0.4494 7.5172 1895 interior
-39.0652 0.0038 7.1628 1896 interior
-38.9128 0.0000 6.8910 1897 interior
-38.9099 -0.4521 6.9821 1898 interior
-36.5718 -0.2578 6.9948 1899 interior
-32.8451 0.8839 7.1051 1900 interior
-32.7684 0.8839 7.1103 1901 interior
-32.6680 0.8839 7.1162 1902 interior
-32.7431 0.6459 6.6257 1903 interior
-31.8936 5.6972 6.8902 1904 interior
-27.9146 3.3401 7.7455 1905 interior
-31.0801 2.1895 9.5135 1906 interior
-32.2650 1.7890 12.5345 1907 interior
-31.0129 0.8227 12.4225 1908 interior
-30.1344 1.1684 11.5563 1909 interior
-30.0675 3.4036 13.1572 1910 interior
-25.9473 3.7782 12.6428 1911 interior
-26.1426 3.0302 10.5261 1912 interior
-31.2305 3.9866 9.6864 1913 interior
-32.2925 1.8046 12.2901 1914 interior
-30.8792 0.8182 12.2731 1915 interior
-28.8927 2.6313 9.7727 1916 interior
-28.1141 8.7473 8.1280 1917 interior
-31.9429 0.9430 11.4865 1918 interior
-31.7964 1.3243 12.7704 1919 interior
-49.0791 -0.6426 7.0049 1920 interior
-36.4202 0.3162 9.1719 1921 interior
-32.5672 1.3330 9.0906 1922 interior
-32.5643 1.3330 9.2702 1923 interior
-32.5790 1.3330 9.4949 1924 interior
-32.7861 0.8415 8.6907 1925 interior
-31.7555 1.3332 9.5527 1926 interior
-28.5751 2.3650 7.4639 1927 interior
-30.3727 1.3330 7.5485 1928 interior
-25.2241 4.3749 7.0697 1929 interior
-25.2250 3.5974 8.4074 1930 interior
-25.2176 4.7248 9.0170 1931 interior
-25.9894 4.0334 9.0170 1932 interior
-25.9894 3.9379 9.7028 1933 interior
-25.1711 14.3290 8.7376 1934 interior
-54.2189 -0.3788 6.9583 1935 interior
-46.4312 3.9116 8.2804 1936 interior
-38.6467 -0.4712 7.8351 1937 interior
-27.8674 4.4491 9.5956 1938 interior
-46.8104 9.9994 11.6428 1939 interior
-37.8661 9.4941 6.5333 1940 interior
-30.7792 3.4036 13.6144 1941 interior
-55.4422 2.6202 10.3565 1942 interior
-32.6672 1.2718 12.9959 1943 interior
-32.1149 0.9623 12.8036 1944 interior
-32.9229 1.5240 13.0143 1945 interior
-29.5136 4.5403 11.3470 1946 interior
-25.8681 3.2095 8.8332 1947 interior
-44.5905 8.2302 15.5964 1948 interior
-27.6575 7.4135 15.3924 1949 interior
-50.7877 -2.2493 17.6777 1950 interior
-32.2919 1.7890 16.6222 1951 interior
-31.7500 1.7073 17.1360 1952 interior
-27.8444 6.0610 17.2108 1953 interior
-26.0186 7.9720 18.6010 1954 interior
-24.6460 10.2600 18.4554 1955 interior
-41.8000 6.2793 19.4506 1956 interior
-43.3333 7.5802 20.1886 1957 interior
-50.2909 -2.2459 21.1814 1958 interior
-49.9217 -2.2475 23.7361 1959 interior
-41.8988 7.2267 20.7387 1960 interior
-33.6813 6.8348 21.3420 1961 interior
-42.1230 5.9110 23.9796 1962 interior
-39.2567 7.2959 20.4525 1963 interior
-50.3754 -0.6414 24.1741 1964 interior
-40.0750 5.9182 21.0375 1965 interior
-27.5532 6.5421 25.8714 1966 interior
-27.2924 8.0799 27.2320 1967 interior
-35.0662 8.0800 27.8511 1968 interior
-43.1648 5.3127 27.8802 1969 interior
-25.8160 6.8605 30.4879 1970 interior
-25.1674 8.9384 33.9785 1971 interior
-24.8681 8.8601 35.2764 1972 interior
-34.8861 8.2331 43.7565 1973 interior
-29.1390 10.7497 45.8593 1974 interior
-26.7279 12.4790 48.7462 1975 interior
-25.1836 15.2032 48.1519 1976 interior
-25.6638 10.0258 47.7215 1977 interior
-25.9354 14.5652 46.1486 1978 interior
-28.4179 12.7853 49.7666 1979 interior
-29.8659 12.1400 51.4524 1980 interior
-29.1330 14.1780 54.0322 1981 interior
-28.2840 15.7519 52.9117 1982 interior
-27.7367 9.0434 49.4343 1983 interior
-27.7866 11.0293 49.4729 1984 interior
-27.8932 15.7554 53.4711 1985 interior
-27.5169 9.0998 49.4857 1986 interior
-27.4682 11.5292 49.5610 1987 interior
-27.1282 10.6407 53.6235 1988 interior
-27.2503 12.5712 52.9705 1989 interior
-25.5211 19.0082 53.5133 1990 interior
-27.6961 14.9932 52.3739 1991 interior
-27.4282 9.5200 49.5474 1992 interior
-26.0437 16.9203 52.3103 1993 interior
-27.6019 8.2654 49.4977 1994 interior
-27.6212 9.7937 49.4768 1995 interior
-26.1498 10.0257 51.0852 1996 interior
-25.9779 10.7787 51.3040 1997 interior
-26.0226 10.6407 52.6085 1998 interior
-27.6126 10.7183 53.8179 1999 interior
-25.8493 14.4329 50.9452 2000 interior
-27.1052 19.0120 54.0383 2001 interior
-28.3648 10.9388 55.4189 2002 interior
-28.6997 15.4905 56.1067 2003 interior
-32.1378 14.0001 57.2811 2004 interior
-23.1202 6.8251 0.7848 2005 interior
-22.5044 7.0060 1.2361 2006 interior
-22.9754 7.0200 2.7942 2007 interior
-24.6029 8.2055 3.5686 2008 interior
-23.8221 7.1545 4.2418 2009 interior
-23.8729 6.3130 3.6180 2010 interior
-24.2081 1.2052 6.4159 2011 interior
-23.8221 3.4247 6.9596 2012 interior
-24.3397 4.3894 8.0205 2013 interior
-23.6675 11.0007 7.8176 2014 interior
-23.9206 10.2785 8.2508 2015 interior
-23.1971 8.5318 10.4017 2016 interior
-22.9124 7.0499 17.8032 2017 interior
-24.1427 3.6957 15.9906 2018 interior
-22.1382 7.9298 18.3341 2019 interior
-21.9807 10.1024 15.5787 2020 interior
-19.2456 7.6626 6.5279 2021 interior
-21.7618 6.9767 10.5290 2022 interior
-20.1384 5.5127 4.3038 2023 interior
-21.7618 7.8786 6.9125 2024 interior
-19.4083 -0.3487 6.7656 2025 interior
-17.6185 1.3000 11.1989 2026 interior
-17.6747 1.8159 11.2577 2027 interior
-18.3591 13.0038 9.7324 2028 interior
-21.1012 0.9643 15.1621 2029 interior
-19.6478 6.9440 20.7002 2030 interior
-21.6666 11.2930 -0.1402 2031 interior
-21.0075 2.7604 0.0603 2032 interior
-20.5232 2.9831 8.1509 2033 interior
-20.5232 2.8448 8.9622 2034 interior
-21.4937 12.9071 8.1578 2035 interior
-21.6355 8.4803 14.3029 2036 interior
-21.6342 8.8098 13.3706 2037 interior
-21.4825 10.6593 15.4055 2038 interior
-19.4212 7.8599 6.7212 2039 interior
-18.1074 7.3854 9.3053 2040 interior
-22.2299 8.1177 22.2814 2041 interior
-19.8249 9.0060 27.8539 2042 interior
-21.7661 8.8519 34.1035 2043 interior
-18.1465 9.5711 34.2031 2044 interior
-22.7582 11.8298 35.9266 2045 interior
-18.5805 9.9185 36.1470 2046 interior
-18.6700 11.2736 37.0513 2047 interior
-20.9671 6.5727 37.9898 2048 interior
-20.3593 9.2384 38.1106 2049 interior
-20.7017 5.0977 37.7450 2050 interior
-21.0392 9.7568 38.3799 2051 interior
-20.2394 8.3810 38.1377 2052 interior
-21.8234 8.0459 36.1961 2053 interior
-19.5074 13.6929 35.1933 2054 interior
-18.0884 11.1697 38.4050 2055 interior
-20.0465 9.9100 38.5111 2056 interior
-20.1356 12.6413 38.5256 2057 interior
-18.0943 12.8498 38.4411 2058 interior
-19.9764 11.7328 38.5031 2059 interior
-20.0563 11.5991 38.6907 2060 interior
-18.0933 11.1216 38.5269 2061 interior
-20.1524 8.7407 38.7199 2062 interior
-20.1309 9.6822 38.5940 2063 interior
-20.0769 8.5362 38.5721 2064 interior
-20.0265 9.8012 38.6701 2065 interior
-23.3902 10.4724 38.5849 2066 interior
-18.0884 13.0324 38.5269 2067 interior
-20.1059 11.2889 38.5619 2068 interior
-21.0283 9.6109 38.8550 2069 interior
-22.7957 10.1819 38.7477 2070 interior
-20.0551 11.5920 38.5570 2071 interior
-19.9544 11.1601 38.6332 2072 interior
-19.2159 14.0469 38.5771 2073 interior
-20.7240 12.3528 39.1319 2074 interior
-18.6703 11.8709 38.8826 2075 interior
-20.3736 13.2996 39.2462 2076 interior
-21.0858 9.4098 39.8976 2077 interior
-23.6603 10.5974 40.1585 2078 interior
-23.4705 11.7356 41.1045 2079 interior
-21.4200 9.4024 42.1898 2080 interior
-23.3745 10.2997 41.0791 2081 interior
-23.7905 11.0390 44.1594 2082 interior
-23.4612 13.1190 44.0815 2083 interior
-20.2712 13.7028 43.3802 2084 interior
-20.8062 14.6431 42.5904 2085 interior
-22.0560 14.4599 43.6894 2086 interior
-21.7277 14.4653 42.6444 2087 interior
-23.3285 13.7201 44.2114 2088 interior
-19.6846 13.9679 42.3772 2089 interior
-21.6365 14.4653 42.4290 2090 interior
-20.6311 15.7226 42.5131 2091 interior
-24.0401 14.4641 44.2045 2092 interior
-22.1502 16.1608 43.9768 2093 interior
-21.6281 16.5008 42.2021 2094 interior
-21.6765 16.2826 42.4370 2095 interior
-19.0836 18.0389 42.2188 2096 interior
-18.9885 16.5147 41.6425 2097 interior
-20.4816 17.4936 40.8712 2098 interior
-20.7420 16.8966 42.5683 2099 interior
-19.7423 18.9786 45.1804 2100 interior
-24.5423 13.1047 46.0966 2101 interior
-24.2342 14.8251 46.5675 2102 interior
-23.7666 15.9383 49.8574 2103 interior
-10.5029 7.8688 3.6397 2104 interior
-12.8339 3.0415 6.2016 2105 interior
-12.1671 7.8661 4.8422 2106 interior
-16.4614 5.2230 8.0264 2107 interior
-13.5289 7.0321 5.7704 2108 interior
-12.1626 9.7028 6.5194 2109 interior
-10.0859 6.5359 6.9515 2110 interior
-10.4974 7.5930 4.0385 2111 interior
-14.5002 3.7263 11.7142 2112 interior
-13.3293 6.9276 9.4569 2113 interior
-16.4096 10.8428 10.2717 2114 interior
-10.7474 10.3963 9.4361 2115 interior
-16.5503 12.9758 9.9962 2116 interior
-9.6520 11.4774 11.7057 2117 interior
-10.0079 9.4082 12.1186 2118 interior
-10.3941 6.1520 16.0091 2119 interior
-9.4665 5.9546 19.5184 2120 interior
-9.2075 4.6453 22.2341 2121 interior
-15.8530 18.7931 40.1970 2122 interior
-16.9110 17.1655 40.1756 2123 interior
-16.6783 16.0934 40.3750 2124 interior
-13.8644 15.6580 20.1588 2125 interior
-9.2051 4.4388 22.1758 2126 interior
-9.2283 4.3811 22.2330 2127 interior
-9.2113 4.7315 22.2581 2128 interior
-15.5691 13.9591 39.8978 2129 interior
-15.8294 17.2718 40.0936 2130 interior
-8.8543 7.4324 -0.1273 2131 interior
-7.6907 10.0818 1.1334 2132 interior
-10.2712 7.2572 7.4701 2133 interior
-10.1606 9.8831 10.3132 2134 interior
-12.4718 6.4447 11.3948 2135 interior
-16.7744 1.2723 15.0033 2136 interior
-16.6836 1.2981 14.9752 2137 interior
-10.8208 4.6451 15.3394 2138 interior
-11.9729 13.5576 13.1851 2139 interior
-10.4056 6.3451 19.9036 2140 interior
-10.6056 6.5015 22.9130 2141 interior
-11.1723 4.0374 5.5124 2142 interior
-16.7207 1.2524 15.5996 2143 interior
-10.1605 5.9182 16.2508 2144 interior
-11.9380 11.6345 16.6787 2145 interior
-17.3945 5.7426 6.3644 2146 interior
-13.9891 10.2489 0.9114 2147 interior
-16.4133 6.0106 11.6173 2148 interior
-11.7856 7.8032 4.8724 2149 interior
-14.8035 3.5214 11.5448 2150 interior
-10.0092 5.8024 9.3407 2151 interior
-13.6970 9.1226 9.2334 2152 interior
-12.1920 11.0998 7.2707 2153 interior
-10.5664 11.8719 7.2707 2154 interior
-12.0600 7.4676 0.2610 2155 interior
-12.0258 9.0232 0.3294 2156 interior
-6.4303 7.8086 -0.1571 2157 interior
-12.4508 6.4752 2.9358 2158 interior
-10.4584 8.0811 2.7706 2159 interior
-10.6181 3.8313 8.8685 2160 interior
-12.0015 4.0831 5.8443 2161 interior
-14.6463 3.7624 7.6440 2162 interior
-9.4041 4.4958 7.2675 2163 interior
-11.9126 6.2421 8.6336 2164 interior
-9.9441 7.8091 7.5068 2165 interior
-10.6317 8.3623 2.5622 2166 interior
-11.9888 8.7440 3.2786 2167 interior
-10.2489 9.2624 5.9722 2168 interior
-12.4999 12.2269 2.8575 2169 interior
-14.5108 12.4968 7.1330 2170 interior
-10.0076 12.0396 8.4963 2171 interior
-12.6492 13.5575 6.8930 2172 interior
-12.0089 10.4514 5.4231 2173 interior
-14.6399 13.5576 7.1025 2174 interior
-10.4394 10.5283 7.2771 2175 interior
-11.0934 12.4968 7.2884 2176 interior
-5.9768 5.8280 6.5752 2177 interior
-7.5026 3.5392 9.3239 2178 interior
-12.9421 10.1600 9.6139 2179 interior
-14.4438 2.9079 12.0069 2180 interior
-16.4052 12.2199 11.5219 2181 interior
-14.4394 6.7736 11.8869 2182 interior
-12.3401 9.0471 10.4974 2183 interior
-10.4108 9.5694 12.1912 2184 interior
-16.8889 1.4817 14.2674 2185 interior
-16.6798 1.4023 14.9097 2186 interior
-16.4973 1.9114 15.1892 2187 interior
-16.8295 0.5414 15.4232 2188 interior
-16.9810 0.6766 15.4163 2189 interior
-16.7160 0.9649 15.4162 2190 interior
-16.8937 0.9905 15.3988 2191 interior
-16.7323 1.0170 15.4194 2192 interior
-16.7085 1.0534 15.4190 2193 interior
-16.6876 1.0861 15.4188 2194 interior
-16.5118 1.2003 15.6482 2195 interior
-16.6834 1.3978 15.6050 2196 interior
-16.6013 1.6144 15.4193 2197 interior
-16.6766 1.7554 15.2120 2198 interior
-16.6355 1.3378 16.0561 2199 interior
-16.5519 1.4923 16.4951 2200 interior
-14.7675 4.2250 14.5542 2201 interior
-10.3236 6.6564 14.2312 2202 interior
-11.3466 5.9122 14.7256 2203 interior
-10.7489 5.2254 14.7505 2204 interior
-10.3257 5.8953 14.8166 2205 interior
-9.9822 6.7564 14.0462 2206 interior
-17.0903 8.2966 13.1360 2207 interior
-14.1688 5.3795 17.1523 2208 interior
-12.8720 5.2719 17.1523 2209 interior
-10.1358 6.0154 20.1553 2210 interior
-9.4478 5.8953 25.6777 2211 interior
-14.5407 9.8001 26.0298 2212 interior
-14.5176 10.4648 25.7058 2213 interior
-6.4303 8.7879 -0.1578 2214 interior
-13.9897 8.8117 2.7475 2215 interior
-9.9456 8.0772 0.3048 2216 interior
-5.9670 8.0189 0.8080 2217 interior
-9.5529 7.2844 4.5847 2218 interior
-8.1797 6.8549 2.7619 2219 interior
-10.7122 4.0590 3.3346 2220 interior
-12.4427 7.2580 4.1051 2221 interior
-9.5832 14.2367 3.4544 2222 interior
-7.1195 8.7936 5.5684 2223 interior
-16.7980 0.9170 7.8645 2224 interior
-16.7597 1.0851 7.9330 2225 interior
-16.6775 1.1034 7.9315 2226 interior
-16.6656 1.2211 7.9498 2227 interior
-16.7412 1.2606 7.9318 2228 interior
-16.6790 1.4551 7.9329 2229 interior
-15.0707 0.2053 7.2462 2230 interior
-13.1507 0.2636 7.2630 2231 interior
-14.7104 3.7246 7.5536 2232 interior
-6.1320 4.0704 6.3278 2233 interior
-6.6242 5.1181 6.6548 2234 interior
-6.6221 5.8699 6.8578 2235 interior
-5.9268 2.6784 7.3423 2236 interior
-7.0701 5.3472 8.0278 2237 interior
-6.9785 5.4202 8.0330 2238 interior
-6.2488 5.4248 8.0502 2239 interior
-6.7056 8.9916 7.5571 2240 interior
-11.8184 11.9632 7.4569 2241 interior
-10.9669 9.1038 7.5572 2242 interior
-17.1031 1.2584 8.8964 2243 interior
-17.1445 2.1753 9.5571 2244 interior
-16.7124 2.9308 8.4966 2245 interior
-15.6464 4.0803 9.5885 2246 interior
-14.9210 4.0548 11.8227 2247 interior
-16.5388 4.4206 11.7925 2248 interior
-16.6889 1.0519 12.4632 2249 interior
-6.1151 4.9910 10.3124 2250 interior
-16.4055 0.4388 7.5627 2251 interior
-16.8326 0.8363 7.9330 2252 interior
-16.7611 0.9623 7.9340 2253 interior
-16.7124 1.1668 7.9347 2254 interior
-12.0142 1.0629 7.2114 2255 interior
-6.8430 2.9718 6.3961 2256 interior
-7.5711 5.2544 6.4008 2257 interior
-7.3227 5.3599 7.4123 2258 interior
-7.0729 5.3283 8.0331 2259 interior
-5.9486 5.3984 8.6801 2260 interior
-8.9494 12.9578 7.2946 2261 interior
-12.8812 7.0253 10.4972 2262 interior
-14.8361 1.7544 11.4490 2263 interior
-17.0486 10.5783 9.6961 2264 interior
-5.9853 3.5318 6.6404 2265 interior
-6.6170 5.2826 5.9837 2266 interior
-7.3914 9.5758 11.1153 2267 interior
-10.3784 6.8968 7.6490 2268 interior
-10.8650 8.0697 5.7193 2269 interior
-17.3184 4.3315 10.0330 2270 interior
-14.6653 10.2592 10.1981 2271 interior
-16.6011 1.3381 14.1787 2272 interior
-16.3639 1.4923 14.9029 2273 interior
-16.7291 1.0656 15.4156 2274 interior
-16.6623 1.3955 15.1110 2275 interior
-16.6779 1.3998 14.9097 2276 interior
-16.6273 1.3370 15.0850 2277 interior
-9.4261 5.4039 15.3882 2278 interior
-12.3237 8.3923 14.3256 2279 interior
-16.6925 0.8646 15.0310 2280 interior
-16.6593 0.8911 15.4181 2281 interior
-16.7712 0.9874 15.5308 2282 interior
-16.7591 1.1149 15.4160 2283 interior
-16.6162 1.4816 14.7013 2284 interior
-16.7231 1.0629 15.4206 2285 interior
-16.6732 1.1742 14.6696 2286 interior
-16.7309 0.8020 15.4187 2287 interior
-12.6470 8.3952 13.2823 2288 interior
-16.6285 0.7622 16.0543 2289 interior
-16.6248 0.9736 15.6597 2290 interior
-16.5900 1.0098 15.7533 2291 interior
-16.6370 1.2643 15.7210 2292 interior
-16.6319 1.6375 15.8927 2293 interior
-10.0584 5.3897 15.8275 2294 interior
-9.6950 6.2915 16.4360 2295 interior
-15.9891 5.2480 17.1523 2296 interior
-14.6750 8.5475 17.2063 2297 interior
-15.0981 8.5543 18.0429 2298 interior
-13.6008 3.9129 21.1780 2299 interior
-12.5122 9.9083 21.3588 2300 interior
-15.8052 7.8418 21.9814 2301 interior
-15.9068 7.8482 23.5190 2302 interior
-14.5168 9.9000 24.8527 2303 interior
-15.1096 9.1121 23.5698 2304 interior
-12.7143 10.1468 22.0809 2305 interior
-15.1586 4.0512 23.8826 2306 interior
-15.3621 4.4945 26.3170 2307 interior
-13.6217 4.4200 26.5176 2308 interior
-9.4427 5.1343 25.3892 2309 interior
-14.4917 8.5165 23.5698 2310 interior
-14.7947 10.2964 23.1471 2311 interior
-15.5297 5.4110 31.6987 2312 interior
-15.4151 8.0948 29.6482 2313 interior
-14.7871 9.2303 29.0099 2314 interior
-15.4090 9.6408 29.4865 2315 interior
-16.5868 10.2824 32.2602 2316 interior
-16.1671 12.6970 32.7659 2317 interior
-12.6341 9.5215 32.2320 2318 interior
-14.5408 10.0910 28.7869 2319 interior
-14.2978 9.1972 34.1005 2320 interior
-13.3659 14.2035 34.4019 2321 interior
-17.1347 13.3804 40.0873 2322 interior
-14.9154 13.6296 40.0060 2323 interior
-14.1746 12.2368 40.0268 2324 interior
-16.2289 15.8105 37.7637 2325 interior
-15.7282 9.8492 40.7976 2326 interior
-15.7511 12.2636 39.7642 2327 interior
-15.1770 15.7025 39.6649 2328 interior
-17.3211 16.8595 39.8419 2329 interior
-15.9564 15.7101 39.6363 2330 interior
-14.0979 14.4352 38.0746 2331 interior
-5.8234 8.6421 -9.4627 2332 interior
-5.7905 4.8620 4.0245 2333 interior
-5.6134 6.8981 3.1633 2334 interior
-5.6454 9.2902 -7.0394 2335 interior
-5.5341 6.1399 -9.7389 2336 interior
-5.2631 9.9787 -5.5635 2337 interior
-5.0851 8.5926 -8.7028 2338 interior
-5.0447 8.4171 -6.7426 2339 interior
-5.0421 8.9155 -3.1841 2340 interior
-5.0694 7.8744 2.4950 2341 interior
-5.0779 5.4152 8.6469 2342 interior
-5.1914 5.4152 9.0158 2343 interior
-4.9680 7.9286 9.4485 2344 interior
-5.0035 16.3768 9.3120 2345 interior
-4.8101 8.4864 -14.4451 2346 interior
-3.6954 11.6835 -13.5457 2347 interior
-4.8287 13.2159 -13.5457 2348 interior
-4.1063 13.8271 -13.9327 2349 interior
-4.5173 13.3374 -13.0690 2350 interior
-3.3326 12.6130 -12.5536 2351 interior
-2.9464 8.6633 -9.7115 2352 interior
-3.8595 11.7539 -10.0602 2353 interior
-3.5223 8.3411 -8.1319 2354 interior
-3.0175 9.6913 -6.5299 2355 interior
-4.8396 7.4676 -4.8527 2356 interior
-3.0986 6.7292 -5.3516 2357 interior
-2.9292 7.1628 -3.5473 2358 interior
-4.3295 10.6058 -3.0005 2359 interior
-4.3688 5.8891 -4.1612 2360 interior
-3.9217 6.3551 -4.5342 2361 interior
-3.7410 6.6238 -3.8433 2362 interior
-4.0649 6.6421 -3.6576 2363 interior
-4.6350 6.3480 -3.0480 2364 interior
-2.8124 18.0845 -4.7522 2365 interior
-4.3312 4.4078 -2.8040 2366 interior
-3.1278 3.5315 -0.2858 2367 interior
-4.2652 6.9088 -1.4986 2368 interior
-4.4921 4.5057 -2.1336 2369 interior
-4.6383 6.7530 -1.4900 2370 interior
-2.5978 5.9633 -1.4966 2371 interior
-4.5343 10.0321 -0.4738 2372 interior
-4.1656 10.3356 -2.5403 2373 interior
-3.1076 11.3284 -1.8701 2374 interior
-3.3524 7.7586 -2.7195 2375 interior
-4.4403 7.9616 -2.2535 2376 interior
-3.6449 4.1147 -0.6054 2377 interior
-4.1873 5.2622 -1.3180 2378 interior
-2.9699 5.3031 -2.6703 2379 interior
-4.4612 2.4384 0.1433 2380 interior
-3.7761 4.3519 -2.1932 2381 interior
-3.1617 4.5237 -1.9251 2382 interior
-4.1656 7.6647 -2.4956 2383 interior
-4.5214 7.9699 -2.1189 2384 interior
-4.5715 11.5032 -1.9029 2385 interior
-4.2050 7.1365 0.5853 2386 interior
-3.3796 9.6490 0.7112 2387 interior
-4.7250 9.5047 0.8525 2388 interior
-2.5908 14.1400 1.7326 2389 interior
-3.7004 7.8133 2.7213 2390 interior
-3.3108 6.0561 3.2124 2391 interior
-4.2750 9.7542 6.8059 2392 interior
-3.3700 13.6652 6.0931 2393 interior
-2.6208 10.6049 2.7225 2394 interior
-3.3501 7.2080 6.0414 2395 interior
-4.3328 4.0554 2.7392 2396 interior
-2.9051 1.3191 5.0774 2397 interior
-2.8227 2.0980 5.7004 2398 interior
-4.2927 3.1944 5.8548 2399 interior
-2.5908 3.3339 3.2771 2400 interior
-3.6619 13.3096 6.2346 2401 interior
-3.6671 13.3096 6.2854 2402 interior
-3.5035 3.2520 6.4302 2403 interior
-4.2856 7.3159 6.3620 2404 interior
-3.0603 4.7474 3.1755 2405 interior
-3.6143 2.5808 3.7003 2406 interior
-3.1825 2.0911 5.9184 2407 interior
-3.3195 6.7418 3.7295 2408 interior
-3.6207 3.2731 3.2789 2409 interior
-3.2373 1.4274 5.1662 2410 interior
-2.7867 2.8754 5.6781 2411 interior
-2.8117 7.5820 4.5803 2412 interior
-3.2914 9.5420 3.9821 2413 interior
-3.2271 8.1534 6.3886 2414 interior
-3.1242 5.5047 6.5786 2415 interior
-2.3685 13.0995 -7.7077 2416 interior
-1.8469 4.0765 3.2517 2417 interior
-1.8319 3.4192 5.6289 2418 interior
-2.1764 3.9799 6.3778 2419 interior
-1.7975 4.6158 6.3075 2420 interior
-2.0245 3.4400 5.9445 2421 interior
-2.1085 4.6662 6.1628 2422 interior
-2.4452 4.2994 6.4168 2423 interior
-2.0257 4.2833 6.3448 2424 interior
-2.0257 4.3093 6.3172 2425 interior
-2.1365 10.4331 1.3701 2426 interior
-1.6286 1.1064 4.7813 2427 interior
-2.0712 4.1372 6.5520 2428 interior
-1.9952 4.7789 5.6182 2429 interior
-1.8479 7.5949 6.4180 2430 interior
-2.4392 12.2058 2.7570 2431 interior
-2.1249 10.4331 -4.1988 2432 interior
-2.4934 4.1224 -0.2810 2433 interior
-1.8473 3.5015 3.8717 2434 interior
-2.5763 8.4680 -1.2550 2435 interior
-1.7427 4.2360 1.3759 2436 interior
-2.1967 7.3134 7.0169 2437 interior
-1.6681 12.6440 -9.3678 2438 interior
-1.9380 2.5290 0.1252 2439 interior
-1.8669 2.8026 5.5668 2440 interior
-2.0708 3.6710 6.3369 2441 interior
-2.0324 4.8620 6.0384 2442 interior
1.7518 1.8195 -17.6605 2443 interior
1.7889 4.7311 -13.7706 2444 interior
0.5884 5.0638 -12.7473 2445 interior
0.7982 8.8396 -12.4240 2446 interior
1.1583 6.6911 -10.8352 2447 interior
-1.4842 6.2218 -11.4221 2448 interior
0.7881 10.7823 -13.3602 2449 interior
-0.8750 13.3180 -13.4435 2450 interior
-0.7671 14.8307 -13.6902 2451 interior
1.4158 12.6669 -13.3041 2452 interior
1.0124 14.1830 -10.1306 2453 interior
1.2499 3.1276 -9.3487 2454 interior
0.7242 7.1298 -6.5570 2455 interior
-1.3970 11.4531 -7.1952 2456 interior
0.3219 4.6990 -1.7810 2457 interior
-0.6248 3.5862 3.7168 2458 interior
-0.0922 1.2159 4.2615 2459 interior
-0.0529 2.9015 4.3526 2460 interior
-1.0060 2.7812 5.5588 2461 interior
-0.6945 3.1676 5.7797 2462 interior
-1.4748 4.1764 6.3054 2463 interior
-1.1630 3.5903 6.3382 2464 interior
-0.9712 3.9262 6.6627 2465 interior
-0.2684 3.9527 6.3103 2466 interior
-0.2324 3.3574 6.0575 2467 interior
-0.2666 3.7477 6.6167 2468 interior
-0.2616 4.2725 6.6405 2469 interior
0.7545 2.7751 5.4170 2470 interior
0.2671 3.9845 6.3800 2471 interior
0.7676 3.2449 6.3901 2472 interior
0.2645 4.0447 6.4987 2473 interior
0.7321 3.9603 6.1698 2474 interior
1.9112 2.9710 3.6783 2475 interior
-1.1333 6.3682 6.9418 2476 interior
-0.6987 11.1609 6.7959 2477 interior
3.4353 4.2556 -15.9511 2478 interior
2.4587 8.6322 -5.4959 2479 interior
4.9495 8.1242 -13.7056 2480 interior
2.7804 8.8424 -13.4967 2481 interior
2.7285 8.4092 -1.5878 2482 interior
3.7857 9.6033 -10.1000 2483 interior
2.0550 8.8864 -10.0692 2484 interior
-1.4476 9.0602 7.9884 2485 interior
-3.1452 5.3759 7.1435 2486 interior
-1.7762 3.4095 7.1693 2487 interior
-1.6835 8.5823 7.2835 2488 interior
-0.7873 8.5400 8.1693 2489 interior
-0.4455 8.2112 8.0335 2490 interior
-3.7910 6.1722 9.1440 2491 interior
-1.8697 9.2701 9.2806 2492 interior
-2.8107 6.0402 9.8988 2493 interior
-4.4062 4.6071 9.6503 2494 interior
0.7599 6.1944 9.8080 2495 interior
-3.7973 9.8443 9.3678 2496 interior
-2.4892 8.8224 10.0220 2497 interior
-3.7600 5.0701 9.2897 2498 interior
-2.7347 14.5237 9.1193 2499 interior
1.3788 14.8283 9.3334 2500 interior
-3.6714 9.6938 10.4370 2501 interior
-2.8035 9.3106 10.9728 2502 interior
-2.3267 7.1366 11.6737 2503 interior
-3.8691 7.7135 11.8195 2504 interior
2.7256 20.9901 11.4914 2505 interior
-3.1590 8.2007 12.3339 2506 interior
-1.7641 7.3650 13.0924 2507 interior
-3.9295 7.0959 14.1512 2508 interior
-1.5906 6.9536 13.1537 2509 interior
-4.8427 12.5922 12.5349 2510 interior
-3.2097 5.7101 13.7123 2511 interior
-2.8067 6.2992 14.5641 2512 interior
-3.4020 6.6532 14.2270 2513 interior
-2.7178 7.9320 14.2266 2514 interior
1.6881 7.9858 13.0544 2515 interior
-2.9019 6.9850 16.0309 2516 interior
-0.6694 14.0528 15.5612 2517 interior
2.1779 3.5306 -18.4860 2518 interior
2.7031 4.2439 -16.5323 2519 interior
3.2030 5.7494 -12.2558 2520 interior
0.8171 16.0415 -13.9104 2521 interior
1.0438 12.7356 -13.6362 2522 interior
3.4032 3.7544 -11.3322 2523 interior
1.3850 4.0521 -10.4780 2524 interior
3.9222 3.1658 -11.1061 2525 interior
2.8194 5.6861 -10.8712 2526 interior
4.0295 6.2644 -9.7323 2527 interior
1.7065 9.8137 -10.9275 2528 interior
2.4308 9.8015 -10.9186 2529 interior
1.9181 12.3798 -11.6359 2530 interior
2.7152 10.3682 -9.6322 2531 interior
2.8659 12.4578 -10.9369 2532 interior
2.1741 12.8004 -9.7266 2533 interior
1.0162 15.8389 -10.1005 2534 interior
0.0000 6.9755 -8.9400 2535 interior
2.6924 10.7635 -8.0477 2536 interior
0.3299 10.5933 -9.1142 2537 interior
0.8814 8.9016 -9.4004 2538 interior
1.9431 9.4062 -6.5360 2539 interior
2.3811 8.5344 -6.1672 2540 interior
3.1305 9.5601 -6.1144 2541 interior
0.5423 6.3803 -5.6801 2542 interior
2.7927 7.6260 -5.3711 2543 interior
2.6357 6.4419 -5.3744 2544 interior
1.2192 15.1811 -4.5877 2545 interior
1.6381 4.2439 -4.5853 2546 interior
2.0987 4.0566 -4.4952 2547 interior
2.7492 9.1900 -6.0419 2548 interior
3.3740 8.2021 -4.2514 2549 interior
1.0387 10.6280 -4.1457 2550 interior
2.3548 6.9718 -4.0657 2551 interior
2.8306 10.5325 -3.9856 2552 interior
-0.5430 9.0726 -1.9234 2553 interior
2.3070 9.7344 -3.8100 2554 interior
0.0138 12.1032 -3.5399 2555 interior
1.3044 4.8063 -2.1853 2556 interior
2.3329 8.0264 -2.1659 2557 interior
3.4970 8.5060 -1.8984 2558 interior
-1.1494 12.3301 -1.1773 2559 interior
2.5058 12.5265 -0.3661 2560 interior
2.1031 9.0153 -0.0004 2561 interior
3.0103 9.1535 0.5610 2562 interior
1.0769 7.8556 0.0338 2563 interior
1.3063 3.0512 0.2846 2564 interior
3.1919 3.4735 0.2851 2565 interior
2.0320 8.0603 0.1872 2566 interior
3.6733 10.0143 0.7502 2567 interior
1.5685 8.3979 1.2886 2568 interior
3.6407 11.9827 1.3237 2569 interior
2.6481 8.5001 1.5450 2570 interior
3.0640 8.1807 2.0441 2571 interior
1.6056 8.1595 1.9095 2572 interior
2.3700 4.8420 3.6390 2573 interior
2.7257 8.2825 2.6290 2574 interior
0.0345 16.5995 1.2840 2575 interior
0.5993 3.2793 6.2484 2576 interior
3.0502 8.9552 9.0139 2577 interior
2.0407 8.8196 0.7602 2578 interior
0.4345 5.0439 6.6739 2579 interior
2.0924 2.5542 3.9921 2580 interior
3.4039 5.0843 9.0808 2581 interior
1.4859 8.3231 4.0436 2582 interior
2.0711 5.8625 6.0834 2583 interior
-0.4549 13.4239 7.9600 2584 interior
1.8352 8.5463 1.7045 2585 interior
2.3664 8.6799 1.7210 2586 interior
2.4001 8.2507 2.0906 2587 interior
2.3485 6.7077 4.2684 2588 interior
2.1724 3.6534 3.2903 2589 interior
1.1585 4.0017 6.4627 2590 interior
2.9859 3.4544 7.5797 2591 interior
2.6678 7.8161 6.2735 2592 interior
4.2640 9.0914 2.8217 2593 interior
3.0619 12.3888 5.4049 2594 interior
3.0354 12.7848 8.1650 2595 interior
2.2013 13.5498 8.1575 2596 interior
3.3760 13.5962 9.8235 2597 interior
3.0354 12.8354 7.8762 2598 interior
2.0471 14.1535 7.7147 2599 interior
1.8225 18.8288 9.8741 2600 interior
0.0633 12.9178 11.8028 2601 interior
3.8599 5.9811 -15.4077 2602 interior
3.4075 6.2957 -10.1367 2603 interior
4.0055 10.5278 -11.5817 2604 interior
0.4078 8.8280 -8.4573 2605 interior
2.3439 8.0740 -4.4229 2606 interior
2.0482 8.5683 -4.1500 2607 interior
2.0975 7.9764 -2.7990 2608 interior
3.6975 8.8480 -13.6600 2609 interior
0.5518 3.4445 -7.8770 2610 interior
3.0473 6.0979 -4.1847 2611 interior
3.5837 6.0979 -4.3050 2612 interior
2.8398 4.3455 -14.3091 2613 interior
3.6452 3.9470 -9.3204 2614 interior
2.2661 8.5871 -9.1287 2615 interior
-0.6220 13.0080 -10.1306 2616 interior
2.0533 11.1406 -9.1000 2617 interior
2.9660 10.9314 -5.8323 2618 interior
4.0780 6.7349 -4.4036 2619 interior
1.6179 10.6168 -4.0143 2620 interior
1.1574 10.3216 -4.3790 2621 interior
2.8717 5.0917 -2.6528 2622 interior
1.4448 8.5383 -2.4198 2623 interior
1.4317 12.5402 -2.0916 2624 interior
2.5190 9.1656 -2.0637 2625 interior
2.8268 5.7653 0.2391 2626 interior
1.4714 14.2390 9.3225 2627 interior
2.5650 10.8590 0.4422 2628 interior
0.6604 9.5250 1.0160 2629 interior
3.9324 10.8741 2.5566 2630 interior
1.8743 8.3947 6.6727 2631 interior
0.6234 11.4126 9.0434 2632 interior
2.2163 14.1500 7.3406 2633 interior
3.4223 16.5440 8.7142 2634 interior
2.2555 10.5733 2.0222 2635 interior
-0.4873 1.1568 4.6393 2636 interior
0.5764 2.1960 5.5549 2637 interior
1.0997 1.2731 4.5767 2638 interior
-0.3907 4.1222 6.4045 2639 interior
2.2680 3.7347 8.3745 2640 interior
3.9497 5.6388 11.6459 2641 interior
2.0320 8.1026 9.3116 2642 interior
2.6162 11.9201 4.4567 2643 interior
3.8851 13.0013 9.7536 2644 interior
4.0645 4.2809 -14.4439 2645 interior
1.4795 3.8992 -11.1501 2646 interior
0.1573 6.6188 -11.5172 2647 interior
4.1422 9.0297 -11.8972 2648 interior
1.2911 10.0761 -11.0787 2649 interior
4.0132 10.1931 -12.2042 2650 interior
-0.3139 9.1541 -6.7500 2651 interior
1.9392 8.1808 -4.1906 2652 interior
1.5577 12.0658 -0.8536 2653 interior
2.3040 9.4671 0.1745 2654 interior
2.6045 7.4523 3.1335 2655 interior
4.3688 5.5156 12.1337 2656 interior
4.5720 6.7544 11.5824 2657 interior
4.5685 7.3765 11.8218 2658 interior
3.4736 8.3623 7.2954 2659 interior
4.6780 10.7148 10.6998 2660 interior
2.6323 11.0176 4.9994 2661 interior
4.0936 14.0231 9.0385 2662 interior
4.7210 14.2674 9.7296 2663 interior
5.0074 14.5038 9.8846 2664 interior
4.5489 14.6422 9.6077 2665 interior
3.6239 17.9195 8.7033 2666 interior
-1.6748 2.1781 0.0931 2667 interior
0.3225 1.1067 0.0443 2668 interior
0.7020 3.8729 -1.8473 2669 interior
0.2016 3.2506 3.4058 2670 interior
0.7925 4.4384 6.8800 2671 interior
3.0354 9.9943 7.3892 2672 interior
-1.8390 4.1844 3.4929 2673 interior
-1.4121 7.1932 7.9634 2674 interior
4.2523 14.6873 9.4420 2675 interior
-1.4165 8.7034 7.9851 2676 interior
3.6733 8.9738 0.7602 2677 interior
-2.5763 7.9313 -3.7698 2678 interior
-4.9429 9.5864 8.6987 2679 interior
-2.8184 10.8594 -0.1943 2680 interior
3.5415 9.8776 -6.5621 2681 interior
1.5737 8.5307 -17.2812 2682 interior
-1.7471 10.2546 -7.0270 2683 interior
3.3195 8.4438 -7.7110 2684 interior
7.8685 17.1639 -106.3104 2685 interior
8.6413 17.2361 -104.6152 2686 interior
8.4464 17.2052 -103.0032 2687 interior
9.2436 17.2361 -101.5091 2688 interior
9.0347 17.2099 -100.4297 2689 interior
8.9627 12.5885 -98.9024 2690 interior
10.0005 17.2157 -95.6646 2691 interior
9.6353 17.2059 -96.2608 2692 interior
10.5878 17.2361 -94.8482 2693 interior
10.7753 17.4060 -94.2736 2694 interior
9.8899 14.1739 -93.8022 2695 interior
9.6544 13.1796 -91.5325 2696 interior
13.4430 13.1955 -91.2821 2697 interior
10.7775 8.4278 -87.4406 2698 interior
10.2381 9.7692 -85.4524 2699 interior
14.2583 7.8565 -85.5502 2700 interior
17.6137 7.0823 -90.0324 2701 interior
15.5448 6.2183 -85.4498 2702 interior
17.0397 11.9516 -84.6265 2703 interior
9.7135 14.6435 -90.8108 2704 interior
10.7656 14.1572 -88.5307 2705 interior
6.4401 14.4422 -87.3089 2706 interior
13.3070 12.2280 -85.3625 2707 interior
15.5631 12.1286 -89.2772 2708 interior
16.4101 17.2156 -88.9272 2709 interior
16.7219 17.2161 -89.6020 2710 interior
16.9092 17.2262 -88.9597 2711 interior
17.6070 19.0037 -87.3191 2712 interior
18.2966 17.1767 -88.8542 2713 interior
18.7135 15.6535 -87.6287 2714 interior
14.8456 12.0948 -85.2276 2715 interior
16.0679 16.2449 -84.0153 2716 interior
16.6144 16.2449 -84.6229 2717 interior
16.3255 15.2190 -84.2574 2718 interior
16.3770 16.2449 -84.4995 2719 interior
17.2450 16.2449 -85.0547 2720 interior
17.5633 15.2190 -85.0205 2721 interior
17.5633 15.2190 -84.8213 2722 interior
17.0251 16.2449 -84.8225 2723 interior
18.9516 15.2190 -85.3976 2724 interior
17.8721 16.2449 -85.2614 2725 interior
18.7435 16.5767 -85.5901 2726 interior
19.0242 17.2557 -85.3845 2727 interior
18.7135 18.2817 -83.9909 2728 interior
6.4008 5.9304 -81.1095 2729 interior
11.8064 6.3361 -81.8348 2730 interior
10.7509 10.5216 -81.2667 2731 interior
16.3211 15.1630 -83.6434 2732 interior
15.6194 15.2602 -83.6700 2733 interior
15.7928 16.2449 -83.8224 2734 interior
15.9822 16.2449 -83.7652 2735 interior
16.5306 15.2190 -83.8954 2736 interior
16.9779 15.1356 -83.6783 2737 interior
16.1913 15.3162 -82.3893 2738 interior
17.3569 17.9561 -83.4578 2739 interior
15.4607 15.3162 -83.4168 2740 interior
16.2838 15.2190 -82.4448 2741 interior
15.5166 16.7144 -83.4565 2742 interior
15.5702 16.2449 -83.1493 2743 interior
16.1425 15.2190 -83.4493 2744 interior
16.7505 15.3162 -82.8977 2745 interior
15.5369 15.2190 -81.9757 2746 interior
16.7263 15.2190 -82.4448 2747 interior
17.6202 14.0666 -81.7013 2748 interior
15.3904 15.3384 -81.4963 2749 interior
14.9868 16.2449 -81.5876 2750 interior
14.9277 16.2449 -81.5840 2751 interior
16.1913 15.3162 -81.5840 2752 interior
20.0339 5.5376 -86.0037 2753 interior
21.0591 10.6680 -82.6183 2754 interior
20.1021 17.3530 -86.6956 2755 interior
20.6363 13.6468 -82.2015 2756 interior
21.7631 10.3533 -82.7000 2757 interior
22.5350 10.4079 -88.3857 2758 interior
14.5213 16.2449 -80.8006 2759 interior
11.9880 6.6271 -80.4114 2760 interior
14.6737 15.3384 -80.5859 2761 interior
11.4616 10.7328 -80.7716 2762 interior
13.1907 11.9381 -80.4291 2763 interior
9.1856 7.8904 -80.6736 2764 interior
14.2202 6.3391 -80.5180 2765 interior
15.4658 15.3384 -80.6259 2766 interior
20.4305 10.2988 -80.7164 2767 interior
11.4463 6.6499 -80.1899 2768 interior
12.5222 10.7104 -80.1810 2769 interior
9.6508 10.7076 -79.9746 2770 interior
6.7713 5.9029 -79.6163 2771 interior
5.9898 7.6854 -79.5969 2772 interior
11.8860 6.5708 -79.7430 2773 interior
12.9274 11.5824 -79.5936 2774 interior
18.6530 10.1009 -79.9143 2775 interior
5.9584 5.3743 -78.8745 2776 interior
6.7936 5.3725 -79.5526 2777 interior
5.9039 5.7288 -78.5091 2778 interior
5.9699 6.8223 -79.5321 2779 interior
11.0571 4.6005 -78.9507 2780 interior
14.3968 6.5761 -78.4908 2781 interior
14.1430 11.8872 -79.3242 2782 interior
8.2367 10.6903 -78.2944 2783 interior
13.1370 11.9846 -77.6732 2784 interior
5.8674 5.6822 -77.7287 2785 interior
16.6718 5.3109 -78.1955 2786 interior
7.7324 5.4546 -79.3561 2787 interior
11.5092 4.5819 -79.0211 2788 interior
11.3388 10.8121 -78.4270 2789 interior
14.4780 4.9343 -78.5779 2790 interior
13.8263 10.2708 -79.5554 2791 interior
13.0967 5.2223 -77.9993 2792 interior
12.7549 5.2223 -78.3728 2793 interior
13.8487 5.2578 -78.2487 2794 interior
14.0595 6.6369 -77.7227 2795 interior
14.3692 7.9593 -77.6848 2796 interior
22.2106 11.4932 -78.3387 2797 interior
6.6925 5.4644 -76.7374 2798 interior
13.1955 4.5257 -77.2226 2799 interior
13.2883 5.1138 -77.0751 2800 interior
13.7810 4.6991 -77.1855 2801 interior
13.4305 5.0143 -77.1797 2802 interior
13.5508 4.6449 -77.4590 2803 interior
13.9849 4.7786 -77.2943 2804 interior
14.4348 5.0351 -77.2421 2805 interior
14.4696 5.0150 -77.2231 2806 interior
14.5286 4.6496 -77.1733 2807 interior
13.8413 5.2011 -76.8222 2808 interior
14.0751 5.2873 -77.3418 2809 interior
14.1823 5.3554 -76.3965 2810 interior
12.6322 10.8121 -77.0984 2811 interior
14.5870 5.3522 -77.0932 2812 interior
15.0306 8.2066 -77.2158 2813 interior
20.4391 10.9549 -77.0727 2814 interior
15.7448 11.5282 -76.3911 2815 interior
18.7851 10.7605 -76.1478 2816 interior
22.3396 14.2435 -75.3458 2817 interior
19.7346 10.3263 -75.6259 2818 interior
13.8271 10.2753 -76.2895 2819 interior
22.4848 10.4354 -75.3416 2820 interior
12.3419 6.4919 -75.4705 2821 interior
22.7115 5.2129 -75.4935 2822 interior
22.2957 13.9260 -75.4352 2823 interior
10.2644 5.3679 -74.6665 2824 interior
10.2165 6.9084 -72.3178 2825 interior
13.1766 10.8471 -74.7041 2826 interior
13.2089 11.5824 -74.0036 2827 interior
9.6901 6.4360 -71.9839 2828 interior
15.5027 5.0391 -75.2110 2829 interior
15.3643 4.6540 -74.4308 2830 interior
15.5154 4.2630 -73.2014 2831 interior
16.3493 6.4740 -72.9091 2832 interior
18.7629 4.2308 -74.9959 2833 interior
14.1629 11.5919 -72.3011 2834 interior
11.9958 6.8338 -69.7743 2835 interior
13.2164 10.4487 -71.2308 2836 interior
7.2977 6.4249 -70.6506 2837 interior
9.9949 6.8194 -70.3679 2838 interior
8.3198 6.1221 -70.2678 2839 interior
14.2056 10.1927 -69.9922 2840 interior
11.2899 10.6264 -67.9474 2841 interior
13.3961 5.5511 -67.1128 2842 interior
11.3003 10.2847 -69.1487 2843 interior
16.3256 7.9026 -68.3752 2844 interior
22.2746 4.4560 -74.8949 2845 interior
22.2607 5.6261 -74.9607 2846 interior
22.5362 4.2041 -72.7638 2847 interior
21.6638 5.1049 -73.2273 2848 interior
22.3769 5.5197 -73.2520 2849 interior
22.5260 9.4730 -73.4822 2850 interior
21.8498 9.5841 -74.1153 2851 interior
22.3679 15.3103 -75.3057 2852 interior
22.4049 9.6586 -68.3415 2853 interior
19.5743 10.5749 -66.7147 2854 interior
22.0980 8.7889 -69.8743 2855 interior
6.0974 11.3751 -65.7977 2856 interior
16.0465 5.6174 -65.2189 2857 interior
16.3118 6.5578 -65.1314 2858 interior
7.4633 7.2315 -64.4760 2859 interior
11.9596 5.5525 -64.3435 2860 interior
14.7096 5.5799 -64.2818 2861 interior
20.4449 9.4250 -64.4744 2862 interior
17.2843 7.9042 -63.9839 2863 interior
6.7301 8.6643 -63.4842 2864 interior
18.0292 7.7725 -63.5254 2865 interior
15.3799 8.2221 -63.7138 2866 interior
13.6459 9.3187 -63.7970 2867 interior
16.9891 10.0947 -63.8028 2868 interior
15.8075 8.0706 -63.9318 2869 interior
19.2362 7.2657 -63.5045 2870 interior
15.7448 10.5665 -63.7694 2871 interior
11.6457 10.9896 -65.7871 2872 interior
11.9586 11.0559 -65.7889 2873 interior
18.1734 8.2804 -63.4136 2874 interior
12.3893 4.5852 -63.5839 2875 interior
14.5240 5.0823 -64.4209 2876 interior
14.5843 4.8774 -63.5402 2877 interior
18.6692 9.0897 -63.5525 2878 interior
15.7469 10.6160 -60.3552 2879 interior
22.7584 4.8768 -61.6712 2880 interior
21.9347 10.7366 -61.3315 2881 interior
16.7306 10.9714 -60.5854 2882 interior
22.1106 9.4854 -60.5536 2883 interior
19.2171 4.2981 -63.0598 2884 interior
22.1096 7.7084 -62.9829 2885 interior
21.9930 5.9939 -60.5755 2886 interior
21.9502 10.7442 -61.3943 2887 interior
22.2514 9.0779 -62.0400 2888 interior
22.7472 5.3006 -59.3409 2889 interior
21.9347 10.6172 -62.1529 2890 interior
6.4061 9.2701 -63.0601 2891 interior
22.0617 7.9756 -61.7051 2892 interior
11.2490 7.9252 -61.8490 2893 interior
18.1265 6.9051 -61.6458 2894 interior
22.2526 10.9541 -61.7319 2895 interior
15.5604 9.2103 -61.3879 2896 interior
14.0308 8.9833 -59.5877 2897 interior
9.7541 5.5867 -62.7828 2898 interior
6.5085 10.8158 -62.0537 2899 interior
11.8929 4.2090 -62.3930 2900 interior
12.7157 4.1898 -61.7385 2901 interior
14.4185 5.0466 -62.7151 2902 interior
14.1857 5.4035 -62.7072 2903 interior
14.3041 5.1526 -62.6944 2904 interior
14.2898 5.0963 -62.2594 2905 interior
14.0089 4.7643 -62.2985 2906 interior
14.3363 5.4103 -62.6457 2907 interior
14.2836 5.3072 -62.0495 2908 interior
10.5307 7.7439 -61.5898 2909 interior
9.5828 10.8158 -61.2574 2910 interior
13.6303 8.5090 -59.7154 2911 interior
17.9144 7.9115 -60.8546 2912 interior
15.8485 10.6021 -60.3609 2913 interior
16.8667 4.8030 -61.5234 2914 interior
21.9561 8.5517 -62.0931 2915 interior
21.9506 8.5696 -61.6160 2916 interior
22.2504 12.1788 -61.5595 2917 interior
17.7052 7.7262 -60.5965 2918 interior
21.9347 10.5569 -62.5879 2919 interior
21.5421 9.4488 -61.9760 2920 interior
21.9502 9.3233 -61.6712 2921 interior
21.9502 10.7442 -61.4436 2922 interior
11.0333 9.5991 -58.8372 2923 interior
19.9214 7.3404 -59.2074 2924 interior
22.1183 10.6156 -59.0499 2925 interior
22.9228 7.9281 -58.8295 2926 interior
19.0175 9.8447 -58.8689 2927 interior
20.1803 7.8324 -57.6925 2928 interior
22.3698 10.6156 -58.0200 2929 interior
22.9669 6.5796 -57.6260 2930 interior
6.1916 12.3961 -51.4699 2931 interior
9.3289 11.2828 -52.6590 2932 interior
9.4202 10.5925 -50.3698 2933 interior
13.5957 9.3099 -55.2044 2934 interior
13.1809 5.3928 -53.2177 2935 interior
14.2939 7.0858 -52.2725 2936 interior
14.3059 10.5539 -51.8353 2937 interior
13.4037 10.6493 -51.3202 2938 interior
18.4826 9.5110 -55.5148 2939 interior
21.7972 9.2799 -56.7848 2940 interior
19.8881 9.5300 -52.6847 2941 interior
21.1234 10.0827 -51.9568 2942 interior
18.1108 9.8176 -50.1701 2943 interior
20.6592 7.2412 -53.7008 2944 interior
15.7448 10.5891 -54.6601 2945 interior
16.1980 6.6086 -56.8302 2946 interior
20.9732 7.8789 -56.7566 2947 interior
18.4211 10.6486 -52.1716 2948 interior
15.6338 14.0321 -49.1003 2949 interior
17.6189 11.5837 -49.5088 2950 interior
14.7566 14.2856 -48.9217 2951 interior
14.4149 11.5316 -48.3199 2952 interior
6.5078 22.9447 -48.0862 2953 interior
10.3880 11.2987 -47.5170 2954 interior
13.9974 11.1964 -47.2775 2955 interior
12.4970 11.7181 -47.4409 2956 interior
16.1107 11.3725 -46.9960 2957 interior
11.9627 10.9593 -47.1373 2958 interior
14.9494 11.7347 -46.8378 2959 interior
10.6892 11.0707 -47.8002 2960 interior
10.2161 18.7799 -47.1549 2961 interior
10.2344 16.3836 -47.1474 2962 interior
15.3927 5.4864 -46.9217 2963 interior
18.4550 4.6228 -47.6452 2964 interior
16.8916 5.5837 -47.4397 2965 interior
15.7734 9.2956 -47.0733 2966 interior
21.9666 7.4320 -46.9538 2967 interior
6.8337 11.2121 -46.1267 2968 interior
13.0057 4.0657 -46.0878 2969 interior
13.9058 5.1146 -46.3274 2970 interior
14.8330 4.2369 -46.6548 2971 interior
12.5874 7.9509 -46.4179 2972 interior
13.7074 8.0572 -46.6806 2973 interior
14.5026 9.0370 -46.2487 2974 interior
12.6536 13.0167 -46.8040 2975 interior
13.0425 13.0259 -46.5440 2976 interior
15.4334 14.9273 -46.0718 2977 interior
16.9379 4.5773 -46.5614 2978 interior
20.1442 4.2414 -46.1214 2979 interior
17.5985 5.8096 -46.4098 2980 interior
15.8027 9.3707 -46.6324 2981 interior
6.5692 10.7642 -46.8275 2982 interior
7.0008 15.8703 -48.9166 2983 interior
8.2840 15.6144 -48.2382 2984 interior
11.8877 15.9622 -47.8388 2985 interior
15.6578 7.2821 -46.7750 2986 interior
15.2712 11.0543 -45.9572 2987 interior
17.4339 9.3215 -46.1590 2988 interior
20.1887 4.8578 -46.5520 2989 interior
21.0612 7.2012 -46.0263 2990 interior
21.2690 9.1611 -47.8897 2991 interior
21.5977 6.7974 -46.3051 2992 interior
21.7753 5.4785 -48.1983 2993 interior
21.6160 7.0107 -47.4021 2994 interior
21.5976 9.5148 -46.2848 2995 interior
21.3614 10.3776 -46.2703 2996 interior
17.8735 10.9686 -47.4045 2997 interior
21.2929 13.1440 -46.8037 2998 interior
10.2346 7.1227 -48.3687 2999 interior
17.3581 4.4405 -48.4018 3000 interior
6.8623 16.5388 -48.7225 3001 interior
12.5060 9.3319 -46.8301 3002 interior
16.8740 4.3640 -47.9891 3003 interior
22.0262 9.3381 -47.1840 3004 interior
14.4377 17.1930 -48.2934 3005 interior
15.7840 6.2531 -48.3413 3006 interior
19.7640 5.8981 -47.9498 3007 interior
12.3630 13.3430 -47.4054 3008 interior
22.5287 9.3400 -46.5634 3009 interior
9.5860 14.0029 -48.9661 3010 interior
15.1526 15.4559 -46.9960 3011 interior
11.7867 4.4384 -46.5430 3012 interior
12.1778 11.3831 -46.5912 3013 interior
17.3232 7.3883 -47.2912 3014 interior
9.9893 16.6948 -48.0826 3015 interior
12.0993 11.3515 -45.8092 3016 interior
13.3256 8.9333 -45.5555 3017 interior
9.6318 11.1747 -45.4187 3018 interior
16.0444 10.9712 -45.7696 3019 interior
21.2425 3.9532 -45.7679 3020 interior
21.8478 4.3025 -45.7518 3021 interior
22.0722 3.9225 -45.5920 3022 interior
21.4598 13.3591 -45.5940 3023 interior
16.6743 7.4106 -45.5297 3024 interior
21.4710 9.7183 -45.5107 3025 interior
15.8313 17.2191 -45.3665 3026 interior
23.1685 11.5282 -45.5671 3027 interior
11.7145 6.2730 -45.0051 3028 interior
21.3868 4.5985 -44.9306 3029 interior
13.3734 11.4484 -44.4567 3030 interior
18.3175 4.5972 -44.8470 3031 interior
20.2946 6.8961 -44.7616 3032 interior
20.9677 10.7198 -44.7864 3033 interior
20.8837 13.4220 -44.2852 3034 interior
18.6586 11.8223 -43.5867 3035 interior
11.2952 9.3359 -45.1729 3036 interior
17.5926 10.3134 -44.3428 3037 interior
15.1117 9.7040 -44.9687 3038 interior
12.5411 8.6949 -45.2318 3039 interior
11.4758 10.6680 -45.0856 3040 interior
17.4125 5.4737 -44.4913 3041 interior
20.8655 10.7550 -44.2152 3042 interior
16.3505 11.3911 -44.3992 3043 interior
18.6586 11.6284 -43.5867 3044 interior
5.3057 12.5825 -32.6941 3045 interior
6.4221 6.9997 -36.7959 3046 interior
5.4761 10.4090 -36.8121 3047 interior
6.6861 12.3475 -38.0937 3048 interior
6.2885 14.1863 -39.0777 3049 interior
6.2502 16.2499 -39.7659 3050 interior
6.7607 16.8145 -38.2348 3051 interior
5.9209 15.4353 -37.0710 3052 interior
6.2757 16.2396 -36.5581 3053 interior
6.5074 16.6667 -36.8639 3054 interior
6.7740 14.7200 -35.4528 3055 interior
6.0285 10.3194 -32.5065 3056 interior
6.2927 10.6680 -40.9328 3057 interior
6.2644 11.9037 -37.6651 3058 interior
5.7828 16.3011 -31.3260 3059 interior
6.4174 14.8491 -39.5484 3060 interior
5.3786 9.1997 -27.5811 3061 interior
6.1504 16.1250 -38.7195 3062 interior
6.0998 15.5068 -36.2771 3063 interior
6.1918 16.0943 -37.4474 3064 interior
6.5843 14.1819 -35.4519 3065 interior
6.3140 10.4277 -34.9833 3066 interior
5.4110 11.8058 -29.6404 3067 interior
6.8694 10.5939 -30.7497 3068 interior
9.3585 4.2760 -41.5397 3069 interior
7.9520 4.6863 -35.4971 3070 interior
8.9910 4.3088 -34.2392 3071 interior
10.8767 3.8587 -34.2392 3072 interior
7.2622 7.3152 -37.3932 3073 interior
7.0439 10.7110 -34.7662 3074 interior
8.1480 11.5746 -37.7204 3075 interior
9.7354 4.0939 -34.0219 3076 interior
7.6176 4.5570 -32.6969 3077 interior
6.9439 9.5473 -33.6375 3078 interior
11.8914 4.1556 -37.6366 3079 interior
12.6772 9.3390 -29.3183 3080 interior
12.0923 3.6379 -34.2392 3081 interior
11.2853 11.6804 -32.9977 3082 interior
10.9157 7.3582 -28.0900 3083 interior
8.5913 8.5923 -27.1097 3084 interior
12.7413 10.8318 -39.2419 3085 interior
9.9120 3.6379 -34.2677 3086 interior
7.7664 11.1573 -37.0156 3087 interior
7.9742 19.0526 -32.9589 3088 interior
8.6421 12.4679 -25.6964 3089 interior
11.2302 14.6096 -30.4325 3090 interior
11.2521 11.8274 -30.2877 3091 interior
12.7413 7.5946 -39.6722 3092 interior
6.8783 12.6745 -33.0103 3093 interior
12.7508 11.0270 -39.8939 3094 interior
6.8783 11.3673 -32.0162 3095 interior
9.2634 9.7223 -31.2854 3096 interior
6.8783 10.4346 -30.7437 3097 interior
9.5794 14.6615 -38.6937 3098 interior
10.3817 11.0378 -36.8600 3099 interior
11.1731 12.0540 -28.2375 3100 interior
9.1959 11.6839 -41.9928 3101 interior
11.7977 11.3396 -41.3354 3102 interior
11.6519 12.2574 -38.1733 3103 interior
10.7541 11.7212 -33.9299 3104 interior
11.1717 8.9614 -29.5752 3105 interior
9.0071 8.7316 -28.1333 3106 interior
8.5913 8.1158 -26.7925 3107 interior
8.4367 16.0658 -41.1066 3108 interior
8.9934 16.8188 -40.7944 3109 interior
8.1161 17.8755 -41.0462 3110 interior
10.7484 17.9198 -37.2659 3111 interior
10.3549 17.5362 -33.1769 3112 interior
6.8694 11.6653 -27.1245 3113 interior
6.8651 11.5775 -32.0516 3114 interior
10.3979 3.6379 -34.2677 3115 interior
8.6929 8.2541 -28.1316 3116 interior
11.2363 3.6430 -34.2677 3117 interior
12.4654 3.0159 -34.2677 3118 interior
12.4697 3.6430 -34.2677 3119 interior
12.7902 7.8688 -39.7472 3120 interior
14.3286 11.8262 -39.6316 3121 interior
12.9992 3.6430 -34.2677 3122 interior
13.3588 11.6375 -39.2610 3123 interior
16.5608 9.4551 -42.7059 3124 interior
17.1700 11.9569 -40.6582 3125 interior
17.0002 10.9071 -40.3077 3126 interior
16.9648 11.3284 -40.2960 3127 interior
17.0923 10.7434 -38.3794 3128 interior
15.2149 4.7870 -30.5105 3129 interior
17.0519 4.8058 -34.1567 3130 interior
15.2176 6.4296 -30.5126 3131 interior
16.0363 7.7860 -35.7910 3132 interior
17.0412 4.2653 -33.9343 3133 interior
17.0438 4.2653 -34.9071 3134 interior
15.4135 4.2653 -33.9918 3135 interior
18.1374 9.3192 -32.9002 3136 interior
14.9511 4.0889 -33.9414 3137 interior
16.7200 4.6034 -33.3356 3138 interior
16.4197 8.8571 -36.3627 3139 interior
18.6223 4.6027 -34.9034 3140 interior
17.0384 4.2653 -33.9881 3141 interior
17.0278 3.6195 -33.4832 3142 interior
17.0296 4.8873 -33.4804 3143 interior
17.0396 4.1757 -33.2451 3144 interior
17.0373 4.2653 -33.2113 3145 interior
17.0384 4.1802 -32.5405 3146 interior
14.6278 3.7062 -35.6325 3147 interior
14.8944 5.1401 -33.8239 3148 interior
17.0465 3.6234 -35.9441 3149 interior
17.0465 3.6569 -35.9163 3150 interior
17.0354 3.6234 -35.8959 3151 interior
17.0396 3.6379 -35.8744 3152 interior
17.0373 3.6379 -35.8710 3153 interior
17.0384 3.6379 -35.8710 3154 interior
16.7242 4.3637 -34.9260 3155 interior
17.0179 4.6293 -34.9002 3156 interior
16.8503 3.6379 -34.0329 3157 interior
17.0098 4.0701 -33.1657 3158 interior
16.4457 4.7352 -33.8918 3159 interior
17.0303 4.2662 -32.0994 3160 interior
17.8201 6.5278 -33.0592 3161 interior
17.0396 3.6172 -32.1127 3162 interior
17.0465 4.8882 -32.1126 3163 interior
17.0384 3.6379 -32.1126 3164 interior
17.0049 3.6148 -31.9961 3165 interior
17.0095 4.6781 -32.9405 3166 interior
16.4055 5.1401 -32.1826 3167 interior
16.4289 5.2836 -32.3092 3168 interior
18.4212 3.4266 -30.9837 3169 interior
18.4425 7.1987 -31.0195 3170 interior
16.3974 8.5648 -24.6324 3171 interior
17.3482 10.2748 -30.1768 3172 interior
17.8562 8.6343 -28.1333 3173 interior
18.2373 11.8745 -25.0898 3174 interior
14.9066 9.3141 -26.3456 3175 interior
18.2182 8.6661 -28.8490 3176 interior
18.0348 9.3268 -25.5844 3177 interior
17.4949 9.2561 -27.5305 3178 interior
19.0065 9.3195 -24.6879 3179 interior
22.4478 9.4055 -42.7010 3180 interior
19.6648 11.6430 -32.9671 3181 interior
21.7271 9.9525 -38.7703 3182 interior
22.6987 8.9599 -32.9370 3183 interior
21.9841 12.2717 -29.8157 3184 interior
22.1029 12.7807 -29.8302 3185 interior
21.3721 15.7099 -31.0226 3186 interior
21.1777 10.0298 -32.8961 3187 interior
21.1709 8.8740 -29.1635 3188 interior
21.5509 11.5116 -30.6730 3189 interior
22.3436 13.0208 -31.2767 3190 interior
21.9436 13.7798 -31.0442 3191 interior
22.7809 13.4547 -31.5212 3192 interior
22.8459 12.9385 -29.2625 3193 interior
21.1450 11.7570 -25.6945 3194 interior
22.4370 12.8524 -42.3596 3195 interior
19.5632 9.1622 -36.5338 3196 interior
19.8986 7.3543 -26.5218 3197 interior
19.9461 9.9806 -28.1537 3198 interior
19.9466 10.9601 -28.1564 3199 interior
19.5625 10.8619 -26.1689 3200 interior
20.3473 14.6176 -27.1612 3201 interior
21.0821 13.4988 -26.6516 3202 interior
23.1354 10.4763 -25.1662 3203 interior
19.8115 12.5222 -27.4392 3204 interior
20.3801 13.7615 -27.8797 3205 interior
20.6363 15.7989 -28.6174 3206 interior
22.2475 9.1566 -31.5694 3207 interior
22.1749 10.9668 -27.6854 3208 interior
19.5125 9.8754 -34.0223 3209 interior
22.5925 10.2736 -34.1387 3210 interior
22.4466 11.0829 -42.7172 3211 interior
20.9296 11.6946 -42.6775 3212 interior
20.4280 7.0524 -37.5111 3213 interior
21.9355 12.2237 -30.3334 3214 interior
22.0456 12.2790 -36.9045 3215 interior
21.5764 12.0463 -31.5917 3216 interior
22.4859 13.1443 -30.8362 3217 interior
22.1920 13.8772 -30.8261 3218 interior
21.5524 12.4044 -31.5961 3219 interior
21.5675 9.4365 -38.7744 3220 interior
21.2079 7.4264 -32.1660 3221 interior
22.0514 9.6538 -30.7600 3222 interior
21.7542 10.2421 -32.0200 3223 interior
22.9349 8.9826 -37.4102 3224 interior
22.6409 7.9039 -40.8118 3225 interior
22.3932 9.7163 -27.9592 3226 interior
22.0149 11.1070 -28.8583 3227 interior
20.5943 3.4750 -28.8360 3228 interior
20.9799 3.4869 -28.8350 3229 interior
21.0666 7.6847 -28.1537 3230 interior
20.3634 12.9501 -28.4797 3231 interior
21.8685 9.6663 -25.2974 3232 interior
20.7146 9.3580 -28.3301 3233 interior
22.4071 9.3465 -27.9605 3234 interior
20.8432 8.2554 -24.6921 3235 interior
22.5409 10.6569 -25.8834 3236 interior
22.9944 8.6440 -25.4715 3237 interior
22.9994 11.2695 -26.2034 3238 interior
20.1151 13.9633 -26.5935 3239 interior
24.6380 6.8072 -86.0032 3240 interior
27.4195 4.1428 -87.6039 3241 interior
27.8685 5.3026 -86.8561 3242 interior
27.4349 4.6369 -86.6859 3243 interior
27.7241 6.7580 -85.9028 3244 interior
27.3732 10.3881 -86.1414 3245 interior
25.5778 14.4718 -85.1057 3246 interior
27.0330 15.8688 -85.9864 3247 interior
26.8635 11.4748 -83.3202 3248 interior
25.8441 11.7970 -82.2198 3249 interior
27.2912 3.4900 -83.2984 3250 interior
24.0665 6.9738 -81.6356 3251 interior
25.8505 11.2514 -82.1528 3252 interior
25.8191 11.5824 -83.3120 3253 interior
24.9950 16.2751 -82.7367 3254 interior
23.6950 4.3815 -80.5406 3255 interior
25.1171 3.7059 -80.3894 3256 interior
25.7366 4.3815 -79.5279 3257 interior
25.4424 8.7872 -79.7174 3258 interior
24.8422 9.7529 -80.2871 3259 interior
24.8351 9.3020 -79.9356 3260 interior
24.6006 10.0142 -80.4672 3261 interior
24.5872 10.7162 -80.4672 3262 interior
25.8699 11.5824 -79.9338 3263 interior
25.1043 4.9707 -77.9526 3264 interior
24.3938 4.8387 -75.7797 3265 interior
25.4749 4.9784 -76.4105 3266 interior
24.1407 8.6412 -79.3371 3267 interior
24.3459 8.9551 -75.6825 3268 interior
24.3035 12.7712 -75.3365 3269 interior
24.2858 15.1860 -75.3364 3270 interior
25.6286 16.1989 -78.4270 3271 interior
27.2797 6.9738 -78.7004 3272 interior
25.2094 13.7858 -75.3920 3273 interior
26.7462 10.3456 -79.3808 3274 interior
24.8969 8.8261 -75.1857 3275 interior
24.6451 4.5667 -76.2000 3276 interior
26.6347 3.5052 -76.7259 3277 interior
26.4381 3.8028 -75.3908 3278 interior
26.9249 3.8076 -75.3710 3279 interior
25.9166 12.3253 -75.3195 3280 interior
27.4657 11.4698 -79.3808 3281 interior
23.4441 5.6988 -73.1496 3282 interior
23.5468 6.4959 -72.8159 3283 interior
25.1961 5.3259 -73.5835 3284 interior
23.9776 7.1746 -73.8052 3285 interior
24.3078 12.7508 -74.0791 3286 interior
24.2858 15.1703 -74.6760 3287 interior
24.1407 8.8075 -71.4776 3288 interior
27.5685 9.3980 -73.0147 3289 interior
25.8317 9.8604 -72.1769 3290 interior
26.3168 6.8072 -74.0791 3291 interior
27.4963 3.8964 -69.7642 3292 interior
26.9735 3.6631 -74.1304 3293 interior
27.2770 6.2978 -73.9575 3294 interior
26.4215 3.5552 -72.5570 3295 interior
26.7494 13.4956 -71.6816 3296 interior
28.3496 17.7812 -82.9290 3297 interior
27.9396 10.6940 -76.0936 3298 interior
28.4211 13.6978 -86.7570 3299 interior
28.5849 6.9738 -76.1336 3300 interior
28.1515 15.2287 -75.9211 3301 interior
27.9688 16.0102 -75.3199 3302 interior
28.9212 12.5996 -84.0165 3303 interior
29.9069 11.3797 -83.1273 3304 interior
29.9831 16.3172 -79.9309 3305 interior
30.7795 4.6736 -83.8220 3306 interior
30.8448 4.6750 -83.6443 3307 interior
30.8864 4.0894 -83.8334 3308 interior
31.6778 16.5755 -85.0650 3309 interior
30.7815 9.3020 -80.5238 3310 interior
30.7588 10.1080 -80.5722 3311 interior
30.8762 7.2229 -76.7053 3312 interior
30.7370 11.4019 -77.1292 3313 interior
30.9880 11.4808 -80.1116 3314 interior
30.9880 11.5008 -77.9779 3315 interior
30.9880 14.2731 -79.1726 3316 interior
30.9880 11.5824 -80.4672 3317 interior
31.9860 12.8893 -82.2349 3318 interior
32.3747 12.1076 -83.7663 3319 interior
37.2261 11.9892 -84.3157 3320 interior
34.9924 6.4644 -80.7822 3321 interior
36.2849 6.3614 -80.5633 3322 interior
34.0360 16.0449 -88.2190 3323 interior
36.9951 5.0800 -81.8642 3324 interior
34.9896 6.5796 -80.4029 3325 interior
35.2299 5.3812 -80.3711 3326 interior
36.8427 5.0800 -79.2226 3327 interior
37.0626 5.0800 -79.7306 3328 interior
37.7889 11.0236 -80.2386 3329 interior
34.5183 11.2468 -78.7520 3330 interior
37.2769 11.5824 -80.3275 3331 interior
36.4299 12.6797 -86.0937 3332 interior
33.8626 5.2029 -82.6984 3333 interior
33.6566 5.7588 -79.5671 3334 interior
34.1266 5.2029 -77.8243 3335 interior
34.4310 7.8169 -79.2146 3336 interior
33.8360 8.7884 -79.2226 3337 interior
36.6701 5.0800 -80.1624 3338 interior
37.8674 5.0256 -79.4650 3339 interior
37.0721 9.0471 -79.3191 3340 interior
37.2217 13.8621 -79.2323 3341 interior
37.5802 13.2893 -85.2968 3342 interior
37.5802 12.7230 -83.0838 3343 interior
37.5885 6.5775 -81.9836 3344 interior
35.4257 4.9587 -81.3246 3345 interior
35.9902 9.1174 -77.4472 3346 interior
36.2662 6.4644 -80.7281 3347 interior
38.0111 5.6137 -81.9455 3348 interior
38.7061 6.4644 -81.9836 3349 interior
38.7227 6.4644 -80.7104 3350 interior
38.7010 6.4419 -80.3992 3351 interior
37.2210 6.1726 -78.1590 3352 interior
38.7569 5.0038 -78.8940 3353 interior
37.6539 13.1893 -79.4699 3354 interior
33.8904 7.9820 -79.7629 3355 interior
38.6307 6.4570 -79.1430 3356 interior
37.0716 9.2598 -80.5862 3357 interior
37.0934 9.1638 -80.2474 3358 interior
37.5654 9.3020 -80.5877 3359 interior
37.5104 9.3180 -80.3032 3360 interior
37.5780 9.8053 -80.7857 3361 interior
37.3827 9.8493 -80.4396 3362 interior
37.5691 10.7146 -80.2344 3363 interior
35.9696 19.4080 -90.7296 3364 interior
35.9696 19.4080 -90.5010 3365 interior
35.9696 19.4080 -90.0613 3366 interior
35.9696 19.4223 -89.7561 3367 interior
35.9696 19.4080 -89.7390 3368 interior
35.9696 19.4080 -89.6755 3369 interior
35.9696 19.3437 -88.4944 3370 interior
35.9696 19.3488 -88.5706 3371 interior
35.9696 19.4080 -88.4944 3372 interior
33.3280 19.3488 -87.8590 3373 interior
35.9696 19.9275 -90.5518 3374 interior
32.7640 19.4933 -82.8582 3375 interior
31.4420 20.1605 -87.8082 3376 interior
36.0204 20.2716 -90.4883 3377 interior
31.8135 20.8411 -87.9606 3378 interior
32.2120 21.0403 -88.5702 3379 interior
35.8668 21.7297 -88.5706 3380 interior
35.9696 23.0874 -90.5010 3381 interior
37.6944 23.5736 -87.6622 3382 interior
35.9664 22.3393 -89.7390 3383 interior
36.8808 23.4720 -89.0024 3384 interior
35.9696 22.5806 -90.5010 3385 interior
35.9696 23.1140 -91.0193 3386 interior
35.9696 23.4720 -89.8660 3387 interior
36.0200 23.1902 -89.7390 3388 interior
36.8808 23.5736 -87.7165 3389 interior
38.1508 23.5736 -88.8651 3390 interior
38.6842 23.2688 -89.1294 3391 interior
36.0458 24.3765 -90.1684 3392 interior
38.5064 24.4880 -88.9008 3393 interior
37.2110 24.3713 -87.6562 3394 interior
38.6588 24.6817 -88.7365 3395 interior
38.4048 24.9368 -89.8406 3396 interior
35.7156 25.2782 -89.8406 3397 interior
38.1508 26.2739 -88.9441 3398 interior
38.6405 26.4184 -89.9168 3399 interior
38.7604 27.1514 -89.8406 3400 interior
38.7604 27.4157 -89.8406 3401 interior
37.2364 26.7232 -89.8223 3402 interior
38.7521 27.4157 -88.8246 3403 interior
36.0458 27.5784 -91.9294 3404 interior
37.9984 27.6376 -88.2150 3405 interior
38.1508 28.1777 -89.7390 3406 interior
38.6842 28.3488 -87.0028 3407 interior
38.0111 28.1456 -89.7390 3408 interior
36.0041 28.4353 -90.7042 3409 interior
36.5121 28.5012 -87.6562 3410 interior
36.4954 28.3996 -87.6622 3411 interior
37.7769 28.5012 -87.1930 3412 interior
37.9984 28.5012 -87.3066 3413 interior
35.9696 29.5096 -90.5443 3414 interior
38.7604 29.3648 -89.7390 3415 interior
38.7604 29.2632 -89.7390 3416 interior
38.7604 29.5231 -89.7910 3417 interior
38.7604 29.6696 -89.7390 3418 interior
35.9553 30.4673 -91.2150 3419 interior
35.9696 31.5682 -91.1423 3420 interior
35.9696 32.2858 -91.5170 3421 interior
35.9696 32.3977 -89.8914 3422 interior
38.4393 30.5467 -89.8660 3423 interior
37.0586 31.5401 -88.9897 3424 interior
37.7877 30.3673 -88.4900 3425 interior
37.2872 30.4316 -88.9770 3426 interior
36.0180 31.2952 -88.6523 3427 interior
37.2693 30.7280 -88.2277 3428 interior
38.2524 31.3186 -88.1194 3429 interior
38.6719 30.6455 -87.5764 3430 interior
35.9696 32.6160 -89.6120 3431 interior
37.3380 32.3112 -88.0626 3432 interior
37.6321 32.3969 -87.6622 3433 interior
37.3380 32.5612 -88.1090 3434 interior
38.2778 32.4886 -88.1134 3435 interior
38.6334 32.8192 -88.5849 3436 interior
38.7096 33.1835 -88.6448 3437 interior
38.7132 32.2330 -88.9552 3438 interior
35.8668 34.6166 -91.4027 3439 interior
36.0331 34.6904 -91.1166 3440 interior
35.7010 36.6465 -92.3913 3441 interior
37.3285 38.5748 -91.9837 3442 interior
35.9696 35.5497 -90.6026 3443 interior
36.4368 35.5681 -90.5867 3444 interior
38.7604 35.3810 -89.8406 3445 interior
38.0194 33.4288 -88.8861 3446 interior
37.9484 33.6169 -88.6214 3447 interior
38.2651 33.6248 -89.0024 3448 interior
38.6969 34.3432 -89.7513 3449 interior
38.6588 35.5624 -89.7723 3450 interior
36.9824 34.7496 -89.0337 3451 interior
37.2364 34.7496 -88.4690 3452 interior
37.2364 35.4608 -88.1166 3453 interior
36.1010 36.9687 -87.2630 3454 interior
37.2364 36.1720 -88.0626 3455 interior
38.0956 36.3752 -88.1928 3456 interior
37.6114 35.7656 -87.7070 3457 interior
38.7096 35.4608 -88.6722 3458 interior
35.6616 23.0383 -80.0485 3459 interior
33.5320 8.8641 -76.3233 3460 interior
31.5976 10.8712 -75.2856 3461 interior
32.4644 17.1716 -75.8524 3462 interior
29.9463 14.6830 -75.3189 3463 interior
33.5589 14.6894 -75.3536 3464 interior
32.1310 14.7414 -75.1040 3465 interior
33.6336 14.6830 -75.3687 3466 interior
30.3645 9.1297 -76.4278 3467 interior
34.2646 8.7044 -74.5744 3468 interior
34.4932 15.2812 -75.8581 3469 interior
29.9212 9.3634 -76.2968 3470 interior
29.9328 14.1663 -75.3309 3471 interior
33.5392 13.3520 -75.3536 3472 interior
37.0951 10.9484 -74.8302 3473 interior
29.0336 21.6328 -75.0885 3474 interior
37.4995 9.2149 -74.3085 3475 interior
33.0422 20.8239 -74.1908 3476 interior
30.9880 12.5984 -72.5932 3477 interior
30.0277 9.1149 -72.1852 3478 interior
30.5465 7.8740 -68.1399 3479 interior
32.8471 9.9568 -69.7992 3480 interior
34.2218 12.1190 -68.6378 3481 interior
37.6428 8.6774 -70.8279 3482 interior
36.4236 14.5034 -71.1657 3483 interior
35.3568 13.0843 -69.5616 3484 interior
37.8999 14.8734 -68.4610 3485 interior
35.9537 9.2344 -70.3673 3486 interior
34.7202 10.0838 -71.1708 3487 interior
36.9824 14.5091 -72.9488 3488 interior
33.3242 20.3763 -72.0633 3489 interior
38.0971 9.3179 -69.9140 3490 interior
33.8656 5.6178 -68.3926 3491 interior
35.2044 10.3482 -69.2983 3492 interior
33.0482 9.4934 -72.8248 3493 interior
38.1508 10.0869 -70.9239 3494 interior
35.6215 5.2650 -70.4184 3495 interior
35.3568 10.1917 -69.7941 3496 interior
24.1123 6.9738 -64.7978 3497 interior
23.7313 8.7642 -64.8843 3498 interior
23.8837 9.2710 -64.8843 3499 interior
24.5675 9.3904 -66.1308 3500 interior
23.9005 9.4963 -64.9732 3501 interior
24.7920 12.2405 -63.7175 3502 interior
25.0101 9.5472 -64.4961 3503 interior
26.1737 10.4322 -65.5066 3504 interior
27.3597 6.5227 -67.0913 3505 interior
28.5467 9.1092 -66.7955 3506 interior
29.5225 11.2459 -66.8147 3507 interior
29.6238 7.2531 -67.3763 3508 interior
30.2822 7.2179 -66.3956 3509 interior
27.3974 10.6289 -65.8053 3510 interior
28.3072 10.5523 -64.7240 3511 interior
29.7043 10.6160 -63.1852 3512 interior
33.6096 8.3188 -67.0002 3513 interior
31.7912 11.4598 -65.3556 3514 interior
33.1724 6.1190 -66.9798 3515 interior
33.0691 14.2467 -64.9811 3516 interior
33.8785 6.4611 -63.1839 3517 interior
32.7204 10.1885 -65.2673 3518 interior
33.5293 9.3014 -64.9633 3519 interior
34.1390 9.5788 -65.9456 3520 interior
30.5921 10.6592 -63.1234 3521 interior
27.7889 9.3252 -61.7043 3522 interior
28.1813 10.3099 -61.5854 3523 interior
29.3624 15.9959 -61.3670 3524 interior
33.3936 9.4798 -61.6331 3525 interior
26.0814 11.0810 -61.3203 3526 interior
26.4791 10.2616 -60.6537 3527 interior
27.0927 11.0092 -60.4600 3528 interior
39.9074 12.0916 -86.9950 3529 interior
39.2684 16.9779 -87.3637 3530 interior
38.9636 20.1351 -88.8115 3531 interior
39.2684 19.0103 -87.9796 3532 interior
39.3446 19.5183 -86.3985 3533 interior
39.3319 17.0287 -85.5853 3534 interior
39.8272 6.4644 -80.7043 3535 interior
38.8207 6.4644 -79.1430 3536 interior
38.8207 6.4644 -80.4930 3537 interior
39.8399 9.3726 -78.8136 3538 interior
38.8303 5.0256 -82.8918 3539 interior
38.9395 5.3812 -79.2137 3540 interior
39.7955 5.0800 -80.4672 3541 interior
39.5986 11.5008 -78.3387 3542 interior
39.4823 19.1591 -83.7061 3543 interior
39.0144 23.4188 -89.7390 3544 interior
39.0525 23.2688 -89.7263 3545 interior
39.4402 23.7617 -87.5590 3546 interior
39.4462 23.2434 -89.1294 3547 interior
39.1160 24.7928 -89.7390 3548 interior
39.0398 26.1136 -89.7517 3549 interior
39.4462 25.5040 -89.7390 3550 interior
39.1033 26.1723 -89.7390 3551 interior
39.3700 26.4184 -89.6374 3552 interior
39.4291 26.5243 -89.0024 3553 interior
39.3700 26.7232 -89.7390 3554 interior
39.0271 27.1296 -89.7517 3555 interior
39.0144 27.4177 -88.7611 3556 interior
39.1414 27.5586 -89.8164 3557 interior
39.0144 27.6376 -89.8152 3558 interior
39.0271 27.5868 -89.6501 3559 interior
39.3446 27.7558 -88.8246 3560 interior
39.0144 28.2559 -89.7390 3561 interior
39.0489 27.9932 -89.7390 3562 interior
39.2684 28.3230 -89.7390 3563 interior
39.0144 28.3615 -89.8223 3564 interior
38.9128 28.6786 -89.8152 3565 interior
39.3192 29.2632 -89.7390 3566 interior
39.0144 29.3521 -89.7898 3567 interior
39.0398 29.4283 -89.8279 3568 interior
39.2938 29.5402 -89.7390 3569 interior
39.1160 30.2792 -89.7390 3570 interior
38.9636 30.6324 -91.1106 3571 interior
39.3192 31.0412 -89.1294 3572 interior
39.0398 31.1515 -89.7644 3573 interior
39.0779 31.7016 -89.8128 3574 interior
39.2684 31.5682 -89.7898 3575 interior
39.2938 32.4215 -89.7644 3576 interior
39.0652 33.1240 -89.7898 3577 interior
39.3319 33.4288 -89.7771 3578 interior
39.3783 33.8352 -89.7009 3579 interior
39.0144 35.3810 -89.8406 3580 interior
39.0144 35.4608 -89.8406 3581 interior
39.0144 35.2068 -89.9168 3582 interior
39.3192 35.6866 -89.8406 3583 interior
39.2684 34.1908 -89.0024 3584 interior
39.0525 34.3432 -89.5866 3585 interior
39.1160 35.4607 -89.6640 3586 interior
39.0652 34.4003 -89.6882 3587 interior
39.1160 35.4608 -89.6699 3588 interior
38.9636 35.4608 -89.6378 3589 interior
39.3760 35.4608 -89.6640 3590 interior
39.1160 34.3547 -89.6854 3591 interior
39.1160 34.3864 -88.8305 3592 interior
39.0144 26.1953 -84.6559 3593 interior
39.4097 5.5029 -75.0849 3594 interior
38.9890 10.0836 -74.0618 3595 interior
39.2831 9.4742 -70.6648 3596 interior
39.7828 12.4964 -71.1492 3597 interior
39.7766 5.0201 -66.7112 3598 interior
39.9669 6.7056 -67.0112 3599 interior
39.9540 5.8665 -61.7614 3600 interior
39.5573 10.6586 -65.7098 3601 interior
46.6161 2.9972 -87.5166 3602 interior
42.2697 4.4260 -80.5299 3603 interior
41.3312 5.1780 -80.3062 3604 interior
41.3602 5.0256 -80.3348 3605 interior
42.9707 5.3443 -76.6322 3606 interior
48.6263 1.4835 -82.0785 3607 interior
40.3550 11.5824 -80.8228 3608 interior
45.3243 9.3726 -81.5527 3609 interior
41.8649 9.0712 -75.5350 3610 interior
48.3127 5.0158 -76.0975 3611 interior
43.4205 9.1363 -75.3110 3612 interior
46.8512 3.8598 -71.5780 3613 interior
49.0069 9.2583 -74.2712 3614 interior
42.0592 22.9048 -90.3232 3615 interior
41.2563 23.2561 -89.7771 3616 interior
42.4148 23.2434 -88.8397 3617 interior
40.8432 22.6592 -87.7324 3618 interior
40.8432 22.6592 -86.0056 3619 interior
42.0021 25.1992 -88.7357 3620 interior
41.0210 25.6056 -88.7155 3621 interior
41.9830 27.6376 -90.8399 3622 interior
40.3273 27.5868 -87.6181 3623 interior
40.4368 27.3328 -89.7275 3624 interior
41.0281 28.7552 -89.2056 3625 interior
42.0592 31.5694 -90.1454 3626 interior
40.0812 31.7016 -89.2056 3627 interior
41.2897 30.7229 -87.5637 3628 interior
40.9277 32.3112 -88.1896 3629 interior
40.8686 32.4993 -87.6308 3630 interior
42.0592 34.3940 -90.7423 3631 interior
42.0592 35.8080 -90.5784 3632 interior
41.7354 36.4768 -89.8926 3633 interior
41.8275 36.2736 -89.8164 3634 interior
42.1386 34.7496 -89.7517 3635 interior
40.9448 35.2068 -89.6374 3636 interior
40.9702 35.4608 -88.0372 3637 interior
40.8035 34.4448 -87.5546 3638 interior
41.3004 35.5624 -87.5606 3639 interior
40.3042 9.0970 -68.2625 3640 interior
43.2605 5.8440 -62.1496 3641 interior
42.5648 5.8940 -59.7408 3642 interior
43.8150 10.0229 -60.2425 3643 interior
46.6102 4.6039 -61.8599 3644 interior
45.2537 5.5897 -63.6290 3645 interior
40.8862 9.7024 -66.6272 3646 interior
43.0728 3.5958 -70.5052 3647 interior
43.0391 5.8398 -68.3847 3648 interior
47.0176 2.9824 -66.9132 3649 interior
43.3261 14.3383 -68.7193 3650 interior
44.6770 6.7454 -64.2022 3651 interior
43.0458 12.4023 -66.6242 3652 interior
44.3421 10.2896 -60.8915 3653 interior
40.0022 15.7632 -75.9308 3654 interior
41.6307 20.7611 -75.3120 3655 interior
42.0592 22.6592 -91.2027 3656 interior
40.8940 23.2561 -89.7771 3657 interior
40.3352 30.4673 -86.4148 3658 interior
44.2613 6.5712 -64.6862 3659 interior
47.2982 4.2375 -69.4346 3660 interior
42.3132 22.6592 -89.0024 3661 interior
42.3164 25.1992 -89.7517 3662 interior
42.0592 26.9688 -90.6026 3663 interior
40.7924 27.1296 -89.6886 3664 interior
41.8517 27.8126 -87.9610 3665 interior
40.4122 28.6909 -89.7263 3666 interior
41.2436 29.3648 -89.1294 3667 interior
41.3484 11.6332 -81.6864 3668 interior
41.3758 25.5040 -89.9422 3669 interior
41.2690 24.3864 -88.9770 3670 interior
41.3484 27.3328 -88.4011 3671 interior
40.5023 29.4346 -89.1294 3672 interior
40.6781 30.2514 -89.1294 3673 interior
41.2242 30.7947 -88.7992 3674 interior
40.9388 33.2577 -88.9067 3675 interior
40.9194 36.3752 -89.8164 3676 interior
40.7924 33.6744 -89.1294 3677 interior
41.3913 30.3808 -89.7390 3678 interior
41.2522 15.0154 -72.4966 3679 interior
43.6644 8.9255 -63.7730 3680 interior
42.7101 5.1562 -80.5261 3681 interior
41.9830 20.6272 -89.7390 3682 interior
41.1413 13.4207 -81.9146 3683 interior
42.3164 13.8176 -80.4204 3684 interior
41.5036 18.8468 -80.5180 3685 interior
45.3811 11.5728 -74.0654 3686 interior
42.3132 23.2561 -89.8291 3687 interior
41.5858 23.2307 -89.1040 3688 interior
40.3126 22.6592 -87.7082 3689 interior
41.2369 22.6592 -87.6562 3690 interior
41.2623 24.0816 -87.5224 3691 interior
40.1828 25.1992 -87.4530 3692 interior
41.6076 27.6376 -89.2310 3693 interior
41.3325 28.4758 -88.7230 3694 interior
40.3816 28.6960 -89.8279 3695 interior
41.3452 29.6696 -88.7357 3696 interior
41.7068 31.5742 -89.1294 3697 interior
42.3441 35.9579 -92.3158 3698 interior
42.0592 36.4768 -90.5784 3699 interior
41.0390 38.5748 -89.7803 3700 interior
41.1734 34.5507 -87.6622 3701 interior
41.5828 36.4607 -87.5559 3702 interior
41.9707 6.4647 -66.0146 3703 interior
41.9608 9.4186 -67.7301 3704 interior
40.7013 11.0530 -66.2747 3705 interior
40.8876 9.6729 -62.5094 3706 interior
44.1620 5.9162 -62.5100 3707 interior
42.8026 10.8712 -64.0767 3708 interior
43.3261 9.1567 -68.4784 3709 interior
44.2006 8.5545 -63.3472 3710 interior
44.3136 7.6347 -67.2448 3711 interior
34.2781 9.6503 -58.7869 3712 interior
34.3025 10.8734 -58.8772 3713 interior
30.2451 8.7961 -59.1052 3714 interior
46.1601 8.8838 -58.8041 3715 interior
29.1618 11.3510 -58.4683 3716 interior
47.6981 10.7876 -58.7351 3717 interior
34.6859 9.4194 -58.0784 3718 interior
34.9581 9.4453 -57.9128 3719 interior
31.0504 10.2436 -57.6167 3720 interior
45.9213 5.7384 -57.2660 3721 interior
36.1141 12.0847 -57.6580 3722 interior
34.3929 11.2079 -57.4834 3723 interior
35.7224 11.4699 -56.7690 3724 interior
30.2212 9.3210 -56.1284 3725 interior
33.3219 10.0979 -56.5276 3726 interior
30.8659 8.0009 -56.1975 3727 interior
34.6189 7.1755 -56.4041 3728 interior
24.4464 9.1385 -55.5929 3729 interior
24.6634 8.6208 -54.2798 3730 interior
23.3061 9.2219 -53.6071 3731 interior
24.8397 9.6635 -54.0132 3732 interior
26.6915 8.3262 -55.2704 3733 interior
26.4493 10.9855 -54.1782 3734 interior
28.0416 12.2644 -54.3244 3735 interior
26.4307 11.2645 -54.2085 3736 interior
26.0274 10.4510 -53.8604 3737 interior
34.5305 5.4447 -55.9745 3738 interior
37.5543 9.6954 -54.3850 3739 interior
39.8428 12.4979 -53.5495 3740 interior
32.2072 11.4296 -53.3908 3741 interior
24.6634 8.9074 -53.5247 3742 interior
24.8975 12.3789 -53.1063 3743 interior
31.9389 13.0623 -53.0606 3744 interior
25.5742 7.0165 -52.5018 3745 interior
25.7753 7.2042 -53.2639 3746 interior
26.7963 9.6231 -52.8614 3747 interior
26.9285 14.4018 -52.6288 3748 interior
27.9301 8.6630 -52.8558 3749 interior
30.1206 11.2494 -52.2910 3750 interior
25.1587 6.6954 -51.5140 3751 interior
25.4758 4.8051 -50.6338 3752 interior
25.1399 5.9185 -50.0395 3753 interior
25.4815 5.2924 -50.6140 3754 interior
25.3922 7.7614 -51.3080 3755 interior
23.2103 9.7317 -50.5042 3756 interior
23.2221 9.6303 -50.2113 3757 interior
24.8234 12.6851 -51.5435 3758 interior
25.8187 10.1056 -51.1993 3759 interior
26.4934 13.3619 -51.8825 3760 interior
26.7081 7.6093 -50.7094 3761 interior
27.2450 12.7218 -51.5284 3762 interior
29.2640 10.0315 -52.2893 3763 interior
26.5899 9.3726 -51.9532 3764 interior
34.4557 10.9268 -50.2412 3765 interior
40.0308 6.3001 -52.9336 3766 interior
40.0908 8.5652 -55.4810 3767 interior
34.0951 7.2946 -49.0504 3768 interior
25.5496 9.6698 -48.6410 3769 interior
24.5430 8.6958 -48.4969 3770 interior
42.8316 13.4416 -52.6870 3771 interior
43.2638 5.8928 -52.6288 3772 interior
42.8319 5.9055 -52.6697 3773 interior
44.2688 11.2355 -53.1879 3774 interior
45.1104 10.6426 -54.3547 3775 interior
45.2203 11.0992 -54.5636 3776 interior
46.1582 10.6452 -54.6113 3777 interior
48.3243 11.3792 -55.4879 3778 interior
46.2416 7.8393 -53.7972 3779 interior
47.9284 11.0236 -49.5849 3780 interior
48.3108 11.0506 -51.9172 3781 interior
48.2457 9.0103 -51.8648 3782 interior
47.8536 11.6008 -51.7144 3783 interior
48.3040 10.5816 -49.5364 3784 interior
49.1956 3.1939 -73.4205 3785 interior
49.4417 7.7194 -76.2604 3786 interior
49.1597 8.4791 -67.7660 3787 interior
49.4512 10.2896 -54.4374 3788 interior
49.5942 7.7126 -70.5881 3789 interior
50.2646 5.0561 -86.9700 3790 interior
50.1714 3.4510 -77.7427 3791 interior
50.0174 4.1332 -72.1039 3792 interior
54.0373 3.2388 -69.0636 3793 interior
51.1615 3.3941 -64.9790 3794 interior
51.2881 3.7794 -64.5750 3795 interior
51.9308 3.3921 -64.8251 3796 interior
52.8006 3.3941 -65.1367 3797 interior
51.1245 8.1358 -64.6627 3798 interior
51.6891 17.4311 -64.4904 3799 interior
51.2148 12.9399 -64.2120 3800 interior
50.7111 9.4008 -64.1430 3801 interior
52.4251 8.7062 -60.0042 3802 interior
50.0804 4.2314 -57.0227 3803 interior
51.1142 3.4406 -56.3223 3804 interior
52.4787 4.2116 -57.0067 3805 interior
51.3632 4.6661 -55.9717 3806 interior
50.7834 4.4653 -56.9713 3807 interior
51.3157 5.3160 -55.1899 3808 interior
51.9938 5.2324 -50.3377 3809 interior
53.5405 7.5822 -70.8685 3810 interior
51.0622 8.2356 -65.4631 3811 interior
51.0258 6.5770 -65.2971 3812 interior
50.9351 3.3103 -61.2690 3813 interior
54.1460 3.6391 -59.8932 3814 interior
49.8519 10.1752 -57.1179 3815 interior
53.8735 3.7445 -48.7169 3816 interior
52.4454 10.7967 -55.5596 3817 interior
49.7723 4.6145 -57.4270 3818 interior
51.2414 6.7398 -69.3719 3819 interior
53.0938 6.2424 -65.6745 3820 interior
51.7485 9.2299 -65.4971 3821 interior
51.0915 10.3175 -61.1248 3822 interior
50.7832 3.8482 -51.7372 3823 interior
49.8856 10.2572 -56.5699 3824 interior
52.4807 3.8297 -62.0326 3825 interior
54.1574 3.2117 -61.8448 3826 interior
51.8177 9.7035 -64.7162 3827 interior
53.0220 6.6935 -56.9685 3828 interior
51.8005 10.2381 -59.2844 3829 interior
50.4549 9.3361 -63.6115 3830 interior
51.9513 8.2206 -62.3443 3831 interior
52.6812 8.0450 -61.7228 3832 interior
51.9206 10.5192 -64.1847 3833 interior
55.2120 4.5922 -75.9138 3834 interior
54.8470 5.5753 -76.6423 3835 interior
55.3142 4.2096 -74.3560 3836 interior
54.8138 7.4133 -76.5928 3837 interior
55.4575 -0.5080 -73.1949 3838 interior
54.8937 3.3645 -60.2934 3839 interior
54.8065 12.7294 -70.4277 3840 interior
55.5889 5.3104 -64.7019 3841 interior
56.6496 3.7003 -68.4631 3842 interior
56.0136 5.0458 -65.3350 3843 interior
56.4857 4.4647 -66.3035 3844 interior
57.1901 3.7774 -63.3056 3845 interior
55.1234 3.8405 -56.8957 3846 interior
54.6254 5.2850 -55.8271 3847 interior
55.1644 3.4046 -57.6238 3848 interior
56.0547 4.4971 -55.7030 3849 interior
55.8943 4.4957 -54.2618 3850 interior
56.0897 3.8264 -53.3444 3851 interior
55.7446 4.1344 -52.7248 3852 interior
55.9179 3.8398 -51.3063 3853 interior
55.6633 6.4251 -52.6288 3854 interior
55.9027 7.4548 -51.5535 3855 interior
55.5438 4.7325 -56.0871 3856 interior
55.7409 5.2783 -52.7404 3857 interior
55.7962 6.8756 -52.7776 3858 interior
55.5667 8.7587 -53.7203 3859 interior
56.5976 10.1945 -52.9830 3860 interior
58.3053 6.1849 -53.2384 3861 interior
56.1030 4.2017 -50.1025 3862 interior
55.2704 8.0407 -49.8548 3863 interior
58.3217 5.5948 -50.4838 3864 interior
58.8114 5.8451 -61.8702 3865 interior
59.2515 4.2425 -64.2291 3866 interior
59.6134 8.0492 -51.1238 3867 interior
61.0695 7.5951 -69.7115 3868 interior
62.1868 3.5947 -69.2164 3869 interior
62.7359 5.3570 -68.8193 3870 interior
63.3687 5.5167 -65.6622 3871 interior
60.0503 5.5445 -60.4533 3872 interior
62.7150 2.9564 -61.9077 3873 interior
64.7279 7.7186 -66.0847 3874 interior
66.3537 5.3246 -68.7270 3875 interior
64.8240 2.3973 -67.9188 3876 interior
65.4835 4.7844 -64.2127 3877 interior
65.8245 4.7844 -64.1836 3878 interior
65.8169 6.4489 -63.4572 3879 interior
65.6964 4.8198 -62.7916 3880 interior
66.6323 7.8954 -61.8727 3881 interior
65.7328 7.5540 -61.2603 3882 interior
65.3098 6.1493 -61.2200 3883 interior
65.7445 7.1748 -61.2200 3884 interior
66.5738 6.3007 -59.3646 3885 interior
65.0622 7.1097 -59.0276 3886 interior
67.6952 5.5733 -65.3761 3887 interior
72.1573 6.6343 -64.0982 3888 interior
68.3300 6.2839 -61.3069 3889 interior
68.8330 8.1618 -62.6783 3890 interior
68.2514 3.5595 -58.8561 3891 interior
60.2849 5.2847 -58.3692 3892 interior
66.5721 7.6889 -58.5854 3893 interior
65.0810 5.8183 -57.7899 3894 interior
66.9112 7.6988 -57.1637 3895 interior
70.0831 8.4615 -56.7711 3896 interior
74.1487 2.5244 -63.9455 3897 interior
86.3094 -3.9594 -58.5819 3898 interior
86.8066 -4.1166 -58.6402 3899 interior
88.1041 -3.7043 -57.4741 3900 interior
87.2317 -3.7653 -58.8097 3901 interior
79.8843 1.1298 -60.4348 3902 interior
83.2348 -1.8873 -57.9421 3903 interior
86.8266 -3.9221 -57.6107 3904 interior
87.0251 -3.7954 -56.9477 3905 interior
87.6619 -3.7976 -56.9211 3906 interior
63.4085 3.4064 -54.4225 3907 interior
64.2192 5.4418 -54.6344 3908 interior
68.6220 4.3394 -55.7311 3909 interior
64.2664 2.8403 -52.6488 3910 interior
64.7125 2.8401 -51.0541 3911 interior
71.3403 -0.2583 -51.8610 3912 interior
71.6031 -0.2709 -51.5033 3913 interior
71.9329 -0.4186 -51.5346 3914 interior
72.6483 -0.8884 -51.9552 3915 interior
69.8664 1.0415 -52.2648 3916 interior
71.3980 -0.4443 -50.9916 3917 interior
71.8166 -0.3040 -51.3422 3918 interior
71.7643 -0.3313 -51.0714 3919 interior
72.3505 -0.2741 -50.8863 3920 interior
71.7173 -0.3112 -50.9086 3921 interior
72.1255 1.9622 -51.3676 3922 interior
69.2076 3.6470 -52.0809 3923 interior
65.5526 4.2755 -49.1188 3924 interior
65.9158 4.3855 -48.8736 3925 interior
66.6595 4.2982 -48.3533 3926 interior
71.3635 -0.4418 -50.7909 3927 interior
71.6691 -0.4375 -50.6680 3928 interior
71.3934 -0.4366 -50.3250 3929 interior
71.1991 -0.3113 -50.1966 3930 interior
70.7978 -0.3011 -49.8817 3931 interior
70.7973 -0.2992 -49.8643 3932 interior
70.7973 -0.2992 -49.8643 3933 interior
70.8073 -0.2695 -49.8742 3934 interior
70.8006 -0.1520 -49.8650 3935 interior
71.0770 -0.1196 -49.7401 3936 interior
71.0818 -0.3163 -49.5695 3937 interior
71.3355 -0.4380 -49.5072 3938 interior
71.3371 -0.1753 -49.4865 3939 interior
71.3609 -0.2899 -49.6609 3940 interior
71.3786 -0.3016 -49.6519 3941 interior
71.7800 -0.2969 -49.9788 3942 interior
71.7316 -0.3004 -49.8092 3943 interior
71.9798 -0.2682 -49.5628 3944 interior
71.6870 -0.2616 -49.6452 3945 interior
70.8439 2.3577 -48.7124 3946 interior
62.1739 4.1906 -51.4827 3947 interior
64.0206 1.9157 -49.9957 3948 interior
68.4967 1.4668 -53.1876 3949 interior
70.1020 1.8796 -53.6702 3950 interior
68.1353 1.4732 -52.0186 3951 interior
72.5823 -2.4881 -52.0335 3952 interior
71.8910 -0.2679 -51.7962 3953 interior
71.9770 -0.4189 -51.6920 3954 interior
71.5397 -0.4418 -50.9755 3955 interior
68.8928 1.4831 -49.1966 3956 interior
71.4857 -0.2595 -50.6838 3957 interior
71.4646 -0.3209 -50.0789 3958 interior
71.4706 -0.2738 -50.4663 3959 interior
71.3321 -0.2882 -49.4950 3960 interior
72.5975 -0.4554 -48.3058 3961 interior
61.5445 8.2432 -49.4538 3962 interior
67.3297 2.7969 -49.3242 3963 interior
69.3591 -0.3905 -50.5924 3964 interior
70.9679 -0.8416 -51.4405 3965 interior
71.3783 -0.2221 -50.7635 3966 interior
71.5521 -0.4423 -49.9770 3967 interior
71.4900 -0.4300 -50.4463 3968 interior
70.8346 -0.9027 -49.1996 3969 interior
72.9851 -1.3674 -48.3728 3970 interior
65.3610 8.1653 -49.5187 3971 interior
70.1764 -1.6649 -52.0504 3972 interior
63.7749 6.4613 -54.1839 3973 interior
70.4245 -0.7979 -51.6591 3974 interior
71.8393 -0.3923 -51.0107 3975 interior
61.6540 5.7642 -49.1924 3976 interior
70.9348 -0.7979 -51.1469 3977 interior
71.6505 -0.5585 -48.7976 3978 interior
72.8111 2.8415 -50.2999 3979 interior
74.2188 2.3614 -54.4565 3980 interior
77.1906 -1.3517 -52.1097 3981 interior
79.3842 -2.0647 -53.9707 3982 interior
79.9272 1.0697 -50.9522 3983 interior
81.7234 -2.4220 -53.3091 3984 interior
88.0389 -3.7793 -55.0516 3985 interior
89.1050 -3.7037 -55.6115 3986 interior
89.1934 -3.4706 -54.6401 3987 interior
87.8550 -3.8451 -53.9480 3988 interior
85.2332 -3.2456 -53.2057 3989 interior
89.2635 -3.3560 -52.5235 3990 interior
88.8969 -3.5541 -50.6463 3991 interior
89.6026 -3.5830 -50.6676 3992 interior
89.6023 -3.3598 -49.9961 3993 interior
89.1279 -3.4292 -49.6525 3994 interior
88.4726 -3.2262 -48.5712 3995 interior
46.8951 5.9781 -48.2754 3996 interior
77.4665 1.1788 -46.8351 3997 interior
43.1546 8.2161 -46.9579 3998 interior
77.9071 1.1229 -47.0193 3999 interior
33.9295 10.6684 -48.2116 4000 interior
57.8645 5.0562 -45.5265 4001 interior
72.8687 1.0839 -48.0189 4002 interior
71.4185 3.9878 -45.7644 4003 interior
87.9590 -2.9975 -46.7786 4004 interior
25.1183 6.5294 -47.3385 4005 interior
23.6656 8.8887 -46.4145 4006 interior
23.5444 8.8629 -45.8590 4007 interior
23.8271 8.8626 -45.6835 4008 interior
24.5855 8.9412 -45.7730 4009 interior
24.6765 8.8936 -46.0417 4010 interior
23.8912 7.2567 -46.7113 4011 interior
26.5545 9.9230 -45.7026 4012 interior
53.7147 10.9669 -45.9822 4013 interior
54.3350 8.6469 -47.8670 4014 interior
61.6045 8.8437 -47.5435 4015 interior
24.3431 3.9394 -47.3020 4016 interior
24.2346 7.0151 -47.3242 4017 interior
25.4536 8.5977 -47.0416 4018 interior
24.6445 8.7847 -45.9864 4019 interior
25.0478 8.8926 -46.0449 4020 interior
25.7897 8.9047 -46.3178 4021 interior
25.7004 9.1470 -45.8886 4022 interior
25.7324 9.6986 -46.6672 4023 interior
25.1077 8.7578 -46.2061 4024 interior
23.7903 8.8629 -45.9345 4025 interior
24.0018 9.2002 -45.8593 4026 interior
24.1236 9.5403 -45.7773 4027 interior
24.4714 9.5044 -45.8268 4028 interior
25.6496 8.9437 -46.0392 4029 interior
24.7785 12.1045 -45.4007 4030 interior
24.4729 13.2936 -47.5730 4031 interior
28.0227 15.7474 -46.8884 4032 interior
26.6252 15.1617 -45.4024 4033 interior
30.5038 11.8586 -45.1054 4034 interior
39.1375 10.2810 -45.5044 4035 interior
79.7024 3.1085 -47.3623 4036 interior
55.0487 10.4404 -44.4956 4037 interior
23.2141 7.4235 -46.1863 4038 interior
26.7011 8.7414 -48.1552 4039 interior
23.7922 9.6820 -47.9869 4040 interior
26.7011 8.7414 -48.1552 4041 interior
26.4337 9.1683 -47.6037 4042 interior
23.2367 12.0158 -47.0853 4043 interior
32.7859 10.1346 -46.6328 4044 interior
33.5597 7.7694 -48.2363 4045 interior
24.7139 6.3388 -45.0055 4046 interior
45.3049 11.6039 -47.8875 4047 interior
38.1241 7.8452 -46.1877 4048 interior
44.4144 8.5598 -47.2440 4049 interior
39.7437 7.2623 -44.8265 4050 interior
39.5929 10.0215 -47.5690 4051 interior
42.0782 9.1866 -46.0438 4052 interior
46.6288 8.8686 -45.9994 4053 interior
49.9872 4.5267 -47.9390 4054 interior
52.4483 3.9128 -46.8294 4055 interior
50.0068 3.7744 -45.8476 4056 interior
50.3681 4.4848 -46.0869 4057 interior
58.4846 8.5705 -47.3428 4058 interior
60.9805 3.9128 -47.6742 4059 interior
64.2640 2.7432 -45.2627 4060 interior
67.5172 -1.0668 -47.6322 4061 interior
67.1334 4.2870 -48.0302 4062 interior
66.8019 2.5057 -47.9284 4063 interior
68.1493 2.1383 -46.7605 4064 interior
71.2087 -1.3700 -48.0381 4065 interior
70.2583 0.0249 -47.4563 4066 interior
71.4572 0.9943 -46.5711 4067 interior
70.8200 3.2576 -47.1686 4068 interior
69.6976 5.4102 -46.8555 4069 interior
71.6280 5.7150 -45.7644 4070 interior
67.5297 13.3701 -44.5057 4071 interior
73.3048 -0.9618 -47.4913 4072 interior
73.4822 3.9878 -45.7644 4073 interior
72.9930 -3.4940 -44.4289 4074 interior
79.8017 -1.8584 -47.8209 4075 interior
88.3683 -3.2395 -47.7106 4076 interior
87.6446 -3.0241 -47.0547 4077 interior
88.8067 -3.2551 -46.7015 4078 interior
31.3543 9.9133 -42.6982 4079 interior
39.4430 11.1924 -37.6381 4080 interior
40.4117 8.1993 -37.9535 4081 interior
41.3368 4.5791 -40.5166 4082 interior
41.3481 4.6584 -40.4893 4083 interior
42.3178 4.5793 -40.4807 4084 interior
51.5104 3.8495 -42.1925 4085 interior
56.3717 3.8574 -42.0787 4086 interior
57.7489 3.8561 -42.0760 4087 interior
54.0076 6.0942 -40.2419 4088 interior
54.7928 6.3214 -40.1759 4089 interior
57.2443 7.6032 -41.1981 4090 interior
54.5317 6.3703 -38.8471 4091 interior
53.5302 8.6107 -39.3560 4092 interior
53.6624 8.6107 -39.2181 4093 interior
53.7921 8.2695 -38.5310 4094 interior
53.5608 8.6107 -38.2237 4095 interior
54.6037 8.1569 -38.5707 4096 interior
54.9077 8.1679 -38.5647 4097 interior
56.4222 6.4304 -38.5817 4098 interior
53.8023 8.1920 -39.3979 4099 interior
53.8393 8.5915 -39.3555 4100 interior
56.4769 8.4596 -38.5826 4101 interior
56.4739 6.4644 -37.9935 4102 interior
55.3122 6.7172 -39.6164 4103 interior
59.1352 5.6535 -38.8575 4104 interior
59.1896 7.4362 -38.5547 4105 interior
60.5536 6.6421 -38.1508 4106 interior
62.2956 6.5054 -40.4621 4107 interior
62.2361 6.8157 -40.9450 4108 interior
61.6339 6.1651 -38.7497 4109 interior
64.0537 5.4737 -39.1705 4110 interior
64.5946 6.9223 -38.2163 4111 interior
65.7011 6.0087 -38.2755 4112 interior
70.0953 3.6549 -42.2023 4113 interior
77.1442 3.1455 -39.3748 4114 interior
59.6959 6.2308 -40.4055 4115 interior
62.1443 5.0884 -40.9807 4116 interior
63.9419 5.0949 -40.9203 4117 interior
65.6830 5.1949 -38.3666 4118 interior
60.5393 4.7678 -42.1953 4119 interior
66.9213 5.9332 -37.7267 4120 interior
83.3145 2.9204 -41.2810 4121 interior
76.4047 0.9146 -42.7024 4122 interior
58.8701 1.8266 -42.4746 4123 interior
32.3368 10.1880 -42.7382 4124 interior
30.2509 9.6926 -42.3713 4125 interior
46.8119 8.5520 -42.9610 4126 interior
48.6175 8.2369 -39.4709 4127 interior
58.2187 10.4117 -40.4229 4128 interior
62.8137 10.5525 -41.3286 4129 interior
66.0665 9.6109 -41.3360 4130 interior
59.3193 9.7981 -44.2572 4131 interior
59.3357 9.0398 -39.5888 4132 interior
52.8491 10.5639 -38.1910 4133 interior
39.8361 10.7714 -38.3242 4134 interior
43.2933 7.9215 -42.8131 4135 interior
46.8525 6.8320 -43.3636 4136 interior
69.9425 4.1029 -41.5433 4137 interior
48.9395 10.5156 -39.2431 4138 interior
49.7645 8.6159 -37.5681 4139 interior
35.1585 6.8902 -42.6813 4140 interior
38.3357 9.0257 -41.8494 4141 interior
30.1886 5.1205 -37.7772 4142 interior
35.5732 10.7890 -44.3585 4143 interior
33.1724 10.9728 -43.5101 4144 interior
49.4257 7.0500 -43.7421 4145 interior
53.3482 3.7564 -43.5787 4146 interior
54.5144 3.7989 -43.8122 4147 interior
73.8275 7.5919 -44.1380 4148 interior
41.5507 5.1839 -40.3445 4149 interior
42.1656 4.7666 -40.4720 4150 interior
42.4866 5.0013 -40.3273 4151 interior
46.5270 5.7871 -38.4021 4152 interior
52.7304 8.9408 -38.2283 4153 interior
54.8005 4.8601 -39.2760 4154 interior
56.2864 7.6962 -38.1000 4155 interior
57.3786 7.8010 -37.9984 4156 interior
57.5918 5.3707 -37.8122 4157 interior
58.0493 8.2165 -37.7474 4158 interior
39.1922 8.8916 -42.9837 4159 interior
23.9300 12.4376 -39.1827 4160 interior
45.2628 10.7863 -37.8202 4161 interior
49.4598 11.8351 -38.4048 4162 interior
50.3936 11.7261 -38.4048 4163 interior
51.0196 8.3272 -40.6487 4164 interior
47.1470 5.0645 -40.2504 4165 interior
57.8305 10.6070 -40.9448 4166 interior
62.8178 5.5582 -40.6642 4167 interior
66.2178 4.7752 -40.4289 4168 interior
23.9776 3.2741 -36.5660 4169 interior
23.8523 3.9815 -36.5554 4170 interior
23.9776 3.9697 -36.5524 4171 interior
23.8647 4.5725 -36.5524 4172 interior
23.9776 4.5741 -36.5524 4173 interior
27.0943 10.7849 -36.7233 4174 interior
33.3756 9.1720 -36.7629 4175 interior
33.4009 7.2587 -37.2141 4176 interior
37.5813 6.6957 -37.3427 4177 interior
39.5298 7.6446 -36.4801 4178 interior
44.4770 5.0532 -36.8083 4179 interior
44.4136 8.2840 -37.2872 4180 interior
44.0329 4.1724 -36.6451 4181 interior
42.1664 12.5476 -37.3380 4182 interior
45.0275 8.0993 -36.6437 4183 interior
50.1904 9.9679 -37.5158 4184 interior
54.0593 9.1955 -36.5606 4185 interior
57.4951 10.4117 -37.0624 4186 interior
59.4336 9.8748 -36.7012 4187 interior
60.5804 8.2695 -37.3481 4188 interior
68.6118 9.7683 -36.6512 4189 interior
56.7176 7.3767 -36.6722 4190 interior
54.1866 3.2630 -36.5834 4191 interior
62.9709 8.7700 -37.4350 4192 interior
62.1085 6.6146 -37.1259 4193 interior
32.6792 9.4996 -36.3681 4194 interior
63.9055 9.5400 -36.3441 4195 interior
31.8645 10.1770 -35.9410 4196 interior
55.1635 10.1854 -35.8913 4197 interior
43.8759 10.9010 -36.0043 4198 interior
45.9639 10.4603 -35.7271 4199 interior
47.0218 10.3221 -36.1257 4200 interior
30.1744 6.0606 -35.9906 4201 interior
47.5324 10.3175 -36.0936 4202 interior
67.0497 8.0220 -35.7060 4203 interior
45.7974 10.4117 -35.7833 4204 interior
41.9862 21.3977 -36.3700 4205 interior
34.2971 10.4314 -35.4101 4206 interior
49.6062 10.8712 -35.4330 4207 interior
60.1625 10.3729 -35.4289 4208 interior
29.6625 13.0598 -35.1401 4209 interior
56.1550 10.3275 -34.8159 4210 interior
47.4196 9.1019 -34.9526 4211 interior
50.8822 6.9021 -35.3201 4212 interior
41.9498 6.3860 -34.9625 4213 interior
57.7802 7.9153 -35.1473 4214 interior
66.9523 17.9301 -34.9505 4215 interior
52.3707 7.4368 -34.9259 4216 interior
46.3767 11.3261 -34.8742 4217 interior
24.9936 9.4234 -34.4678 4218 interior
49.0665 8.2354 -34.6717 4219 interior
48.3197 8.6402 -34.5716 4220 interior
51.7716 11.0076 -34.6542 4221 interior
54.7771 8.8124 -34.6365 4222 interior
53.9360 9.4107 -34.5668 4223 interior
54.8926 13.5368 -34.6417 4224 interior
54.9434 10.2299 -34.6340 4225 interior
50.7849 6.5261 -34.4910 4226 interior
56.5615 9.1948 -34.5175 4227 interior
63.9862 9.9187 -34.6710 4228 interior
80.0282 1.3024 -34.5792 4229 interior
24.3778 9.0847 -34.3195 4230 interior
40.3278 10.5261 -34.2823 4231 interior
57.0712 6.9849 -34.3523 4232 interior
58.9234 6.6531 -34.4166 4233 interior
63.6293 10.4879 -34.3355 4234 interior
55.0919 7.0357 -34.3634 4235 interior
63.9450 7.0743 -34.3649 4236 interior
58.1914 10.2999 -34.1567 4237 interior
39.4789 11.3688 -34.4191 4238 interior
26.3716 7.4168 -33.6931 4239 interior
26.3716 7.4422 -33.6931 4240 interior
26.3716 9.0488 -33.7249 4241 interior
30.5342 11.4742 -33.8667 4242 interior
32.0934 10.8801 -33.9582 4243 interior
53.5030 8.8319 -33.7408 4244 interior
58.1866 9.0257 -34.0062 4245 interior
68.6118 9.6374 -33.8372 4246 interior
35.8303 10.0810 -33.5682 4247 interior
57.3692 9.4563 -34.0113 4248 interior
57.6089 3.5024 -34.0344 4249 interior
66.9630 12.7895 -33.5234 4250 interior
41.1596 11.1178 -33.8617 4251 interior
44.0397 12.3562 -33.6251 4252 interior
50.4681 9.4848 -34.1025 4253 interior
28.1285 11.7570 -32.9014 4254 interior
41.3259 10.6800 -33.4319 4255 interior
50.4109 8.9868 -33.4296 4256 interior
57.0414 6.5472 -33.0625 4257 interior
57.0135 8.2184 -33.0171 4258 interior
59.8502 10.0262 -32.9709 4259 interior
69.7114 9.1201 -32.9751 4260 interior
24.3206 9.3194 -32.8558 4261 interior
24.7223 10.4281 -32.5527 4262 interior
26.3060 10.7696 -31.7995 4263 interior
34.7605 11.9554 -32.1011 4264 interior
35.3808 12.5783 -32.1691 4265 interior
46.1332 8.6662 -31.7228 4266 interior
46.4054 10.1667 -31.9867 4267 interior
50.3385 9.1293 -31.9645 4268 interior
46.6653 8.9114 -32.7660 4269 interior
53.3288 7.2772 -32.1706 4270 interior
54.6882 9.4190 -31.1174 4271 interior
53.4527 13.4650 -32.4021 4272 interior
56.5451 8.5323 -32.1869 4273 interior
56.9736 10.1706 -32.1869 4274 interior
57.5570 10.1743 -32.1876 4275 interior
60.0999 6.7476 -32.4245 4276 interior
59.1903 10.6377 -32.1685 4277 interior
59.7362 10.4689 -32.1644 4278 interior
63.2641 9.0635 -31.9322 4279 interior
44.0265 10.5595 -32.8985 4280 interior
38.4469 10.0842 -32.7842 4281 interior
25.0314 9.5821 -32.1691 4282 interior
53.4162 9.7085 -31.6264 4283 interior
27.6897 9.0284 -31.2190 4284 interior
54.6480 10.1815 -32.1869 4285 interior
56.7800 10.1284 -32.1864 4286 interior
59.8679 10.3533 -31.2572 4287 interior
24.5618 11.3185 -31.6992 4288 interior
28.1401 13.0445 -32.0414 4289 interior
28.5777 14.3809 -31.2251 4290 interior
29.6836 11.3676 -32.4273 4291 interior
35.2171 8.4772 -31.2999 4292 interior
53.2452 8.8137 -32.1893 4293 interior
59.7921 6.3131 -32.0692 4294 interior
57.1794 11.5302 -32.0043 4295 interior
51.3951 7.5926 -32.5793 4296 interior
57.9001 9.5058 -32.5854 4297 interior
57.5992 10.0461 -32.1879 4298 interior
35.6130 10.3331 -31.6119 4299 interior
25.9059 8.5023 -33.2239 4300 interior
34.0233 11.7419 -32.0538 4301 interior
40.1454 8.4423 -32.3290 4302 interior
35.8993 6.0159 -31.5858 4303 interior
43.6858 8.4423 -32.1056 4304 interior
47.7322 7.4264 -32.1056 4305 interior
54.5233 7.0092 -31.7133 4306 interior
54.4637 11.7362 -32.1868 4307 interior
55.9268 10.2645 -32.1893 4308 interior
43.8428 9.7180 -31.8260 4309 interior
54.4181 10.4330 -32.1893 4310 interior
48.0203 8.1917 -33.0898 4311 interior
55.9813 11.6200 -32.1868 4312 interior
51.2273 9.5845 -31.3053 4313 interior
56.5508 7.8929 -31.6527 4314 interior
57.1396 7.8526 -31.6691 4315 interior
57.4903 10.1815 -32.1869 4316 interior
59.0426 10.1297 -32.1893 4317 interior
57.5920 7.8864 -31.2594 4318 interior
57.8203 9.6784 -32.9661 4319 interior
58.4034 7.7786 -31.7006 4320 interior
60.0918 10.5832 -31.0960 4321 interior
60.5711 9.5060 -32.6795 4322 interior
59.5289 9.0391 -31.5525 4323 interior
63.2238 8.7748 -32.0754 4324 interior
25.9300 9.2504 -32.6521 4325 interior
49.9373 9.1079 -33.2147 4326 interior
55.9747 10.1815 -32.1661 4327 interior
56.9700 10.0937 -32.1869 4328 interior
56.4968 12.7889 -32.0476 4329 interior
58.3239 10.0839 -32.1889 4330 interior
59.3756 11.4427 -32.6488 4331 interior
66.9126 6.6334 -32.9022 4332 interior
51.2747 7.5888 -31.5800 4333 interior
26.2341 9.4617 -32.5352 4334 interior
37.8734 8.0255 -33.4664 4335 interior
38.4325 7.8249 -32.0919 4336 interior
56.8924 7.8467 -32.0031 4337 interior
67.2612 5.3590 -32.6056 4338 interior
36.9473 10.0869 -31.3347 4339 interior
52.9051 10.4116 -32.8684 4340 interior
53.7022 9.6585 -32.8011 4341 interior
53.7464 10.0222 -31.9592 4342 interior
59.3789 8.7471 -33.2869 4343 interior
56.2894 10.1706 -32.1869 4344 interior
56.9898 10.1706 -32.1858 4345 interior
58.3043 10.1690 -32.1822 4346 interior
57.3044 9.0043 -32.9184 4347 interior
63.8278 8.7027 -32.0982 4348 interior
29.0878 11.9127 -30.6067 4349 interior
28.0485 11.4522 -29.4041 4350 interior
29.3176 8.6503 -29.8151 4351 interior
31.6793 10.3795 -30.7661 4352 interior
35.2894 10.0700 -29.4881 4353 interior
35.2928 9.6421 -29.6554 4354 interior
38.7806 5.7787 -30.6827 4355 interior
36.7830 12.0164 -30.8667 4356 interior
34.7799 8.6860 -29.8016 4357 interior
38.2899 9.4199 -29.5034 4358 interior
35.3858 9.9119 -29.6799 4359 interior
39.5153 9.0907 -29.3564 4360 interior
27.1966 9.8552 -30.2482 4361 interior
39.5422 11.9231 -30.7764 4362 interior
33.0962 10.6020 -29.3029 4363 interior
32.1802 10.4480 -29.0282 4364 interior
30.2915 6.0278 -28.0424 4365 interior
34.6564 6.9177 -26.8531 4366 interior
30.7807 9.3021 -27.5961 4367 interior
37.9654 9.7686 -28.3434 4368 interior
33.0530 9.7570 -28.8978 4369 interior
29.2100 13.4303 -27.1526 4370 interior
31.7354 9.9618 -27.1653 4371 interior
28.0618 9.7504 -27.0259 4372 interior
26.3130 3.0420 -28.8249 4373 interior
25.8518 12.4600 -27.1653 4374 interior
26.1953 13.1460 -27.3772 4375 interior
26.4336 12.9460 -26.2382 4376 interior
31.8633 3.9843 -27.0256 4377 interior
34.6262 7.9359 -28.5530 4378 interior
29.2062 8.7644 -27.1780 4379 interior
29.4114 12.6515 -27.0702 4380 interior
33.5810 12.8338 -28.1288 4381 interior
36.5790 7.5562 -28.0988 4382 interior
37.9745 7.5016 -27.5341 4383 interior
38.2371 7.5562 -27.4101 4384 interior
27.4268 10.4761 -29.1592 4385 interior
28.4960 8.7646 -28.2321 4386 interior
33.7181 9.2178 -28.8937 4387 interior
33.3906 8.7710 -26.6440 4388 interior
23.3267 10.7696 -26.1374 4389 interior
30.4868 8.8449 -26.4160 4390 interior
34.3102 14.2715 -26.2708 4391 interior
25.3271 9.9229 -26.0949 4392 interior
36.2448 12.5214 -27.7466 4393 interior
36.8730 9.1911 -27.5164 4394 interior
26.3716 10.7124 -27.3780 4395 interior
23.7369 12.9231 -28.8307 4396 interior
30.6773 11.9223 -28.4734 4397 interior
35.9740 9.5728 -27.9980 4398 interior
39.0717 12.3084 -26.4637 4399 interior
24.6899 10.8171 -28.7592 4400 interior
30.6960 10.3409 -28.4295 4401 interior
32.2340 11.3067 -29.2035 4402 interior
37.7962 12.3162 -26.6903 4403 interior
41.8769 10.2108 -29.2308 4404 interior
42.8254 11.3291 -28.4976 4405 interior
40.1065 9.7720 -26.8376 4406 interior
40.4798 10.3420 -26.5603 4407 interior
43.6686 8.7194 -26.0378 4408 interior
56.3890 9.4646 -30.9164 4409 interior
61.2329 6.9732 -30.8274 4410 interior
59.3409 9.2573 -30.5316 4411 interior
65.3692 5.5833 -30.7835 4412 interior
64.2080 8.5927 -30.4571 4413 interior
58.3444 8.6384 -30.2661 4414 interior
52.5272 9.5732 -29.5710 4415 interior
57.7281 8.2485 -29.3652 4416 interior
64.7433 6.7042 -28.8363 4417 interior
62.1404 11.1969 -29.8398 4418 interior
61.3916 11.0212 -29.8208 4419 interior
62.0973 11.4002 -29.0515 4420 interior
62.3336 10.3947 -29.4314 4421 interior
61.4457 11.0043 -29.5630 4422 interior
61.1605 9.0551 -29.2862 4423 interior
53.3390 14.2103 -29.4995 4424 interior
61.1393 10.9907 -29.4549 4425 interior
60.8630 10.3559 -29.4089 4426 interior
65.3054 6.8238 -29.4132 4427 interior
52.4503 9.8702 -30.0733 4428 interior
56.2996 8.2044 -28.9068 4429 interior
57.5994 10.7195 -29.3982 4430 interior
65.3034 5.8595 -29.2100 4431 interior
63.9924 8.7335 -28.7989 4432 interior
61.6093 11.1389 -29.2260 4433 interior
61.4928 8.5776 -28.8470 4434 interior
60.9453 11.2410 -29.4481 4435 interior
62.1329 11.9822 -28.7805 4436 interior
58.4485 10.0468 -28.7743 4437 interior
62.2334 8.7101 -28.3941 4438 interior
55.0836 9.6774 -28.3387 4439 interior
65.1193 5.6151 -28.4855 4440 interior
62.1528 10.0838 -28.6570 4441 interior
52.1483 9.5250 -28.6804 4442 interior
60.8237 6.0547 -28.3397 4443 interior
63.1958 9.2458 -28.4480 4444 interior
62.1007 11.4002 -28.5400 4445 interior
62.1122 11.3897 -28.3688 4446 interior
65.2755 6.9530 -28.4831 4447 interior
46.8578 9.8281 -27.6138 4448 interior
49.2478 10.3533 -27.2034 4449 interior
52.3709 10.1557 -26.1685 4450 interior
52.8889 10.9725 -25.8064 4451 interior
54.4354 10.2096 -26.1652 4452 interior
61.1172 5.7460 -27.1513 4453 interior
61.8998 6.5352 -27.8374 4454 interior
63.0972 8.5030 -27.6699 4455 interior
62.0991 11.3915 -28.1501 4456 interior
62.3565 8.0780 -27.5365 4457 interior
62.4898 8.0897 -27.0843 4458 interior
64.8281 7.1979 -28.2542 4459 interior
65.1838 5.0093 -27.5724 4460 interior
63.7619 9.2726 -27.2254 4461 interior
65.6356 4.7038 -27.2411 4462 interior
64.4024 7.3959 -27.7368 4463 interior
68.6308 8.9079 -27.7876 4464 interior
50.0548 8.8317 -25.7568 4465 interior
47.2290 9.8879 -26.2006 4466 interior
53.7948 8.5054 -27.4185 4467 interior
47.6018 10.4922 -28.2926 4468 interior
55.4526 9.5322 -27.6726 4469 interior
53.5009 9.4110 -27.5800 4470 interior
68.5733 8.7512 -26.1665 4471 interior
57.3064 6.0770 -27.8410 4472 interior
46.7093 14.2759 -27.6095 4473 interior
47.6335 9.4082 -27.4175 4474 interior
51.2977 10.0541 -25.9864 4475 interior
53.3400 9.4488 -27.2224 4476 interior
65.7098 5.9282 -28.0327 4477 interior
62.1187 11.9647 -28.0602 4478 interior
62.0979 11.3198 -27.2158 4479 interior
63.2206 10.6914 -28.0106 4480 interior
59.0054 5.6487 -25.8059 4481 interior
28.3713 9.8746 -25.5256 4482 interior
30.1326 11.3661 -25.5185 4483 interior
33.2055 13.1797 -25.3515 4484 interior
36.5538 8.5970 -25.6231 4485 interior
51.1689 9.8381 -25.6919 4486 interior
65.0091 8.6616 -25.6218 4487 interior
40.8446 7.1527 -25.4466 4488 interior
49.2879 11.7252 -25.3085 4489 interior
49.1115 13.7311 -25.3091 4490 interior
49.1115 14.6625 -25.0252 4491 interior
75.3879 12.0430 -25.0771 4492 interior
49.1139 12.9955 -25.3105 4493 interior
57.9104 9.5985 -25.5339 4494 interior
47.6371 10.3326 -24.8449 4495 interior
31.4707 8.8701 -25.0245 4496 interior
30.8581 10.2465 -24.5025 4497 interior
43.4976 6.8169 -24.9826 4498 interior
62.1031 9.9695 -24.8523 4499 interior
32.9630 10.5357 -24.7737 4500 interior
44.9041 9.9296 -25.5516 4501 interior
52.2335 7.4531 -24.5500 4502 interior
49.2879 11.9744 -25.3105 4503 interior
49.1156 13.7503 -25.3105 4504 interior
49.1374 14.1140 -25.3242 4505 interior
49.1139 14.5229 -25.3269 4506 interior
49.1115 14.9637 -24.6746 4507 interior
49.1115 14.5232 -24.7030 4508 interior
38.1954 10.9263 -24.5360 4509 interior
55.8867 8.5904 -25.5746 4510 interior
42.0750 9.1330 -25.7416 4511 interior
38.2722 11.4563 -25.1838 4512 interior
62.2637 10.0092 -24.6258 4513 interior
34.3098 10.9412 -24.6021 4514 interior
49.1232 14.2342 -24.3920 4515 interior
65.3885 9.5250 -25.7292 4516 interior
51.1130 10.0327 -24.9555 4517 interior
5.4525 7.1882 -18.5790 4518 interior
5.3383 5.9555 -3.9970 4519 interior
5.3432 6.3947 -3.9626 4520 interior
5.4582 6.7559 -3.9169 4521 interior
5.2832 12.3895 -5.0585 4522 interior
5.5220 3.9133 -15.2781 4523 interior
5.5706 9.1271 -5.0131 4524 interior
5.7146 8.4147 -4.5101 4525 interior
6.1528 0.9972 -17.5175 4526 interior
8.1426 1.2180 -18.1297 4527 interior
7.2754 1.1710 -15.0615 4528 interior
7.0259 0.7577 -14.0906 4529 interior
7.2055 0.9352 -13.3691 4530 interior
7.2975 0.8587 -12.8174 4531 interior
7.3311 0.9869 -12.4173 4532 interior
7.2459 1.1190 -11.7400 4533 interior
6.6404 0.8393 -11.1295 4534 interior
8.1289 0.6057 -11.1044 4535 interior
7.3433 1.2979 -11.0724 4536 interior
5.8272 5.4440 -4.1868 4537 interior
6.5760 1.0098 -17.4471 4538 interior
6.3015 1.2098 -18.3916 4539 interior
6.5260 0.9905 -18.0736 4540 interior
6.6483 0.9828 -17.5044 4541 interior
6.9753 1.0717 -16.5865 4542 interior
6.9037 0.1863 -14.8494 4543 interior
6.9906 0.7256 -13.0548 4544 interior
6.6404 0.8473 -11.1265 4545 interior
6.5933 7.3666 -12.4346 4546 interior
6.5385 8.5555 -15.5231 4547 interior
6.6486 0.9752 -18.2361 4548 interior
5.9073 0.7868 -17.1597 4549 interior
6.2633 1.0091 -16.6047 4550 interior
6.2305 1.4493 -16.5984 4551 interior
6.4427 1.0060 -17.5094 4552 interior
6.4135 3.3133 -16.6660 4553 interior
6.8095 4.4716 -16.5286 4554 interior
7.2877 1.2266 -13.1569 4555 interior
6.7733 8.0415 -15.1515 4556 interior
6.6332 0.2164 -14.6376 4557 interior
7.3892 0.9570 -14.2050 4558 interior
7.7901 1.1052 -11.8652 4559 interior
6.2905 3.2238 -14.3587 4560 interior
6.6404 0.5998 -11.1064 4561 interior
7.2920 1.4910 -11.7287 4562 interior
7.3282 2.5614 -11.1670 4563 interior
7.0413 1.7996 -10.2709 4564 interior
7.2545 1.2136 -8.9948 4565 interior
6.7777 9.4157 -5.5372 4566 interior
6.5879 7.2263 -5.1446 4567 interior
7.3456 9.4039 -4.4043 4568 interior
7.6454 8.5526 -5.0164 4569 interior
7.5213 3.5189 -17.5048 4570 interior
6.3392 6.7691 -18.5790 4571 interior
6.8519 9.1099 -16.7235 4572 interior
7.7180 8.5149 -15.2001 4573 interior
6.4388 6.8563 -17.5038 4574 interior
6.9451 0.9806 -18.0676 4575 interior
6.1455 0.4972 -17.1616 4576 interior
5.9204 1.2263 -17.0425 4577 interior
6.5683 1.6592 -16.5750 4578 interior
8.1189 1.6267 -17.2450 4579 interior
7.9025 3.4384 -19.0021 4580 interior
6.5708 2.9365 -15.3694 4581 interior
6.6338 1.2091 -18.3903 4582 interior
7.2209 1.2934 -17.4427 4583 interior
6.8680 1.3879 -16.6047 4584 interior
5.9131 0.7804 -17.0891 4585 interior
6.5175 1.0307 -16.6004 4586 interior
7.2690 1.7509 -17.0337 4587 interior
7.8232 3.2219 -15.2189 4588 interior
7.8232 3.4875 -16.6881 4589 interior
7.0358 4.7807 -17.1457 4590 interior
7.6192 0.8217 -14.0350 4591 interior
7.4298 0.9139 -12.4944 4592 interior
7.4268 0.8956 -12.8270 4593 interior
6.3753 12.2986 -12.9923 4594 interior
6.3401 1.5666 -11.7185 4595 interior
7.8133 1.0560 -11.8788 4596 interior
7.8897 1.1647 -11.8782 4597 interior
8.1241 0.4949 -11.1061 4598 interior
8.1296 0.7098 -11.1024 4599 interior
8.0359 0.8507 -11.3944 4600 interior
8.0871 0.9029 -11.3086 4601 interior
7.8251 1.0314 -10.7862 4602 interior
7.8729 1.1402 -11.2196 4603 interior
7.9634 1.3633 -11.5041 4604 interior
7.9640 1.3499 -10.9382 4605 interior
7.2079 3.4871 -10.4448 4606 interior
6.3881 7.3311 -10.2496 4607 interior
6.2331 8.1329 -7.9844 4608 interior
6.7936 7.4069 -6.6764 4609 interior
6.2328 5.6070 -5.1446 4610 interior
6.8072 7.6993 -5.5102 4611 interior
6.1976 9.3665 -3.7570 4612 interior
6.4656 6.9773 -23.2062 4613 interior
6.2780 1.2002 -18.3916 4614 interior
6.2922 0.9982 -18.3536 4615 interior
5.9187 0.9762 -16.9493 4616 interior
6.1752 0.9803 -17.1071 4617 interior
6.0790 0.9831 -16.6211 4618 interior
6.2442 1.4288 -16.6121 4619 interior
6.5104 1.0077 -16.6058 4620 interior
6.2382 1.0080 -16.6048 4621 interior
6.2418 1.0541 -16.6236 4622 interior
6.5375 1.0066 -16.6116 4623 interior
6.5885 0.9806 -16.6078 4624 interior
6.5929 0.9779 -16.5964 4625 interior
6.6356 0.9397 -17.9317 4626 interior
7.1599 1.1892 -19.0247 4627 interior
7.2174 1.1892 -19.0247 4628 interior
7.3244 1.1857 -18.8493 4629 interior
7.4390 1.4568 -18.7547 4630 interior
7.4605 1.1562 -18.9916 4631 interior
7.6541 1.1855 -19.0247 4632 interior
7.6637 1.3065 -19.0325 4633 interior
7.9173 1.4804 -18.7635 4634 interior
7.9426 1.6038 -18.2844 4635 interior
7.8474 1.1322 -18.1295 4636 interior
7.3751 1.5026 -17.5120 4637 interior
7.1343 1.4850 -17.5077 4638 interior
6.9451 1.0118 -17.4918 4639 interior
6.9943 0.9996 -17.4488 4640 interior
6.9120 1.0050 -17.4457 4641 interior
8.1310 3.2185 -19.0096 4642 interior
7.0530 0.8414 -16.2781 4643 interior
6.5140 1.6830 -16.2035 4644 interior
6.6967 1.6016 -15.8647 4645 interior
6.7859 1.6544 -15.8691 4646 interior
6.8315 1.7327 -15.8691 4647 interior
6.8613 1.7374 -15.8691 4648 interior
6.8844 1.7507 -15.8525 4649 interior
6.8648 1.8112 -15.8674 4650 interior
6.9402 1.8761 -15.8664 4651 interior
6.5887 0.9577 -15.5351 4652 interior
6.7243 3.4389 -16.9603 4653 interior
6.3280 3.5050 -16.5277 4654 interior
6.8915 1.6387 -15.0284 4655 interior
7.0986 0.7802 -14.9292 4656 interior
7.9291 3.1714 -15.2045 4657 interior
7.0991 0.7979 -14.7955 4658 interior
7.3640 3.8381 -14.6972 4659 interior
6.7276 3.1580 -14.3973 4660 interior
7.1649 0.8324 -14.1820 4661 interior
7.1417 0.8893 -14.0906 4662 interior
7.2189 0.8747 -14.0621 4663 interior
7.3749 3.4763 -14.2524 4664 interior
7.1788 0.8376 -14.0937 4665 interior
7.3768 0.2772 -14.0852 4666 interior
7.2578 0.9453 -13.4764 4667 interior
7.3760 0.8872 -13.1632 4668 interior
7.0236 4.3671 -15.0799 4669 interior
6.3280 6.4912 -18.1864 4670 interior
6.4577 6.9413 -16.4206 4671 interior
7.1237 0.8666 -12.4927 4672 interior
7.3892 0.8710 -11.7653 4673 interior
6.6361 0.5842 -11.1377 4674 interior
6.7184 0.3721 -10.8310 4675 interior
6.5036 0.7318 -11.3179 4676 interior
6.5496 0.8791 -11.3236 4677 interior
8.1219 0.3992 -11.1080 4678 interior
8.0600 1.0580 -11.4389 4679 interior
7.1313 1.3625 -11.7318 4680 interior
7.5978 1.5759 -11.7963 4681 interior
7.5364 1.7939 -11.7403 4682 interior
7.3065 1.3228 -11.1005 4683 interior
6.9711 7.4603 -9.5982 4684 interior
6.7247 7.1946 -8.7925 4685 interior
6.6566 7.1928 -7.3708 4686 interior
7.2501 0.8236 -12.5495 4687 interior
7.5617 1.0230 -12.4275 4688 interior
7.3444 1.1214 -11.7357 4689 interior
7.2629 1.0710 -11.4771 4690 interior
6.5290 0.8589 -11.7249 4691 interior
8.1229 0.6622 -11.1031 4692 interior
6.7928 1.2886 -11.7318 4693 interior
6.4500 6.8777 -6.6565 4694 interior
6.3831 7.8134 -11.2863 4695 interior
6.6228 6.1877 -6.3191 4696 interior
7.5716 7.2410 -5.2584 4697 interior
6.9181 8.0520 -3.9079 4698 interior
6.6354 3.1750 -2.2878 4699 interior
8.2878 7.2798 -4.5809 4700 interior
8.3960 10.6353 -13.7580 4701 interior
8.8251 5.6243 -10.3479 4702 interior
9.3142 7.0495 -5.5010 4703 interior
9.3127 8.0618 -11.4591 4704 interior
8.7217 13.2049 -23.8633 4705 interior
8.3023 1.4370 -15.1353 4706 interior
9.4039 8.8289 -8.8055 4707 interior
8.5958 7.6029 -19.8007 4708 interior
8.6113 7.0485 -15.2654 4709 interior
8.4117 7.5078 -11.3580 4710 interior
8.3962 7.4240 -6.2089 4711 interior
9.4127 8.7098 -16.5329 4712 interior
9.1504 1.0850 -8.7920 4713 interior
9.6504 12.7763 -9.5020 4714 interior
9.5798 8.1361 -13.3472 4715 interior
8.9966 6.6907 -5.4802 4716 interior
10.1925 8.0969 -16.8014 4717 interior
10.1282 13.9228 -21.5364 4718 interior
10.8612 8.5368 -20.0286 4719 interior
11.2521 9.4310 -19.5536 4720 interior
10.0150 16.7513 -22.8691 4721 interior
10.7424 15.3956 -20.3965 4722 interior
10.6859 8.3566 -21.8694 4723 interior
11.6516 2.4762 -18.1590 4724 interior
10.8715 8.7376 -13.8113 4725 interior
10.8871 9.4996 -20.3747 4726 interior
10.9691 8.3136 -13.2395 4727 interior
10.7696 7.7163 -4.0618 4728 interior
10.3632 11.3938 -12.2739 4729 interior
9.9794 6.0849 -10.6491 4730 interior
10.3632 9.6783 -5.2238 4731 interior
10.3632 7.0578 -3.3483 4732 interior
10.9104 9.1709 -14.6178 4733 interior
9.7242 7.9804 -20.5963 4734 interior
10.2325 0.6168 -8.4974 4735 interior
10.3632 8.6425 -17.9095 4736 interior
11.3393 6.9953 -16.0978 4737 interior
10.0632 16.9562 -21.6117 4738 interior
10.2116 1.8161 -7.4221 4739 interior
11.1057 1.5083 -3.5323 4740 interior
9.8049 7.8571 -9.1254 4741 interior
10.5129 6.7507 -17.2093 4742 interior
10.3378 10.0677 -19.0936 4743 interior
9.8079 16.8395 -21.7455 4744 interior
10.5937 16.5460 -21.1155 4745 interior
11.3530 9.9418 -22.6223 4746 interior
10.0993 0.6536 -7.2430 4747 interior
10.3632 8.0057 -10.5762 4748 interior
10.3632 8.2659 -15.4697 4749 interior
10.8715 7.4775 -15.4697 4750 interior
11.7086 5.3761 -18.0082 4751 interior
12.1583 2.2945 -17.4752 4752 interior
12.2269 3.8824 -17.5347 4753 interior
12.2854 3.9465 -17.5840 4754 interior
12.3500 1.9793 -17.3006 4755 interior
12.3552 7.7263 -17.7299 4756 interior
12.3442 8.6651 -20.2541 4757 interior
11.8249 9.6802 -18.4472 4758 interior
12.0031 11.0215 -18.5776 4759 interior
12.2539 14.6152 -21.0246 4760 interior
12.0925 14.3241 -20.9288 4761 interior
12.1348 7.0811 -14.2691 4762 interior
12.0924 9.8773 -16.6093 4763 interior
12.1593 1.7953 -9.5707 4764 interior
12.0626 3.2831 -6.8714 4765 interior
12.4094 3.6774 -3.9087 4766 interior
12.1158 6.5846 -3.9712 4767 interior
11.8839 10.1146 -4.8247 4768 interior
12.3834 3.9127 -5.7912 4769 interior
11.9684 2.4289 -7.9750 4770 interior
12.4274 7.6488 -11.3284 4771 interior
12.0803 7.5264 -4.9240 4772 interior
12.9217 9.5378 -19.2155 4773 interior
12.8185 8.8779 -6.5627 4774 interior
14.1011 9.5521 -23.2434 4775 interior
13.2096 8.7884 -18.7597 4776 interior
13.6929 2.5601 -10.2410 4777 interior
14.5796 4.3688 -9.9989 4778 interior
14.2286 11.2881 -20.7363 4779 interior
14.1736 9.5354 -23.4728 4780 interior
13.6747 8.2823 -16.1127 4781 interior
14.2358 8.5090 -12.7812 4782 interior
13.9274 10.7553 -7.3913 4783 interior
14.6668 10.2185 -10.2365 4784 interior
15.1574 8.9529 -16.7678 4785 interior
13.9378 8.6166 -18.6555 4786 interior
14.2529 4.9718 -10.1280 4787 interior
15.0066 4.0780 -4.7234 4788 interior
13.0669 3.1195 -2.1634 4789 interior
14.2969 2.6234 -2.7567 4790 interior
13.1346 3.2354 -2.1533 4791 interior
14.8422 3.0981 -2.2995 4792 interior
15.1530 3.1151 -2.2744 4793 interior
12.5191 6.7006 -2.9831 4794 interior
14.0541 9.3378 -13.8642 4795 interior
14.4780 4.6228 -8.0264 4796 interior
14.9847 4.6228 -5.9944 4797 interior
14.4780 4.5558 -3.8186 4798 interior
14.1896 7.5840 -11.4759 4799 interior
14.3256 2.9992 -10.0057 4800 interior
13.8778 9.4162 -23.9408 4801 interior
14.5946 9.2060 -23.1510 4802 interior
14.6963 7.5533 -15.3031 4803 interior
12.8279 3.3162 -14.0936 4804 interior
13.2414 4.7980 -8.1725 4805 interior
14.8464 3.4744 -9.5737 4806 interior
14.5034 5.0102 -10.2408 4807 interior
14.7396 3.6825 -9.5555 4808 interior
13.3649 3.1775 -8.1671 4809 interior
14.3282 3.0376 -10.3068 4810 interior
14.3256 3.0115 -9.9902 4811 interior
14.7947 2.8453 -10.1396 4812 interior
14.3256 3.0024 -9.7425 4813 interior
14.2766 3.0891 -9.3375 4814 interior
14.8933 3.5919 -10.1509 4815 interior
14.5034 4.7218 -10.0602 4816 interior
14.4994 5.1800 -10.0447 4817 interior
14.6584 4.7572 -8.3431 4818 interior
13.7731 8.0425 -10.6918 4819 interior
13.6768 11.9424 -14.1076 4820 interior
14.0717 11.9784 -12.3472 4821 interior
14.7774 3.0912 -9.3050 4822 interior
14.5008 4.7126 -10.0906 4823 interior
13.6408 4.7647 -9.9688 4824 interior
14.2881 4.9583 -8.7928 4825 interior
14.1064 4.5584 -8.0153 4826 interior
13.1140 6.7609 -6.7827 4827 interior
12.9173 11.3894 -6.2855 4828 interior
14.9660 8.9154 -14.1686 4829 interior
13.3325 4.4958 -8.1059 4830 interior
14.2724 4.8180 -5.1829 4831 interior
14.2596 12.9600 -4.4540 4832 interior
13.2120 9.6012 -14.8727 4833 interior
13.4139 9.6520 -4.6673 4834 interior
17.1305 6.9200 -19.8415 4835 interior
18.2799 8.5845 -21.4990 4836 interior
18.6350 11.5227 -21.4695 4837 interior
15.6292 12.6683 -21.0527 4838 interior
17.3780 14.3875 -21.1201 4839 interior
15.5232 2.5601 -10.2410 4840 interior
16.0957 6.4491 -6.6424 4841 interior
17.7907 3.7241 -9.1547 4842 interior
15.5390 9.8062 -8.3619 4843 interior
18.9317 3.8167 -2.5320 4844 interior
18.9617 8.4913 -9.8279 4845 interior
19.0394 11.8872 -22.0490 4846 interior
25.3434 9.2989 -23.8945 4847 interior
22.2689 9.9033 -19.0644 4848 interior
25.4255 8.3883 -18.4087 4849 interior
19.8095 10.2775 -11.2473 4850 interior
19.0716 8.3726 -7.8773 4851 interior
21.7840 16.3591 -21.8839 4852 interior
23.2973 8.4594 -16.0317 4853 interior
25.7389 6.7582 -3.5707 4854 interior
25.8652 8.4840 -10.4105 4855 interior
18.7602 12.7962 -21.7610 4856 interior
18.9830 14.6007 -22.3632 4857 interior
18.7814 14.6034 -19.9428 4858 interior
18.7492 15.2600 -19.5868 4859 interior
18.6705 15.8138 -19.5533 4860 interior
18.3730 14.0026 -13.0062 4861 interior
22.1439 10.9889 -22.9943 4862 interior
23.6069 3.9262 -18.5865 4863 interior
21.3150 15.2628 -17.8590 4864 interior
22.4091 14.9433 -14.9743 4865 interior
20.4964 9.1815 -9.7154 4866 interior
19.1237 8.4876 -10.2057 4867 interior
24.6589 10.6467 -14.8369 4868 interior
23.2042 11.5217 -20.5401 4869 interior
22.4487 10.1029 -9.7650 4870 interior
25.3712 6.3292 -4.9553 4871 interior
15.2186 8.0801 -10.1339 4872 interior
17.8022 3.1962 -9.8118 4873 interior
17.8022 3.7230 -8.9010 4874 interior
25.9883 4.3487 -6.9464 4875 interior
18.8745 8.2024 -10.5701 4876 interior
17.8475 4.9784 -24.2122 4877 interior
17.6284 4.9784 -23.7950 4878 interior
16.8667 3.8798 -23.5385 4879 interior
16.5728 4.9340 -20.8656 4880 interior
18.7108 11.0490 -21.8274 4881 interior
18.6671 12.0702 -21.5377 4882 interior
18.7442 13.9795 -21.3371 4883 interior
17.8431 5.8709 -16.8156 4884 interior
18.5085 10.7196 -19.8506 4885 interior
15.7474 5.9944 -9.1440 4886 interior
15.2367 3.1195 -2.2589 4887 interior
15.7847 2.9957 -2.2109 4888 interior
15.6599 3.3217 -2.2090 4889 interior
16.0995 3.3261 -2.2019 4890 interior
16.9339 6.4115 -5.6081 4891 interior
16.3057 9.3994 -6.1066 4892 interior
16.9599 7.6341 -9.3968 4893 interior
18.0038 8.7109 -8.9192 4894 interior
17.0746 6.3640 -5.3115 4895 interior
18.4468 10.9772 -14.1356 4896 interior
18.9612 7.5402 -9.6227 4897 interior
20.3281 9.5479 -13.3618 4898 interior
20.2753 6.3759 -22.0890 4899 interior
19.3218 8.8646 -22.7222 4900 interior
19.1793 5.9436 -16.6319 4901 interior
20.8993 8.9327 -6.6895 4902 interior
22.2128 3.7821 -2.4487 4903 interior
22.4702 8.4961 -13.8445 4904 interior
25.0220 9.7550 -11.2473 4905 interior
25.3489 10.1179 -13.2530 4906 interior
22.3510 6.1511 -2.2272 4907 interior
23.0114 7.8125 -15.7264 4908 interior
23.1267 13.6686 -22.5105 4909 interior
25.3562 7.4402 -17.2174 4910 interior
23.1288 8.6101 -18.7950 4911 interior
24.2596 7.5783 -7.6649 4912 interior
23.5901 9.0766 -6.1462 4913 interior
26.2051 9.5900 -6.2389 4914 interior
25.8342 8.1466 -7.2799 4915 interior
17.1898 4.9466 -23.7744 4916 interior
19.0628 9.6191 -23.7097 4917 interior
22.6145 9.9060 -23.6401 4918 interior
22.4816 12.8359 -24.1267 4919 interior
22.2377 13.1208 -23.2975 4920 interior
22.0456 11.0490 -22.3832 4921 interior
20.2830 10.3075 -21.6318 4922 interior
20.2735 10.3799 -21.2932 4923 interior
20.7550 9.2456 -21.5646 4924 interior
17.3244 7.9375 -15.4109 4925 interior
20.3708 8.9021 -14.8082 4926 interior
23.5121 10.4332 -18.7047 4927 interior
19.5074 9.8015 -14.8518 4928 interior
19.3487 3.3399 -19.3198 4929 interior
19.6727 3.3351 -19.2943 4930 interior
20.0025 11.6265 -20.3855 4931 interior
23.5173 9.2132 -19.1313 4932 interior
17.4865 4.2498 -19.2380 4933 interior
19.2188 3.2416 -20.4301 4934 interior
19.8120 3.2917 -20.3948 4935 interior
19.0906 3.4881 -19.9488 4936 interior
19.3665 3.4572 -19.4636 4937 interior
19.3813 3.9345 -19.3612 4938 interior
18.2032 6.2779 -18.7480 4939 interior
20.2546 6.5250 -21.2058 4940 interior
21.4416 7.6113 -21.8445 4941 interior
17.5831 8.9493 -18.4429 4942 interior
20.3251 13.1191 -21.6318 4943 interior
16.4001 3.0877 -22.0619 4944 interior
20.2285 3.2352 -20.0200 4945 interior
21.5160 3.7394 -19.4160 4946 interior
21.8270 3.8073 -19.4861 4947 interior
18.6223 11.0490 -21.2083 4948 interior
21.1963 9.7322 -22.2913 4949 interior
19.1358 10.1346 -16.5100 4950 interior
19.1516 8.2199 -19.0132 4951 interior
25.7217 7.4130 -22.8195 4952 interior
16.2653 6.2724 -13.9099 4953 interior
15.2638 2.8353 -10.0703 4954 interior
15.2637 3.2015 -10.1519 4955 interior
16.2222 5.0885 -10.9315 4956 interior
17.3390 3.0353 -11.2331 4957 interior
18.1449 5.7702 -9.8328 4958 interior
18.4305 5.9391 -9.8143 4959 interior
16.8169 4.1847 -9.2103 4960 interior
16.1079 6.0361 -9.0511 4961 interior
18.3790 5.8332 -9.3401 4962 interior
18.2832 5.8401 -8.4886 4963 interior
18.2832 5.9630 -8.4529 4964 interior
17.8868 4.9850 -8.7219 4965 interior
16.6714 7.6483 -7.1960 4966 interior
16.4000 4.4797 -9.1012 4967 interior
18.3097 5.9501 -8.9186 4968 interior
18.2895 5.8914 -8.6154 4969 interior
16.4066 7.7495 -7.4041 4970 interior
18.8691 6.3246 -9.8074 4971 interior
18.3548 5.7076 -9.0968 4972 interior
18.1626 9.0424 -7.4041 4973 interior
18.8823 7.6187 -7.7792 4974 interior
18.9528 3.1927 -7.7336 4975 interior
18.9699 4.0289 -7.7320 4976 interior
20.6695 7.3533 -9.9419 4977 interior
21.3932 7.6379 -11.5225 4978 interior
19.0592 6.1983 -7.9377 4979 interior
22.3771 4.7681 -8.4534 4980 interior
18.8691 8.0904 -3.3569 4981 interior
18.3038 6.3736 -3.2837 4982 interior
16.8426 3.1195 -2.1649 4983 interior
17.1333 6.0626 -2.6237 4984 interior
18.8691 6.8612 -3.2942 4985 interior
20.6379 5.9977 -5.0740 4986 interior
22.8217 6.8065 -2.6925 4987 interior
24.1426 5.6933 -2.2576 4988 interior
24.1791 5.5062 -7.9589 4989 interior
24.7459 8.4582 -7.9756 4990 interior
24.7459 9.9681 -6.0007 4991 interior
24.6753 6.1990 -6.0288 4992 interior
24.7459 9.9681 -7.7765 4993 interior
24.7459 9.9659 -7.9853 4994 interior
24.7459 10.4701 -7.7812 4995 interior
24.7459 9.9681 -6.0452 4996 interior
24.8215 3.5821 -7.2331 4997 interior
24.8225 4.9735 -7.0051 4998 interior
8.0772 8.7655 -1.7266 4999 interior
6.5911 8.0793 -0.5521 5000 interior
6.9478 7.6765 -1.6510 5001 interior
6.6127 5.2350 -0.1192 5002 interior
5.8897 1.9962 0.6478 5003 interior
6.5378 11.9151 1.8144 5004 interior
6.8872 5.9876 2.7297 5005 interior
6.5834 5.2997 3.2427 5006 interior
6.2928 6.0150 3.1496 5007 interior
6.0498 6.2623 4.9415 5008 interior
6.1935 8.9724 5.7755 5009 interior
6.5945 6.7619 6.3989 5010 interior
5.6039 9.6037 7.1328 5011 interior
5.9397 9.2379 7.7110 5012 interior
7.1120 5.7109 11.8384 5013 interior
7.0767 7.3097 8.1760 5014 interior
6.5565 11.9305 7.8857 5015 interior
6.3373 5.2832 13.8930 5016 interior
6.7707 5.2693 14.2113 5017 interior
6.5793 3.7592 15.6512 5018 interior
5.7104 9.7730 14.3567 5019 interior
5.5808 10.0248 7.7442 5020 interior
6.0182 8.8668 9.4370 5021 interior
6.5892 3.0760 9.1199 5022 interior
5.5403 14.8601 10.1459 5023 interior
6.2992 3.3522 9.1948 5024 interior
6.5151 3.9116 9.0638 5025 interior
5.9813 4.9784 9.9297 5026 interior
5.9229 13.0784 9.1165 5027 interior
7.4847 9.2800 7.4329 5028 interior
8.1957 15.3168 7.7442 5029 interior
7.9822 9.0436 7.8620 5030 interior
7.2564 12.1605 13.5245 5031 interior
8.5392 12.3753 7.9154 5032 interior
8.7233 11.4893 6.3355 5033 interior
8.6697 10.3939 6.1792 5034 interior
9.9525 8.5193 -0.4366 5035 interior
9.2503 8.8474 11.2980 5036 interior
10.1678 7.0222 16.4038 5037 interior
10.3632 10.8213 2.6429 5038 interior
11.8983 10.6587 6.7243 5039 interior
10.4648 2.5743 14.9112 5040 interior
12.1523 9.2706 8.1039 5041 interior
10.5847 10.1590 13.4796 5042 interior
9.6995 6.4109 17.9011 5043 interior
11.9590 4.8526 20.1498 5044 interior
11.8471 8.8299 19.2554 5045 interior
11.4067 8.1267 24.3320 5046 interior
9.0225 10.4676 1.1990 5047 interior
11.4041 11.0146 9.9058 5048 interior
10.4793 5.3680 0.8345 5049 interior
10.5679 8.2684 10.5685 5050 interior
10.4648 4.7670 15.8496 5051 interior
10.4140 9.0525 3.2296 5052 interior
10.1850 11.4856 13.3483 5053 interior
11.8543 8.9817 6.0260 5054 interior
11.0700 6.9531 7.4575 5055 interior
9.3521 5.1589 16.7061 5056 interior
10.6722 2.8476 14.9053 5057 interior
11.0240 2.8651 15.0677 5058 interior
11.2647 2.5488 14.8545 5059 interior
11.1331 2.7255 14.8321 5060 interior
11.1775 2.6516 14.8238 5061 interior
11.2809 2.5914 15.2441 5062 interior
10.5611 3.0578 15.0621 5063 interior
10.4004 3.2190 14.8851 5064 interior
10.4028 3.3892 14.8650 5065 interior
10.6178 3.0820 14.9634 5066 interior
10.6598 3.1005 14.9634 5067 interior
10.8669 3.3577 14.8730 5068 interior
12.0872 6.6546 18.8937 5069 interior
11.1760 3.3577 14.7851 5070 interior
11.1211 3.3577 14.8643 5071 interior
11.1745 3.3577 14.7831 5072 interior
11.1769 3.3577 14.7828 5073 interior
11.1760 3.3577 14.7828 5074 interior
10.7219 8.4584 6.7297 5075 interior
9.0132 10.1655 2.3549 5076 interior
9.7820 7.4318 4.4400 5077 interior
8.3172 6.9795 1.4146 5078 interior
12.3881 10.2130 8.1254 5079 interior
12.2809 6.9179 13.6089 5080 interior
12.3698 12.4589 16.3320 5081 interior
12.6585 6.8180 9.3480 5082 interior
12.5468 7.8309 18.0416 5083 interior
12.9125 6.6517 3.7523 5084 interior
13.1774 8.0733 8.8728 5085 interior
13.6315 8.3023 16.4199 5086 interior
13.1274 6.4916 6.3931 5087 interior
13.4112 9.2439 14.2556 5088 interior
12.9032 3.8834 13.3161 5089 interior
12.8309 6.9911 2.8826 5090 interior
12.8403 5.3780 18.0193 5091 interior
13.3873 9.6507 6.4541 5092 interior
13.2069 12.6143 18.3064 5093 interior
13.6270 9.4883 16.1117 5094 interior
12.8421 7.0840 6.3599 5095 interior
13.1906 9.3665 5.9929 5096 interior
13.2091 10.3458 19.7026 5097 interior
13.9109 8.7309 13.1836 5098 interior
14.5810 5.2007 1.4755 5099 interior
15.4486 3.6252 -1.5171 5100 interior
15.9976 8.4072 -0.9319 5101 interior
20.8217 5.9944 -0.7018 5102 interior
21.4101 11.7451 -0.9652 5103 interior
21.4944 8.0682 -0.1059 5104 interior
19.1477 7.6040 0.2032 5105 interior
20.0438 9.7583 0.3448 5106 interior
14.6668 8.6002 -0.4715 5107 interior
19.8387 6.4179 0.6996 5108 interior
19.8317 5.8985 0.1509 5109 interior
17.0266 8.0951 -1.4050 5110 interior
17.1609 9.1772 -0.8111 5111 interior
20.1797 8.0460 -1.3744 5112 interior
23.9917 4.6242 -0.2465 5113 interior
22.7410 10.1849 -1.4079 5114 interior
24.4951 11.6995 -0.6509 5115 interior
24.3673 11.2039 0.7979 5116 interior
22.8032 6.9150 1.3671 5117 interior
22.7590 6.6646 -0.7518 5118 interior
23.6220 11.1655 0.1651 5119 interior
23.9010 4.6405 -0.2621 5120 interior
22.3588 5.0731 -1.9404 5121 interior
25.8657 8.3746 -0.1395 5122 interior
20.9515 7.5104 3.9721 5123 interior
25.1726 5.6746 1.5153 5124 interior
23.0992 8.6647 4.3540 5125 interior
25.2195 6.1592 4.3129 5126 interior
16.8333 8.7664 4.4713 5127 interior
20.9477 8.7082 1.7084 5128 interior
25.7692 6.8260 3.3291 5129 interior
18.0453 10.6748 4.8374 5130 interior
21.6468 8.2601 3.2126 5131 interior
21.4083 9.8894 5.0240 5132 interior
20.8121 8.5081 1.7035 5133 interior
19.7016 8.6157 5.6759 5134 interior
22.1549 10.1512 5.7912 5135 interior
22.8272 6.1744 5.2958 5136 interior
25.3067 6.7463 4.6360 5137 interior
17.1845 8.0733 10.0532 5138 interior
14.0929 9.1202 12.8639 5139 interior
18.1610 6.7107 12.7245 5140 interior
14.4870 4.5190 8.9217 5141 interior
17.3821 8.1666 6.5230 5142 interior
14.7598 9.1948 13.5554 5143 interior
17.8800 7.7790 13.6783 5144 interior
15.9267 2.6490 6.9978 5145 interior
15.9226 3.0413 6.9723 5146 interior
15.9226 3.3577 6.9733 5147 interior
15.2706 2.7570 6.5916 5148 interior
15.6630 3.3577 6.9897 5149 interior
15.6630 3.7645 6.9903 5150 interior
15.9226 2.6502 6.9173 5151 interior
15.9797 3.1453 6.8423 5152 interior
15.9496 3.6646 6.9357 5153 interior
15.9496 3.7414 7.0089 5154 interior
15.9226 3.3577 6.9723 5155 interior
15.8605 7.8613 6.5209 5156 interior
15.8546 8.2919 8.0570 5157 interior
16.6150 7.4942 8.0458 5158 interior
17.9942 8.6301 8.1592 5159 interior
17.1196 8.3826 13.8385 5160 interior
15.9513 3.8296 16.7522 5161 interior
15.2671 4.8539 14.5336 5162 interior
14.6432 8.0518 15.0908 5163 interior
17.0180 7.5184 14.6737 5164 interior
15.9282 10.2108 15.6464 5165 interior
14.7401 3.1220 19.0560 5166 interior
14.3605 5.7205 18.8532 5167 interior
14.9439 6.6668 18.8937 5168 interior
15.0575 6.6132 18.8332 5169 interior
15.0682 6.6527 18.8927 5170 interior
15.3090 6.3002 18.8842 5171 interior
15.3758 6.6640 18.8931 5172 interior
14.8487 8.9675 19.1836 5173 interior
15.8401 7.9756 19.2024 5174 interior
16.3726 6.8724 18.0626 5175 interior
16.9487 2.5093 18.6025 5176 interior
16.9411 2.6840 18.5802 5177 interior
17.0418 2.5644 18.5781 5178 interior
17.0941 2.5353 18.5555 5179 interior
17.1323 2.5341 18.5522 5180 interior
17.1037 2.6598 18.5530 5181 interior
17.0615 2.8221 18.5650 5182 interior
17.1812 2.6732 18.5441 5183 interior
16.8752 6.6617 18.8811 5184 interior
16.8928 8.9121 19.6530 5185 interior
17.6688 2.7439 18.4877 5186 interior
17.6558 3.0515 18.4199 5187 interior
17.9275 2.8193 18.3653 5188 interior
18.1949 2.8345 18.2661 5189 interior
18.0909 3.1567 18.3562 5190 interior
18.2980 3.1597 18.3888 5191 interior
17.9201 2.6443 18.4357 5192 interior
18.4127 2.5629 18.3127 5193 interior
18.2653 3.4216 18.5918 5194 interior
17.4966 4.4069 18.7444 5195 interior
18.0418 2.6732 18.3767 5196 interior
17.4498 5.0984 17.2974 5197 interior
17.2292 6.9870 17.2619 5198 interior
17.7385 2.6831 18.4850 5199 interior
17.3821 2.7879 18.4147 5200 interior
17.7063 3.2739 18.4164 5201 interior
18.0054 2.8815 18.3648 5202 interior
17.5034 4.3180 19.0501 5203 interior
17.2840 2.5689 18.5379 5204 interior
17.4111 2.8223 18.5204 5205 interior
17.7474 2.6622 18.4341 5206 interior
17.8441 2.8899 18.4319 5207 interior
18.2935 2.5180 18.3288 5208 interior
18.2988 2.7495 18.3246 5209 interior
18.3325 2.9844 18.3167 5210 interior
16.5102 10.9847 17.2466 5211 interior
14.4434 11.1207 20.4570 5212 interior
14.9098 11.8381 20.1169 5213 interior
14.2076 12.6970 17.4660 5214 interior
19.0217 5.1822 21.0210 5215 interior
16.1336 6.0821 21.2692 5216 interior
16.9439 10.2075 24.9538 5217 interior
17.6530 5.8757 26.7004 5218 interior
15.2520 3.4182 28.3725 5219 interior
17.2976 6.9866 31.5571 5220 interior
15.7810 5.4859 34.2411 5221 interior
17.9857 3.2457 44.7320 5222 interior
16.9826 6.8813 47.3847 5223 interior
15.9543 6.2162 49.1873 5224 interior
15.8133 6.8480 48.9651 5225 interior
17.2500 9.9065 47.2356 5226 interior
14.5817 10.7114 33.5168 5227 interior
17.1547 7.4784 47.1073 5228 interior
19.0379 3.8889 43.3751 5229 interior
17.5239 6.1717 47.1379 5230 interior
16.4425 2.8373 45.7817 5231 interior
17.5912 5.0695 46.7506 5232 interior
17.2268 6.2135 47.3402 5233 interior
15.4658 4.5094 49.1127 5234 interior
15.6466 6.1840 49.1293 5235 interior
15.5850 5.0629 49.1817 5236 interior
16.8961 5.3341 47.1177 5237 interior
17.3787 8.5551 47.1639 5238 interior
15.7745 8.1413 49.0579 5239 interior
17.0756 10.5148 47.2426 5240 interior
19.4793 9.9634 21.9485 5241 interior
19.5996 3.8069 7.1686 5242 interior
19.5996 3.8155 7.1686 5243 interior
19.6406 5.5864 7.1640 5244 interior
19.5346 9.0934 7.1879 5245 interior
19.5250 5.8550 15.6181 5246 interior
19.5434 9.7480 17.8798 5247 interior
19.5180 2.0899 41.8694 5248 interior
19.6703 4.0243 44.4148 5249 interior
19.6613 5.8722 44.3817 5250 interior
19.6677 6.7181 44.3644 5251 interior
19.6481 7.3695 44.4832 5252 interior
19.6204 8.3375 44.3757 5253 interior
19.6321 9.4097 44.3530 5254 interior
19.7484 7.6450 9.9442 5255 interior
19.7771 5.1816 30.8698 5256 interior
19.7791 5.5094 44.4089 5257 interior
19.6957 7.9092 44.4570 5258 interior
19.7190 6.6996 7.1686 5259 interior
19.7465 3.8153 43.3292 5260 interior
19.7693 6.8561 44.2557 5261 interior
19.6713 6.2564 34.1303 5262 interior
19.7372 7.4457 21.9921 5263 interior
19.9866 10.9738 7.1533 5264 interior
19.9104 3.9844 44.4638 5265 interior
19.9077 5.0421 44.4333 5266 interior
20.0015 6.6156 44.3966 5267 interior
20.0489 8.3824 17.7852 5268 interior
20.2115 7.9530 25.1608 5269 interior
20.1714 7.2200 9.4541 5270 interior
20.7902 4.9896 36.4551 5271 interior
20.5087 6.4454 15.0870 5272 interior
20.2275 10.1677 19.3606 5273 interior
20.2043 5.4248 19.9546 5274 interior
20.0843 4.7388 41.0702 5275 interior
21.6495 10.2184 7.2136 5276 interior
22.0583 10.3261 7.6164 5277 interior
22.0288 8.7635 13.2236 5278 interior
22.0265 8.6570 14.6996 5279 interior
21.7306 8.3083 13.5322 5280 interior
22.4831 11.2793 19.3980 5281 interior
23.0090 9.9187 21.2908 5282 interior
22.1082 6.3767 21.3058 5283 interior
21.9688 5.7658 21.4983 5284 interior
21.3876 9.1059 23.7231 5285 interior
21.9127 8.7452 29.9771 5286 interior
21.1965 9.5390 9.5447 5287 interior
22.1635 7.0322 13.7755 5288 interior
22.2114 3.6772 20.9753 5289 interior
22.1584 3.9499 23.3138 5290 interior
21.6128 9.1779 19.4206 5291 interior
22.5296 8.5530 26.1296 5292 interior
21.7572 8.7522 10.3748 5293 interior
20.9780 11.1328 34.7363 5294 interior
21.8146 5.8380 12.4047 5295 interior
22.5500 7.0412 20.0479 5296 interior
23.9460 10.4358 7.3195 5297 interior
23.7117 12.3530 6.1850 5298 interior
23.7117 12.3530 6.1976 5299 interior
23.7117 12.3530 6.1879 5300 interior
23.5608 14.4450 8.5040 5301 interior
23.4184 14.4729 7.3539 5302 interior
23.9009 8.1448 8.5592 5303 interior
23.3630 7.9898 9.3403 5304 interior
23.2317 9.1872 22.0196 5305 interior
23.8239 7.2751 29.0231 5306 interior
24.2991 4.3266 8.4259 5307 interior
24.4300 3.4240 10.9895 5308 interior
24.4299 4.6251 10.9933 5309 interior
24.4323 5.3378 12.6637 5310 interior
24.4235 5.4354 12.7259 5311 interior
24.4344 5.5241 12.7390 5312 interior
24.2473 5.5821 12.5230 5313 interior
24.2522 7.7794 11.0347 5314 interior
24.2556 8.2364 11.5384 5315 interior
24.4442 8.0984 12.8378 5316 interior
23.9698 5.0177 6.1607 5317 interior
24.4305 3.6214 10.9915 5318 interior
24.2651 8.0310 12.3350 5319 interior
24.4312 4.0019 10.9905 5320 interior
24.4338 5.5580 12.7079 5321 interior
24.4300 5.5665 12.7051 5322 interior
24.2566 7.9096 12.2825 5323 interior
24.2794 16.1246 8.1605 5324 interior
24.1275 6.1864 8.8827 5325 interior
24.4131 6.2957 9.1670 5326 interior
24.2991 6.2957 9.9037 5327 interior
24.3824 4.3261 10.2840 5328 interior
24.4300 4.8270 10.9895 5329 interior
24.2911 6.0538 11.4514 5330 interior
24.2990 6.0951 11.5263 5331 interior
24.2991 6.2949 11.5255 5332 interior
24.0165 12.3530 6.5024 5333 interior
24.2425 8.2882 10.7573 5334 interior
24.4356 8.4253 11.4332 5335 interior
24.2556 8.2991 10.9450 5336 interior
24.2539 8.2995 11.4512 5337 interior
24.2760 8.3955 11.8645 5338 interior
24.4442 9.2341 12.4496 5339 interior
24.4442 9.6507 13.0802 5340 interior
24.4436 10.1974 30.7672 5341 interior
24.0076 6.7983 8.9504 5342 interior
24.3030 6.1782 9.9508 5343 interior
24.4300 3.3304 10.9895 5344 interior
24.4312 3.3761 10.9864 5345 interior
24.4337 3.4323 10.9905 5346 interior
24.4317 3.7574 10.9932 5347 interior
24.4296 4.4126 11.0113 5348 interior
24.4295 5.0326 10.9923 5349 interior
24.4142 5.5575 12.7051 5350 interior
24.4053 5.5786 12.4879 5351 interior
24.4300 5.5818 12.6183 5352 interior
24.4332 5.5965 12.6154 5353 interior
24.2457 5.6879 12.5212 5354 interior
24.2689 5.9962 11.5318 5355 interior
24.2951 6.1811 10.8919 5356 interior
24.4323 6.3741 10.9899 5357 interior
24.2440 6.4948 10.8064 5358 interior
24.2436 6.9991 10.8064 5359 interior
24.2733 8.3469 10.7491 5360 interior
24.2554 8.2983 11.0065 5361 interior
24.2576 8.2587 11.1678 5362 interior
24.4446 9.1793 11.8491 5363 interior
24.4447 9.2047 11.8636 5364 interior
24.4450 9.2047 11.8665 5365 interior
24.2631 8.3066 12.0016 5366 interior
24.2491 7.2544 12.4888 5367 interior
24.4422 9.2404 12.7817 5368 interior
24.4442 9.6576 13.4008 5369 interior
24.4451 9.2513 13.6514 5370 interior
24.4452 9.2515 13.5346 5371 interior
24.4650 14.5375 8.9594 5372 interior
24.2739 7.2209 26.6726 5373 interior
24.6662 6.8473 23.9652 5374 interior
24.8293 4.8302 19.2339 5375 interior
24.8461 6.6548 11.4770 5376 interior
25.1721 6.6751 15.5315 5377 interior
25.7682 8.9882 19.7287 5378 interior
25.7695 6.5875 7.1360 5379 interior
25.8151 8.2610 8.7047 5380 interior
26.2934 6.5329 14.9310 5381 interior
25.8648 6.8292 21.6683 5382 interior
25.9211 8.6935 8.5374 5383 interior
26.1060 5.9857 12.4987 5384 interior
26.2204 9.4285 7.6200 5385 interior
26.1048 5.5892 13.8027 5386 interior
26.1060 7.5663 13.8084 5387 interior
26.2962 6.4518 16.2264 5388 interior
26.2904 6.7939 15.7029 5389 interior
26.2891 5.4356 20.1739 5390 interior
26.1663 12.2315 22.6839 5391 interior
26.3715 14.3256 -24.2824 5392 interior
26.6478 10.2037 -24.0951 5393 interior
26.7438 8.5704 -17.9973 5394 interior
26.7684 9.1440 -14.7865 5395 interior
27.3867 9.7649 -10.3505 5396 interior
26.8919 9.9962 -14.4713 5397 interior
27.3969 10.6264 -15.0836 5398 interior
27.4360 6.7887 -9.8074 5399 interior
27.8775 9.1697 -9.8219 5400 interior
28.2501 8.7073 -16.4631 5401 interior
29.0203 9.2816 -24.2421 5402 interior
29.2306 9.1622 -22.6038 5403 interior
28.8888 11.2592 -14.1277 5404 interior
28.2619 8.0079 -11.4753 5405 interior
29.9033 11.3276 -12.0317 5406 interior
28.7147 9.3938 -20.0001 5407 interior
29.3402 5.9593 -12.2237 5408 interior
28.2955 10.0346 -21.7932 5409 interior
28.8276 12.2478 -20.5356 5410 interior
29.0092 13.1231 -22.7055 5411 interior
28.5600 10.5270 -14.9393 5412 interior
28.6014 10.3085 -11.9066 5413 interior
28.7564 9.5405 -10.8623 5414 interior
28.7186 10.1179 -12.5238 5415 interior
28.9052 9.4075 -11.9819 5416 interior
28.9952 10.1196 -11.9634 5417 interior
29.7663 5.5626 -16.1734 5418 interior
30.0972 7.4801 -12.7693 5419 interior
30.7492 11.4171 -22.6715 5420 interior
32.1410 11.0922 -19.6720 5421 interior
37.7507 13.2946 -21.6283 5422 interior
32.9816 9.5902 -21.4709 5423 interior
31.0480 10.0186 -24.2809 5424 interior
32.6595 10.9508 -15.0651 5425 interior
37.4678 12.0891 -14.4748 5426 interior
33.0490 10.1581 -13.3882 5427 interior
31.6054 11.4738 -13.3311 5428 interior
34.0853 10.2876 -11.5877 5429 interior
33.1480 15.7280 -10.2357 5430 interior
33.6530 11.8697 -9.7049 5431 interior
36.9967 11.3991 -9.5551 5432 interior
41.2023 5.6031 -18.9222 5433 interior
41.5365 7.3642 -17.7126 5434 interior
41.2656 6.1915 -16.3719 5435 interior
40.4080 6.2536 -13.4236 5436 interior
39.5553 9.8954 -9.6300 5437 interior
41.2637 5.7868 -12.8305 5438 interior
39.7634 9.9584 -24.1253 5439 interior
39.5533 9.6774 -14.3027 5440 interior
37.9436 12.4510 -17.7269 5441 interior
38.4850 7.8819 -21.3593 5442 interior
38.4861 7.6859 -19.7959 5443 interior
38.4861 7.6311 -17.2692 5444 interior
38.4849 6.8863 -14.7375 5445 interior
38.4868 7.0863 -13.7138 5446 interior
39.9452 10.7353 -11.3400 5447 interior
38.7432 12.7959 -18.7183 5448 interior
41.5994 7.3064 -18.2901 5449 interior
41.6171 7.3971 -11.7679 5450 interior
41.3841 7.3871 -9.9580 5451 interior
30.5993 9.2462 -12.1899 5452 interior
34.0575 14.0181 -23.2984 5453 interior
37.1679 10.8007 -15.0713 5454 interior
33.2256 11.2337 -23.1309 5455 interior
38.4861 7.8991 -22.7310 5456 interior
30.2687 7.3727 -7.7346 5457 interior
35.5249 7.1967 -21.4593 5458 interior
36.0334 6.9890 -19.6830 5459 interior
33.2290 9.0624 -12.1333 5460 interior
35.4938 9.7783 -9.2547 5461 interior
38.4861 7.3911 -17.7528 5462 interior
38.4861 7.0863 -13.8521 5463 interior
38.4718 7.1339 -10.6912 5464 interior
36.4717 9.5553 -10.6735 5465 interior
37.4908 9.7196 -19.2357 5466 interior
41.6167 7.3971 -12.8107 5467 interior
40.1126 7.3317 -17.9665 5468 interior
41.6201 7.3971 -11.7706 5469 interior
33.0788 13.6305 -23.9738 5470 interior
36.8069 8.2856 -9.4120 5471 interior
36.8665 9.2366 -8.4436 5472 interior
38.4861 7.4448 -14.7264 5473 interior
38.4861 7.2713 -12.8488 5474 interior
38.4861 7.9418 -22.0734 5475 interior
38.4861 7.5300 -19.3463 5476 interior
38.4817 7.2820 -16.7011 5477 interior
38.4861 7.0647 -14.3805 5478 interior
32.0290 9.6572 -20.6079 5479 interior
32.1777 9.4257 -22.0443 5480 interior
33.9194 9.3387 -17.0948 5481 interior
38.7269 4.4973 -15.1572 5482 interior
38.5151 5.1912 -12.0209 5483 interior
34.5501 10.3709 -18.5497 5484 interior
37.3311 11.2357 -14.2852 5485 interior
37.0433 9.1497 -14.8552 5486 interior
37.3907 9.7157 -23.9283 5487 interior
30.4419 10.5907 -24.3014 5488 interior
33.6523 9.9315 -24.1783 5489 interior
33.8864 5.7147 -23.9268 5490 interior
33.3596 10.0581 -23.6922 5491 interior
33.3596 11.6979 -23.6922 5492 interior
35.7883 8.6895 -23.9453 5493 interior
37.3328 9.3013 -23.9006 5494 interior
39.0404 12.5257 -24.1371 5495 interior
39.0908 11.1448 -24.1371 5496 interior
32.3542 14.3305 -21.3746 5497 interior
36.2294 6.5329 -22.5415 5498 interior
38.6380 6.2231 -21.9013 5499 interior
38.7286 8.7111 -22.3866 5500 interior
31.4396 8.9475 -22.8801 5501 interior
38.4861 7.9899 -21.9674 5502 interior
34.5516 9.7914 -22.2976 5503 interior
38.4609 9.7630 -21.0863 5504 interior
33.1228 5.6207 -19.6874 5505 interior
33.2787 9.4684 -19.1465 5506 interior
30.3905 9.4746 -20.1295 5507 interior
31.9435 11.7941 -19.2243 5508 interior
32.3696 14.3454 -20.5756 5509 interior
31.9767 13.5637 -19.2732 5510 interior
38.4861 7.6863 -19.9823 5511 interior
38.0619 9.5503 -19.2209 5512 interior
38.4861 7.2814 -16.9443 5513 interior
38.4861 7.2557 -15.5185 5514 interior
32.2007 11.1254 -16.9704 5515 interior
38.4653 7.1400 -11.1607 5516 interior
38.4850 7.6893 -13.2159 5517 interior
38.4793 7.2328 -8.8624 5518 interior
34.9758 8.7376 -16.2108 5519 interior
38.4861 7.3114 -16.1944 5520 interior
33.1724 10.8522 -9.0503 5521 interior
33.4531 8.4687 -18.0146 5522 interior
40.3256 4.2218 -19.3523 5523 interior
40.9362 12.8676 -11.9164 5524 interior
40.7218 6.1239 -11.5814 5525 interior
41.5164 7.3971 -10.2091 5526 interior
41.4762 7.3871 -9.2171 5527 interior
33.1230 12.3896 -18.0428 5528 interior
38.4861 7.6988 -18.2036 5529 interior
33.6678 9.4068 -10.1238 5530 interior
38.5061 9.2793 -14.4001 5531 interior
38.9378 9.2882 -8.0536 5532 interior
31.3402 8.5332 -9.8272 5533 interior
38.4861 7.4491 -16.6023 5534 interior
41.0036 11.6540 -18.4533 5535 interior
40.5798 6.8301 -20.7849 5536 interior
40.1669 7.3239 -14.5971 5537 interior
31.1198 4.5359 -15.1638 5538 interior
38.4784 7.6760 -19.3883 5539 interior
40.1667 7.6080 -16.1845 5540 interior
38.4861 6.9405 -14.4354 5541 interior
38.3524 10.8272 -12.3362 5542 interior
38.4861 6.9501 -14.1693 5543 interior
38.4663 7.0977 -11.8189 5544 interior
36.5271 9.4031 -12.3083 5545 interior
33.1904 11.5410 -20.0819 5546 interior
31.4725 8.7841 -9.8272 5547 interior
31.4256 9.3636 -9.8272 5548 interior
26.7500 4.8842 -6.4820 5549 interior
26.3652 9.9297 -5.8420 5550 interior
26.4931 10.1258 4.5326 5551 interior
26.4789 9.1609 7.7569 5552 interior
26.3914 12.4286 5.4370 5553 interior
26.3537 3.6180 12.7004 5554 interior
26.3779 6.1762 13.3032 5555 interior
26.3362 5.2630 16.4428 5556 interior
26.4370 14.3891 14.5843 5557 interior
26.7581 4.8674 16.2603 5558 interior
26.5005 8.3477 26.4798 5559 interior
27.5590 7.7988 -0.2774 5560 interior
27.0367 7.5003 6.1959 5561 interior
27.2061 7.9309 4.6368 5562 interior
26.9842 11.1262 5.2381 5563 interior
27.4440 15.9915 10.1971 5564 interior
27.3582 3.7241 14.7660 5565 interior
27.3587 4.4497 14.7863 5566 interior
26.9508 15.3250 14.7715 5567 interior
27.0119 9.8638 20.3319 5568 interior
27.0402 11.2923 10.3124 5569 interior
27.0917 8.3236 14.4833 5570 interior
27.4606 8.7957 14.4395 5571 interior
26.8919 6.0940 11.6238 5572 interior
27.4355 5.7180 -1.0543 5573 interior
27.1064 6.1484 13.2835 5574 interior
27.6346 8.6066 5.7804 5575 interior
27.8531 10.6027 -0.0477 5576 interior
27.8230 3.7421 14.7534 5577 interior
27.8599 4.3981 16.6159 5578 interior
27.8555 3.4139 18.3004 5579 interior
27.8573 3.6076 18.2857 5580 interior
27.8617 3.6860 18.3031 5581 interior
27.8617 3.7326 18.3020 5582 interior
27.8604 4.0654 18.3031 5583 interior
27.8576 3.7307 16.5604 5584 interior
27.8547 3.7231 18.3004 5585 interior
27.8576 3.2113 18.3004 5586 interior
27.8556 3.9918 18.3002 5587 interior
27.7492 4.5937 16.5631 5588 interior
27.8421 4.4144 16.5255 5589 interior
27.8421 4.8699 16.5049 5590 interior
27.8181 5.9832 15.2580 5591 interior
27.8181 6.0234 15.2255 5592 interior
27.8181 6.2043 15.2893 5593 interior
27.7980 6.3438 15.6352 5594 interior
27.8181 6.4083 16.0926 5595 interior
27.8181 6.3330 16.4187 5596 interior
27.8203 5.8321 16.5525 5597 interior
27.8181 6.3377 16.9992 5598 interior
27.8390 5.4541 16.6051 5599 interior
27.8181 6.1530 16.6419 5600 interior
27.8471 6.3403 16.7711 5601 interior
27.8318 6.1499 16.9455 5602 interior
27.8390 5.9840 17.2618 5603 interior
27.8462 5.5424 17.3048 5604 interior
27.8153 6.6188 16.8648 5605 interior
27.8380 5.7967 17.5570 5606 interior
27.8358 6.1619 17.5525 5607 interior
27.8203 6.1625 17.5470 5608 interior
27.6825 9.9121 21.4748 5609 interior
29.6304 11.5543 -3.6798 5610 interior
29.6221 6.8783 -3.0353 5611 interior
28.3368 10.3022 1.4221 5612 interior
28.7602 7.0472 4.8765 5613 interior
29.1170 8.8543 4.5720 5614 interior
27.9173 7.9309 6.1008 5615 interior
28.4305 15.8201 8.1925 5616 interior
29.1579 13.4674 3.7032 5617 interior
29.9363 9.7949 7.8618 5618 interior
29.0502 11.8645 6.0963 5619 interior
29.0999 11.8473 3.8248 5620 interior
29.5538 9.2806 10.7051 5621 interior
29.5730 8.1244 13.1078 5622 interior
28.7563 8.5800 17.8780 5623 interior
29.4246 11.2202 29.6808 5624 interior
27.8996 3.7787 14.7523 5625 interior
27.8938 3.7312 16.7144 5626 interior
27.8818 5.0675 15.0733 5627 interior
29.4385 15.8031 11.4175 5628 interior
29.6055 10.4457 20.4207 5629 interior
29.6247 11.1110 21.0999 5630 interior
29.2608 5.1689 22.2311 5631 interior
27.8627 8.9882 3.4381 5632 interior
28.6984 7.1149 2.2316 5633 interior
28.6850 7.1157 2.5122 5634 interior
29.7924 8.1219 12.8832 5635 interior
29.5620 10.3146 -6.4834 5636 interior
30.0190 12.2638 -0.1306 5637 interior
27.9405 2.9833 14.7523 5638 interior
27.8855 4.5149 14.7899 5639 interior
27.8955 3.7796 16.6891 5640 interior
29.0385 15.6201 14.7715 5641 interior
29.3669 11.5079 29.8394 5642 interior
29.1387 10.5507 -3.9401 5643 interior
29.3517 10.2727 1.4649 5644 interior
28.7884 7.2641 5.1532 5645 interior
28.7922 6.9574 5.6629 5646 interior
28.6512 7.2812 6.1135 5647 interior
28.7851 7.9021 5.4401 5648 interior
29.2481 8.7884 5.4102 5649 interior
29.4751 8.9408 8.2272 5650 interior
29.0120 16.5674 6.0974 5651 interior
27.8985 4.5052 16.5275 5652 interior
27.8811 4.9592 16.5264 5653 interior
29.3602 11.4742 29.9641 5654 interior
29.6122 9.7230 22.0830 5655 interior
30.2849 11.3450 1.7714 5656 interior
30.1924 9.8396 21.2321 5657 interior
30.4780 11.8577 3.4138 5658 interior
30.6138 10.1687 12.3444 5659 interior
30.5571 13.3053 23.5083 5660 interior
30.4567 11.3520 25.3394 5661 interior
30.4475 10.0193 28.2445 5662 interior
30.5456 7.3746 32.9184 5663 interior
30.6924 11.6100 13.9099 5664 interior
30.2936 9.1271 6.3917 5665 interior
30.6324 11.4926 -1.5087 5666 interior
30.4584 11.6847 8.7756 5667 interior
30.3288 9.8638 21.4495 5668 interior
30.7871 10.6270 -3.2666 5669 interior
31.2228 11.3434 6.9215 5670 interior
30.9885 10.4614 12.2869 5671 interior
31.2234 5.8368 15.5492 5672 interior
31.1685 10.7917 28.3172 5673 interior
30.8529 7.3746 32.8265 5674 interior
30.9491 7.3746 32.1056 5675 interior
30.7528 7.3746 32.3477 5676 interior
30.9491 7.3746 34.0622 5677 interior
32.0019 8.2781 4.4683 5678 interior
31.4399 11.5610 10.4886 5679 interior
32.1126 9.6733 10.1261 5680 interior
32.4602 9.9548 0.2834 5681 interior
32.5290 8.8505 10.4919 5682 interior
32.1422 10.5785 17.6409 5683 interior
32.6374 9.8788 18.2393 5684 interior
32.9796 7.0864 2.3076 5685 interior
32.9080 7.9091 1.3307 5686 interior
32.5007 11.9832 2.9295 5687 interior
32.6039 11.8334 6.7564 5688 interior
32.6889 9.6514 12.6464 5689 interior
31.5426 10.6398 -5.8580 5690 interior
32.0433 12.3266 0.1045 5691 interior
32.9895 7.0362 2.1110 5692 interior
30.9490 11.9124 4.1829 5693 interior
30.7355 15.0380 13.4031 5694 interior
32.9892 9.6298 28.5644 5695 interior
30.8529 7.3746 31.9943 5696 interior
30.9491 7.3746 33.3248 5697 interior
33.0613 8.5037 28.7713 5698 interior
31.7159 5.5708 31.7643 5699 interior
31.0134 7.1628 -3.7338 5700 interior
30.9330 5.5718 22.7470 5701 interior
31.5511 9.7028 1.1868 5702 interior
31.0199 9.8580 3.5673 5703 interior
32.9316 10.1092 5.4420 5704 interior
32.7308 9.6108 10.4423 5705 interior
30.7263 6.2105 13.6797 5706 interior
32.0437 7.1456 6.4099 5707 interior
33.5582 5.2832 -6.7564 5708 interior
33.3331 8.9408 -4.9466 5709 interior
33.1545 7.0317 -3.0680 5710 interior
33.1695 8.2001 -2.8881 5711 interior
33.1660 5.3931 -2.7755 5712 interior
33.1665 5.3789 -2.7699 5713 interior
33.1108 8.2029 -2.7679 5714 interior
33.7503 12.0854 -2.2880 5715 interior
34.6460 7.9612 1.9362 5716 interior
33.9469 10.5610 -0.6206 5717 interior
34.6460 6.8640 2.5702 5718 interior
34.1630 7.2136 0.7112 5719 interior
34.2586 8.9866 -0.3336 5720 interior
33.6890 9.4066 0.9829 5721 interior
33.3186 8.9181 0.3744 5722 interior
35.1496 10.3479 0.5578 5723 interior
36.3456 10.1193 -1.4580 5724 interior
35.5817 9.7955 -3.8894 5725 interior
36.2082 8.7666 0.1139 5726 interior
34.9387 11.4214 3.0215 5727 interior
36.5479 8.8140 -2.2577 5728 interior
36.5986 10.9433 -0.2243 5729 interior
34.7312 8.1887 0.8056 5730 interior
36.8214 6.3427 -2.8419 5731 interior
36.8631 9.1829 1.8924 5732 interior
36.8725 7.0896 -6.3992 5733 interior
36.8870 9.1969 3.3413 5734 interior
33.1955 10.6553 4.7690 5735 interior
35.9444 11.2440 4.9572 5736 interior
36.7495 10.7053 7.7454 5737 interior
35.3486 11.8334 4.9971 5738 interior
34.4268 10.4773 6.8584 5739 interior
36.8770 8.8280 3.6124 5740 interior
36.8043 9.1689 4.9950 5741 interior
36.8700 8.7594 5.6142 5742 interior
37.2348 9.3980 -4.0640 5743 interior
37.1019 8.4814 -2.1843 5744 interior
37.5085 7.3376 -0.2678 5745 interior
38.6052 3.3580 -6.9552 5746 interior
38.7342 7.2390 -0.2798 5747 interior
37.9301 5.7670 4.2746 5748 interior
38.5067 8.9219 2.4121 5749 interior
38.9020 10.1794 6.2471 5750 interior
37.5834 7.3520 -0.4832 5751 interior
38.1544 8.9387 0.6008 5752 interior
38.4286 9.1340 -6.2763 5753 interior
38.4438 8.5009 -2.4058 5754 interior
38.7278 8.7455 4.8347 5755 interior
38.3290 6.9277 4.1291 5756 interior
39.2439 5.6844 4.4509 5757 interior
39.1540 11.1120 5.5148 5758 interior
39.4716 7.5230 4.4613 5759 interior
39.9465 8.2637 3.5051 5760 interior
41.2842 6.5503 -2.1493 5761 interior
41.4652 6.9523 -3.3494 5762 interior
41.5869 10.3295 1.2461 5763 interior
39.8240 3.9779 -0.4495 5764 interior
39.4716 7.1628 5.9077 5765 interior
39.0041 9.1231 1.2447 5766 interior
41.3242 8.6127 1.2330 5767 interior
39.7358 6.3711 -2.0267 5768 interior
39.4243 4.3524 2.3669 5769 interior
39.5145 8.4392 6.3135 5770 interior
40.1893 8.5354 -6.3655 5771 interior
40.5636 8.1517 1.5158 5772 interior
41.6084 10.3186 -6.4673 5773 interior
40.6039 9.2366 2.6110 5774 interior
39.0512 8.3528 1.4238 5775 interior
39.1610 9.0261 -5.4202 5776 interior
39.2389 5.6976 4.4509 5777 interior
39.2836 8.9510 2.4064 5778 interior
39.3151 12.7088 3.4260 5779 interior
39.3700 7.1628 4.2207 5780 interior
39.4716 7.3885 4.5430 5781 interior
39.5941 7.2770 4.4756 5782 interior
39.7924 3.6435 2.1134 5783 interior
39.0373 5.2031 7.7363 5784 interior
39.9604 7.6617 1.6638 5785 interior
39.9885 8.5546 4.0047 5786 interior
40.0033 8.5454 2.0956 5787 interior
40.2168 8.1921 -0.7947 5788 interior
40.6460 9.2403 -2.6947 5789 interior
40.9381 5.1503 -1.1344 5790 interior
41.1643 7.1161 2.7015 5791 interior
41.2041 6.2246 -7.3262 5792 interior
41.5173 7.7586 -7.5426 5793 interior
41.5389 7.7604 -6.7280 5794 interior
41.4812 3.3197 -2.0176 5795 interior
41.5544 7.7836 0.9341 5796 interior
41.5860 5.4877 0.6112 5797 interior
33.3359 13.2900 8.6251 5798 interior
33.7280 9.6336 8.8138 5799 interior
34.8436 8.0732 10.3632 5800 interior
34.2490 8.5592 11.8912 5801 interior
34.1775 3.3868 11.8349 5802 interior
34.2135 4.7412 13.8757 5803 interior
34.1888 7.6200 14.3128 5804 interior
34.2079 12.4369 11.4300 5805 interior
34.9398 10.5628 10.6423 5806 interior
34.5894 8.0622 16.4952 5807 interior
34.0698 8.3558 20.8521 5808 interior
34.5654 9.9861 23.9816 5809 interior
33.1741 6.9147 24.7384 5810 interior
33.3736 11.3638 25.8488 5811 interior
33.1862 8.6360 26.9748 5812 interior
33.1736 6.8410 26.9874 5813 interior
34.0118 4.7183 26.9086 5814 interior
33.8909 7.9943 29.1566 5815 interior
34.1703 7.3887 34.0490 5816 interior
34.7784 7.9026 22.5013 5817 interior
35.7060 11.1222 23.6084 5818 interior
35.1042 11.2937 20.2218 5819 interior
35.7101 7.9500 20.5523 5820 interior
35.2242 4.9230 30.1901 5821 interior
34.9971 3.5709 21.5263 5822 interior
35.2136 8.9680 18.4705 5823 interior
36.1289 4.6104 29.9710 5824 interior
35.4694 8.9501 24.1588 5825 interior
34.7097 8.8094 24.1161 5826 interior
35.3739 3.3434 17.9503 5827 interior
35.5239 3.4346 19.4513 5828 interior
35.5158 3.5120 20.4623 5829 interior
35.5738 9.9060 19.5562 5830 interior
35.5738 9.9060 19.6515 5831 interior
35.5738 9.9060 20.1220 5832 interior
35.1300 12.4847 19.2471 5833 interior
35.5738 10.9252 20.5462 5834 interior
36.0890 8.3673 17.5019 5835 interior
36.1780 7.9113 20.7335 5836 interior
35.1204 6.9427 21.9695 5837 interior
36.0361 4.6707 26.4014 5838 interior
37.5920 5.9880 11.9066 5839 interior
36.2050 8.5028 20.2492 5840 interior
38.3032 6.3024 22.7730 5841 interior
39.7403 5.2003 18.4843 5842 interior
36.1949 8.5339 9.6226 5843 interior
39.7706 7.1199 9.8125 5844 interior
41.2495 6.0280 14.1443 5845 interior
39.9635 7.1973 18.0592 5846 interior
39.2100 6.9987 22.3202 5847 interior
40.3086 4.2532 32.6021 5848 interior
38.3948 6.5227 26.0428 5849 interior
37.2324 8.7133 17.0913 5850 interior
38.2197 4.7825 22.5137 5851 interior
39.6438 5.1777 32.7415 5852 interior
38.0158 7.0152 27.0256 5853 interior
41.1892 8.1993 14.1994 5854 interior
40.1982 8.5485 9.2742 5855 interior
36.2712 9.9060 20.5339 5856 interior
36.7266 4.6667 30.4130 5857 interior
36.8953 6.8762 9.5174 5858 interior
37.7318 5.5056 15.7473 5859 interior
41.1058 6.2624 26.8759 5860 interior
37.6175 4.6559 31.1276 5861 interior
40.2406 4.6278 30.8060 5862 interior
40.2667 5.1712 32.6601 5863 interior
40.3036 4.6657 31.6715 5864 interior
39.5268 4.6024 30.0624 5865 interior
38.3636 8.7409 10.6981 5866 interior
38.9565 4.6109 28.1003 5867 interior
39.7447 6.9340 17.3009 5868 interior
36.8252 6.5678 16.2405 5869 interior
41.4418 9.7481 11.4016 5870 interior
40.1016 5.1720 22.9874 5871 interior
37.8968 4.6366 32.1056 5872 interior
40.2675 4.4468 31.8056 5873 interior
40.2560 4.8486 30.7723 5874 interior
40.2063 4.8807 30.7861 5875 interior
40.2409 5.1456 30.7798 5876 interior
40.2063 5.2045 30.8382 5877 interior
40.2032 5.4231 32.6841 5878 interior
43.7890 9.7851 -24.2324 5879 interior
43.8396 8.8300 -22.2538 5880 interior
41.6560 9.2980 -21.8137 5881 interior
44.2316 12.6336 -21.8101 5882 interior
45.2573 9.8612 -20.8320 5883 interior
44.0375 11.0475 -18.2831 5884 interior
46.4734 11.1187 -20.4216 5885 interior
43.7659 10.2997 -21.7927 5886 interior
44.0050 10.1074 -21.6394 5887 interior
45.9105 9.9048 -21.5710 5888 interior
43.1340 9.5592 -19.9088 5889 interior
46.4734 11.6896 -18.6722 5890 interior
42.2235 9.8566 -14.2527 5891 interior
42.2516 11.0971 -17.5532 5892 interior
42.7343 10.3357 -15.7865 5893 interior
43.6495 10.0403 -16.0199 5894 interior
43.1639 8.8053 -14.6506 5895 interior
43.4815 10.2683 -15.2443 5896 interior
42.7990 9.7495 -12.2759 5897 interior
42.7778 6.5547 -9.2243 5898 interior
43.5861 10.3918 -10.7153 5899 interior
43.6569 7.3152 -9.4851 5900 interior
42.2321 8.6376 -12.5478 5901 interior
43.6116 8.5539 -8.8336 5902 interior
43.3509 9.0113 -11.0850 5903 interior
43.0332 10.4496 -9.7745 5904 interior
43.4975 9.4315 -12.4002 5905 interior
48.0890 6.7589 -9.3285 5906 interior
44.2204 8.0944 -15.9843 5907 interior
46.0740 7.5043 -15.9296 5908 interior
47.1530 8.5288 -12.1274 5909 interior
48.0666 13.2100 -10.0068 5910 interior
48.3791 7.5025 -10.0470 5911 interior
46.4296 10.2429 -17.3994 5912 interior
47.5229 9.5377 -13.3952 5913 interior
47.9340 10.1227 -12.0902 5914 interior
47.1239 10.8226 -16.4253 5915 interior
47.7589 9.4742 -12.0979 5916 interior
44.9158 9.3123 -15.3667 5917 interior
46.6852 10.1498 -15.7865 5918 interior
45.3050 6.8663 -10.3977 5919 interior
45.9511 7.3049 -12.4935 5920 interior
46.5802 9.9391 -12.9850 5921 interior
47.3960 9.7466 -14.8416 5922 interior
47.4085 8.7276 -9.1258 5923 interior
48.3208 9.6774 -10.5064 5924 interior
47.0202 7.0111 -11.8301 5925 interior
48.0440 10.4110 -16.1442 5926 interior
49.9015 9.4620 -17.8479 5927 interior
50.5155 6.7807 -24.0889 5928 interior
49.1115 15.4618 -21.3364 5929 interior
49.6001 9.4090 -16.1136 5930 interior
49.6462 10.0760 -14.4141 5931 interior
50.1904 7.0169 -12.1031 5932 interior
50.3898 6.0952 -21.8912 5933 interior
49.8697 5.3180 -20.9276 5934 interior
49.8257 6.4191 -22.3259 5935 interior
49.4148 6.9365 -19.3381 5936 interior
49.4426 9.8736 -24.2250 5937 interior
50.4825 12.7767 -21.1171 5938 interior
49.1555 10.9927 -15.2772 5939 interior
49.3126 9.8603 -11.2229 5940 interior
48.9637 8.6788 -20.4363 5941 interior
49.8244 8.2579 -20.7611 5942 interior
50.3154 5.3335 -20.9213 5943 interior
49.8914 9.7129 -22.2730 5944 interior
48.7903 12.1749 -21.6593 5945 interior
49.0931 15.4693 -22.9360 5946 interior
48.9744 12.4891 -19.8412 5947 interior
49.0363 12.5624 -21.5607 5948 interior
49.1298 7.2907 -17.6250 5949 interior
49.0750 8.4856 -17.0796 5950 interior
49.2266 8.8816 -16.8656 5951 interior
49.3154 8.9908 -16.8656 5952 interior
49.3252 9.2425 -17.3191 5953 interior
48.9061 6.9078 -12.9004 5954 interior
48.8356 15.3557 -17.3278 5955 interior
49.9994 7.7734 -21.9587 5956 interior
49.4900 14.0597 -23.9871 5957 interior
49.0907 14.2886 -23.8538 5958 interior
49.0933 14.3340 -23.9924 5959 interior
49.0907 14.8309 -23.9590 5960 interior
49.0919 14.1392 -23.6890 5961 interior
49.1139 14.1587 -23.1816 5962 interior
49.0931 15.4693 -22.9080 5963 interior
49.7075 13.1315 -21.7298 5964 interior
49.0931 15.4693 -22.4222 5965 interior
50.4748 9.5255 -23.2875 5966 interior
50.1874 10.4630 -17.7261 5967 interior
48.9188 12.3645 -13.2722 5968 interior
49.3439 9.9293 -11.6453 5969 interior
49.7025 7.3234 -9.7335 5970 interior
50.1069 7.8548 -20.9338 5971 interior
49.2987 9.4708 -16.3591 5972 interior
49.2987 9.1224 -13.7017 5973 interior
49.4161 10.7953 -21.6156 5974 interior
50.4475 10.6480 -17.4371 5975 interior
50.2474 6.0891 -21.1728 5976 interior
49.0931 15.4693 -20.6928 5977 interior
49.1543 10.9927 -16.4009 5978 interior
48.8426 10.0762 -12.1433 5979 interior
48.7025 10.0947 -12.0138 5980 interior
49.0116 10.0948 -9.5031 5981 interior
50.0184 9.3123 -15.0944 5982 interior
49.9134 8.2351 -12.3599 5983 interior
50.6470 6.0994 -21.9523 5984 interior
50.7663 6.0920 -21.9840 5985 interior
50.8917 5.7796 -21.6501 5986 interior
50.9501 6.1005 -21.5560 5987 interior
50.9254 12.0404 -18.4228 5988 interior
50.9068 6.6655 -20.7453 5989 interior
50.7431 9.8917 -12.5667 5990 interior
51.0291 7.3587 -17.1534 5991 interior
51.2225 6.8489 -20.3503 5992 interior
51.2439 4.8704 -23.0114 5993 interior
51.6658 7.7478 -20.5305 5994 interior
51.5429 7.8207 -21.6318 5995 interior
51.5087 9.1856 -14.7889 5996 interior
52.0794 9.5915 -19.6551 5997 interior
52.2156 6.6680 -18.8810 5998 interior
51.6872 9.6012 -16.2689 5999 interior
52.1678 10.0421 -17.7371 6000 interior
52.0286 2.8580 -11.6942 6001 interior
50.9846 7.0122 -9.9227 6002 interior
52.0323 2.8515 -11.5926 6003 interior
55.6263 9.1627 -24.2318 6004 interior
53.6223 5.8254 -23.9004 6005 interior
54.1948 7.4232 -22.7980 6006 interior
56.6646 10.1027 -23.5698 6007 interior
52.7480 4.5420 -22.6473 6008 interior
53.3699 4.6496 -22.3307 6009 interior
55.8427 7.4122 -21.8472 6010 interior
52.7496 10.5602 -22.5560 6011 interior
52.9740 4.7500 -21.8571 6012 interior
53.2817 4.5999 -21.9573 6013 interior
53.1202 4.6171 -21.8532 6014 interior
53.3560 4.7561 -21.8505 6015 interior
53.3652 4.7561 -21.8820 6016 interior
53.8979 4.6409 -21.8468 6017 interior
53.4428 4.6650 -21.8311 6018 interior
53.0411 5.4382 -21.7447 6019 interior
54.1345 8.7222 -21.7322 6020 interior
55.2302 9.2634 -21.7206 6021 interior
53.1343 4.6208 -21.6279 6022 interior
53.1155 4.5999 -21.3761 6023 interior
53.4783 4.6019 -21.0610 6024 interior
53.7506 4.6317 -21.2258 6025 interior
53.3769 4.5999 -21.2800 6026 interior
53.6883 4.6250 -21.4278 6027 interior
53.3511 4.5999 -22.1187 6028 interior
54.2326 4.6229 -22.4763 6029 interior
55.0400 5.7912 -23.5644 6030 interior
54.6049 8.3878 -23.0410 6031 interior
54.7649 6.2166 -21.8436 6032 interior
52.9919 7.4144 -21.1846 6033 interior
58.5809 5.7912 -21.8436 6034 interior
55.0408 5.7621 -23.7786 6035 interior
52.8768 4.6085 -21.2803 6036 interior
53.1155 4.5999 -21.5289 6037 interior
55.0174 9.1233 -21.4382 6038 interior
53.7173 4.5999 -21.0735 6039 interior
52.9982 6.1574 -23.9184 6040 interior
53.6430 4.5816 -22.4736 6041 interior
55.0408 6.0994 -23.7856 6042 interior
53.2966 4.5999 -22.3262 6043 interior
53.3652 4.7215 -22.4500 6044 interior
54.5298 4.9113 -21.8443 6045 interior
52.9153 6.7956 -22.9177 6046 interior
55.4304 9.5241 -22.2302 6047 interior
55.5333 10.1976 -22.8082 6048 interior
55.6345 9.4169 -23.8690 6049 interior
57.6523 7.9045 -21.3148 6050 interior
58.7987 10.0683 -21.2030 6051 interior
54.3787 9.5420 -21.6890 6052 interior
52.8268 6.6680 -20.1313 6053 interior
53.7879 5.2995 -19.8040 6054 interior
54.7323 11.1240 -19.9241 6055 interior
55.3099 11.4913 -19.5361 6056 interior
55.7201 9.9723 -15.9048 6057 interior
57.8266 10.6378 -15.9991 6058 interior
55.8788 10.0929 -19.7194 6059 interior
56.9538 8.8939 -19.8348 6060 interior
52.8935 10.2626 -15.7995 6061 interior
55.2406 9.8358 -18.7129 6062 interior
54.3127 9.8530 -14.3965 6063 interior
59.2398 9.4041 -12.6281 6064 interior
52.8246 9.6654 -12.5950 6065 interior
55.9761 7.3590 -12.5452 6066 interior
54.6751 8.4642 -9.0769 6067 interior
53.1833 5.5294 -11.8405 6068 interior
56.1569 9.2973 -9.2829 6069 interior
59.1714 6.6362 -10.0647 6070 interior
53.6123 9.5853 -11.0285 6071 interior
55.8220 7.2644 -12.5893 6072 interior
57.7190 10.2454 -9.9238 6073 interior
57.5713 9.5188 -12.7404 6074 interior
53.5718 3.8873 -15.7989 6075 interior
64.3335 5.6372 -23.9179 6076 interior
61.8810 8.0091 -23.8619 6077 interior
61.9862 7.9039 -23.2726 6078 interior
61.8587 5.1410 -22.9235 6079 interior
61.8880 9.0339 -22.7523 6080 interior
64.5414 5.7252 -21.6070 6081 interior
61.4144 8.0336 -21.3329 6082 interior
62.0075 7.8932 -21.2687 6083 interior
61.2886 5.8256 -20.7018 6084 interior
63.6652 8.9748 -21.2196 6085 interior
60.1025 8.0542 -20.1932 6086 interior
64.3073 8.8765 -19.7276 6087 interior
61.2680 4.3432 -18.0862 6088 interior
61.4805 6.7289 -18.4218 6089 interior
61.4798 7.1573 -18.3941 6090 interior
61.4805 7.1596 -18.5563 6091 interior
61.4827 7.1657 -18.5563 6092 interior
61.9018 8.3126 -18.6055 6093 interior
61.3704 3.9214 -18.0672 6094 interior
64.4898 10.0540 -18.1626 6095 interior
63.5423 8.9808 -17.8953 6096 interior
60.4366 8.7677 -17.6966 6097 interior
63.3350 9.3130 -16.0148 6098 interior
61.7144 6.8563 -14.5989 6099 interior
61.6511 6.5593 -15.3492 6100 interior
61.6948 8.8073 -14.4773 6101 interior
61.3867 6.0398 -14.2756 6102 interior
59.8968 6.7468 -17.4530 6103 interior
61.6622 6.3991 -17.2873 6104 interior
61.1874 6.9758 -17.2317 6105 interior
62.0045 5.7038 -15.2213 6106 interior
62.5879 8.0830 -15.0305 6107 interior
60.8312 6.1156 -13.3668 6108 interior
63.4432 8.7508 -16.3027 6109 interior
63.6576 9.3250 -14.6920 6110 interior
63.9244 8.7720 -15.4326 6111 interior
63.9359 12.4652 -17.2213 6112 interior
64.1025 10.1229 -16.8702 6113 interior
64.1335 7.3770 -14.8931 6114 interior
64.1185 7.0335 -14.1650 6115 interior
64.3088 9.4690 -12.9663 6116 interior
64.6037 8.9971 -16.2679 6117 interior
66.8205 8.0524 -24.0108 6118 interior
67.9985 10.0735 -22.0507 6119 interior
68.5435 9.6132 -22.2544 6120 interior
66.6062 9.6338 -19.7340 6121 interior
67.9743 8.7383 -21.7594 6122 interior
66.7102 9.7972 -19.8439 6123 interior
66.1748 11.2481 -17.4221 6124 interior
65.7707 8.9368 -17.2972 6125 interior
66.0353 9.0733 -16.7700 6126 interior
65.5041 10.2405 -16.4878 6127 interior
65.4139 9.5898 -15.6684 6128 interior
65.6836 8.7878 -14.2431 6129 interior
65.1896 9.6253 -14.7064 6130 interior
65.4772 5.9736 -14.3142 6131 interior
66.2182 6.0017 -14.3343 6132 interior
66.2138 10.8080 -14.5630 6133 interior
68.0081 9.5894 -16.2995 6134 interior
66.2261 7.6525 -14.4488 6135 interior
67.7018 10.5323 -14.6554 6136 interior
66.6694 5.9107 -14.2847 6137 interior
66.5062 6.0027 -14.3722 6138 interior
67.8386 7.0706 -14.2264 6139 interior
65.6124 9.5796 -13.5578 6140 interior
68.1634 10.1261 -15.1353 6141 interior
61.9333 9.6655 -12.6156 6142 interior
59.8545 8.7150 -12.5298 6143 interior
60.0470 9.6790 -12.4505 6144 interior
61.1347 3.9948 -12.4760 6145 interior
65.0710 9.3299 -12.0654 6146 interior
62.5248 7.2428 -12.4319 6147 interior
59.7667 9.8298 -12.5891 6148 interior
60.9679 8.9352 -11.7178 6149 interior
60.9851 9.5689 -12.5333 6150 interior
62.6466 6.3169 -12.0960 6151 interior
65.3976 9.5905 -12.4224 6152 interior
69.4737 10.4243 -18.0249 6153 interior
69.5550 10.2134 -19.1046 6154 interior
68.6578 7.1925 -11.4300 6155 interior
61.6534 8.7848 -11.3273 6156 interior
62.6635 6.1138 -10.4663 6157 interior
64.4372 8.8543 -10.0928 6158 interior
63.5506 6.0441 -9.0110 6159 interior
67.8951 8.2996 -10.4875 6160 interior
64.5397 8.3556 -9.1531 6161 interior
64.1086 5.7727 -9.8880 6162 interior
62.6634 7.1059 -9.8195 6163 interior
60.0009 6.8142 -10.9162 6164 interior
67.9199 7.4881 -10.4398 6165 interior
70.4614 10.0043 -22.5532 6166 interior
72.8627 9.0891 -13.3476 6167 interior
71.7950 11.7849 -13.0961 6168 interior
70.6008 10.9107 -18.0457 6169 interior
71.0941 13.0826 -13.3604 6170 interior
70.7652 10.0088 -19.8162 6171 interior
71.3275 10.8815 -17.8539 6172 interior
71.8914 11.5571 -13.3909 6173 interior
73.0893 12.2509 -13.5378 6174 interior
72.1835 12.7588 -10.0379 6175 interior
73.4791 9.8245 -12.0906 6176 interior
74.7215 11.5743 -17.1777 6177 interior
73.6768 9.1648 -17.6588 6178 interior
74.1664 12.3089 -15.3596 6179 interior
74.3959 9.2016 -19.8285 6180 interior
74.5203 12.7309 -11.2700 6181 interior
76.0261 8.9062 -18.2968 6182 interior
77.0904 11.7099 -13.1921 6183 interior
77.0949 11.7099 -13.1856 6184 interior
77.2774 11.3469 -12.5626 6185 interior
77.5740 10.8803 -11.9019 6186 interior
77.1568 13.4267 -11.7172 6187 interior
77.0583 10.4383 -11.6092 6188 interior
76.3177 12.4003 -11.3826 6189 interior
76.6327 10.5304 -11.3393 6190 interior
76.4220 12.9254 -9.7997 6191 interior
77.1001 12.9707 -9.5840 6192 interior
77.6071 14.5982 -8.9107 6193 interior
78.2636 10.4948 -16.2772 6194 interior
89.2377 10.5307 -11.1432 6195 interior
41.8989 7.3971 -8.2383 6196 interior
41.6643 7.3971 -6.3858 6197 interior
41.7969 5.3506 -5.4138 6198 interior
41.9994 3.7235 -3.6635 6199 interior
41.8485 4.0309 -3.7125 6200 interior
41.9530 3.3306 -1.0796 6201 interior
42.0343 7.2027 -0.7406 6202 interior
42.0653 9.1851 1.1546 6203 interior
42.1217 10.4757 -8.2492 6204 interior
42.2412 3.9243 -3.6062 6205 interior
42.1535 4.1836 -3.6643 6206 interior
42.2481 6.9314 -2.3546 6207 interior
42.2653 7.2448 -0.2116 6208 interior
42.3397 9.2259 0.0637 6209 interior
42.3672 9.6543 6.0432 6210 interior
42.3783 6.1623 -3.9271 6211 interior
42.5940 5.9856 1.3808 6212 interior
42.4055 8.1303 1.6688 6213 interior
42.7258 9.9328 -8.5351 6214 interior
42.7660 7.6986 -2.0827 6215 interior
43.2307 8.8392 4.9404 6216 interior
43.0983 7.8050 -5.9739 6217 interior
43.2901 5.7015 4.3414 6218 interior
42.8962 8.2438 -6.4073 6219 interior
43.1616 6.4099 1.2118 6220 interior
43.2893 4.9851 4.8265 6221 interior
43.1614 6.2643 -2.7762 6222 interior
43.1536 6.1102 5.5571 6223 interior
43.4213 8.1377 -1.7099 6224 interior
43.8627 8.2565 3.0461 6225 interior
43.8812 10.4597 2.1583 6226 interior
47.0186 8.4864 -7.5784 6227 interior
48.2613 8.9662 -6.4198 6228 interior
46.7218 8.8898 -1.2509 6229 interior
44.9256 6.7778 -1.6932 6230 interior
47.1179 6.4008 -7.6802 6231 interior
48.0054 3.2492 -0.1261 6232 interior
45.3816 8.5613 2.1240 6233 interior
46.2154 6.5024 2.5166 6234 interior
48.2399 4.3670 1.6700 6235 interior
47.7500 3.9001 1.6738 6236 interior
48.7983 4.0950 1.6694 6237 interior
48.7571 3.8730 1.6885 6238 interior
48.6663 4.1224 1.7099 6239 interior
48.7541 4.0356 1.7306 6240 interior
48.9817 3.7668 1.6703 6241 interior
49.1515 3.6912 1.5455 6242 interior
49.3977 3.9265 1.6498 6243 interior
49.3718 3.9353 1.6854 6244 interior
48.9789 3.7663 1.6866 6245 interior
49.1729 4.0058 1.6696 6246 interior
49.1373 3.7219 1.6379 6247 interior
49.4057 4.0123 1.0822 6248 interior
48.7521 4.0760 1.5539 6249 interior
49.3417 3.6722 1.2641 6250 interior
49.3562 3.7150 1.5425 6251 interior
48.6566 4.0293 1.6590 6252 interior
48.3078 4.2185 1.6713 6253 interior
48.9419 4.1268 1.7286 6254 interior
49.3841 3.9161 1.6331 6255 interior
49.3938 4.1176 1.6466 6256 interior
49.3972 4.1462 1.6417 6257 interior
49.4057 4.2810 0.6658 6258 interior
48.4637 3.6923 1.2920 6259 interior
49.0895 4.0985 1.7133 6260 interior
49.0909 3.9295 1.6790 6261 interior
49.4100 4.0568 1.6417 6262 interior
46.9244 9.1409 -0.0452 6263 interior
48.6793 3.8740 1.6693 6264 interior
48.9225 3.8662 1.7105 6265 interior
44.1874 9.2361 2.5448 6266 interior
44.2644 6.2408 4.8040 6267 interior
45.5803 7.0993 3.1356 6268 interior
48.2398 4.1996 2.6416 6269 interior
48.8817 3.8760 2.6581 6270 interior
49.3186 3.6122 2.6775 6271 interior
49.1729 3.9342 2.6141 6272 interior
48.0952 6.5024 3.1224 6273 interior
48.0363 7.0227 5.4871 6274 interior
45.1701 4.6040 -6.8084 6275 interior
46.6689 6.4205 -5.6642 6276 interior
46.1169 6.6682 -3.6712 6277 interior
46.0179 5.2563 1.3128 6278 interior
47.0557 9.1235 3.4687 6279 interior
45.2452 6.8985 -6.2911 6280 interior
46.1772 7.4835 -0.5875 6281 interior
43.8912 8.1929 -5.0794 6282 interior
47.2284 9.0283 2.6078 6283 interior
44.7195 6.7691 -3.0035 6284 interior
47.1483 11.0938 -1.5701 6285 interior
47.2475 8.9291 -7.6791 6286 interior
48.6044 7.6505 -0.9599 6287 interior
49.0178 11.8025 -6.3077 6288 interior
46.3733 7.0749 1.7564 6289 interior
47.1170 9.1918 2.9078 6290 interior
45.6623 7.3866 8.3961 6291 interior
45.3585 7.1004 0.4822 6292 interior
48.4452 6.0109 3.0247 6293 interior
45.1963 6.4452 -7.0654 6294 interior
44.1117 12.7121 -4.8416 6295 interior
45.0996 7.0579 2.3973 6296 interior
45.2051 7.7352 -1.5506 6297 interior
45.9839 7.1793 -8.6630 6298 interior
45.3099 8.3209 -3.8836 6299 interior
46.8931 6.7716 -8.1089 6300 interior
48.5711 9.3928 -1.0199 6301 interior
45.7405 4.7568 6.1660 6302 interior
45.7783 7.3017 -4.7830 6303 interior
47.0865 6.7526 -6.6336 6304 interior
48.4962 8.5166 5.4505 6305 interior
45.8041 6.5194 0.7609 6306 interior
48.1845 7.5669 0.4064 6307 interior
45.9180 5.8934 -4.2186 6308 interior
46.1819 8.3773 -2.7314 6309 interior
46.9152 9.2972 2.9826 6310 interior
48.5217 7.1039 1.2072 6311 interior
47.8697 9.1829 -0.6452 6312 interior
47.7061 3.8308 7.0818 6313 interior
48.5120 6.7777 3.6853 6314 interior
42.6877 5.8911 12.9221 6315 interior
44.2855 6.1931 9.8913 6316 interior
45.5765 6.7271 10.0242 6317 interior
47.7450 7.1374 9.6520 6318 interior
47.8749 10.1274 10.3932 6319 interior
48.9795 9.3307 11.6930 6320 interior
43.7693 5.0239 11.5326 6321 interior
44.4128 9.3232 10.9853 6322 interior
47.9256 9.0170 10.7188 6323 interior
46.0491 5.4000 10.9052 6324 interior
48.9712 9.2148 12.1295 6325 interior
43.6288 5.0227 12.5430 6326 interior
46.4355 6.7444 12.5984 6327 interior
44.4382 7.9752 13.0687 6328 interior
49.0264 5.7658 13.0810 6329 interior
48.2431 6.1949 13.6780 6330 interior
48.8079 6.6321 13.6842 6331 interior
42.3552 6.2674 16.3130 6332 interior
41.9469 7.6321 16.7450 6333 interior
41.8092 3.5912 18.1894 6334 interior
42.4497 6.0883 18.1393 6335 interior
42.3166 6.0883 18.3745 6336 interior
41.8624 6.8190 19.6914 6337 interior
42.5069 6.6667 16.2608 6338 interior
42.5198 4.9784 20.4133 6339 interior
42.0542 5.1236 23.4826 6340 interior
42.0956 5.6218 23.3606 6341 interior
42.0446 6.3399 23.4033 6342 interior
41.9719 7.6808 23.4767 6343 interior
42.0858 8.0918 23.2392 6344 interior
42.1403 8.5113 23.6106 6345 interior
42.3278 8.9515 21.9843 6346 interior
41.9904 8.6090 23.4540 6347 interior
42.2236 9.7959 21.9362 6348 interior
42.1751 10.9652 23.4762 6349 interior
42.0100 4.6524 29.7618 6350 interior
42.8490 6.3706 14.0472 6351 interior
43.4911 6.6225 15.8216 6352 interior
44.5681 9.0689 17.9256 6353 interior
43.2293 6.4879 24.1124 6354 interior
44.5856 7.5565 21.0186 6355 interior
43.6067 6.7106 16.7803 6356 interior
43.8609 7.5184 24.1109 6357 interior
43.2037 7.6879 14.1111 6358 interior
42.6312 6.5948 24.0698 6359 interior
43.2046 6.3523 18.0579 6360 interior
43.7776 7.7731 16.0638 6361 interior
43.8095 8.4335 17.2171 6362 interior
43.7443 7.0813 16.1312 6363 interior
43.5737 9.4516 15.2336 6364 interior
43.8020 7.2892 18.5424 6365 interior
44.0119 6.6983 23.0982 6366 interior
44.7014 8.0197 20.5598 6367 interior
45.2101 6.8940 20.5967 6368 interior
45.3688 11.4638 25.6863 6369 interior
45.4773 10.6939 25.6630 6370 interior
45.4863 12.3489 24.6185 6371 interior
45.5201 8.8561 22.0017 6372 interior
45.7346 8.1206 14.2399 6373 interior
46.0911 6.6648 17.6288 6374 interior
46.1646 8.4073 23.5048 6375 interior
46.6107 8.9943 25.5970 6376 interior
47.5062 10.5157 19.5580 6377 interior
47.6141 7.8108 17.9406 6378 interior
48.2141 6.5024 18.4759 6379 interior
48.3993 7.6167 19.4373 6380 interior
48.6841 6.5050 22.0603 6381 interior
49.1437 8.5245 18.4884 6382 interior
49.4213 7.7900 21.0568 6383 interior
49.5049 9.3234 -7.6421 6384 interior
49.5049 9.3234 -7.5015 6385 interior
49.5049 9.3353 -7.4835 6386 interior
49.5049 9.3353 -4.5712 6387 interior
49.4240 4.1832 1.6529 6388 interior
49.4335 4.2983 1.6601 6389 interior
49.4446 4.3017 1.6602 6390 interior
49.4494 4.2891 1.6614 6391 interior
49.4509 3.9530 1.6779 6392 interior
49.4512 4.1299 1.6853 6393 interior
49.4763 4.2744 1.6820 6394 interior
49.4528 4.3869 1.6653 6395 interior
49.4737 4.4597 1.6747 6396 interior
49.4578 4.3313 1.6498 6397 interior
49.4482 4.1418 1.9584 6398 interior
49.4512 4.0263 2.0457 6399 interior
49.4665 10.7872 5.4928 6400 interior
49.6478 8.4036 13.0331 6401 interior
49.6847 8.1022 23.1728 6402 interior
50.0184 7.2333 -5.5239 6403 interior
50.8813 7.3605 12.0301 6404 interior
49.6882 7.0909 11.2330 6405 interior
50.5518 6.5783 4.8996 6406 interior
50.0929 4.6752 6.5532 6407 interior
50.5399 6.7170 5.6148 6408 interior
51.2229 7.3404 5.9976 6409 interior
51.9257 8.1335 6.8148 6410 interior
50.4159 6.9996 2.1681 6411 interior
51.8955 7.9765 13.5884 6412 interior
50.7239 8.5860 -1.3087 6413 interior
51.7157 4.8854 0.0183 6414 interior
52.0385 8.4900 1.1110 6415 interior
52.7608 5.8080 -3.1919 6416 interior
51.2911 7.7428 11.9158 6417 interior
52.7697 7.5789 14.3375 6418 interior
51.3621 7.9086 17.4294 6419 interior
51.3823 6.5176 10.8386 6420 interior
52.6892 9.7185 12.0583 6421 interior
50.0598 7.9903 -7.6041 6422 interior
50.0801 4.3774 1.4053 6423 interior
50.3669 5.2654 1.8684 6424 interior
50.4591 8.3092 5.1898 6425 interior
50.4774 6.9491 5.7090 6426 interior
50.4548 6.3335 8.8079 6427 interior
51.6834 7.0365 -6.2978 6428 interior
53.2985 6.9501 3.0166 6429 interior
53.1738 6.5163 -5.5398 6430 interior
53.3721 7.1226 3.4644 6431 interior
50.7317 8.4742 -2.6541 6432 interior
51.8502 6.2033 3.8983 6433 interior
52.6405 7.2995 6.3660 6434 interior
52.9465 4.4007 -2.5618 6435 interior
53.2289 6.0729 6.1633 6436 interior
53.5432 9.5547 19.2405 6437 interior
49.7088 9.0044 25.2483 6438 interior
52.1429 8.1074 12.4123 6439 interior
51.2710 7.4256 16.9173 6440 interior
52.9519 5.5089 -5.9922 6441 interior
50.9770 4.5834 1.6319 6442 interior
51.8824 4.7579 1.9318 6443 interior
52.0745 4.2779 1.8727 6444 interior
52.2593 6.1074 2.8998 6445 interior
51.2583 5.5957 4.4081 6446 interior
53.2332 9.6718 -2.8257 6447 interior
50.0446 5.5140 -3.7317 6448 interior
51.9445 5.5972 0.8565 6449 interior
51.1622 7.5803 -0.5285 6450 interior
51.1971 7.6305 -7.7794 6451 interior
51.8628 7.2444 -6.6562 6452 interior
52.9016 4.9679 -5.7938 6453 interior
52.8720 4.6404 -5.7847 6454 interior
52.8572 5.2021 -5.9499 6455 interior
52.9179 5.5931 -6.2137 6456 interior
53.1353 5.5283 -6.2380 6457 interior
51.4816 5.2715 -5.1860 6458 interior
51.9935 7.1985 -2.9816 6459 interior
49.9640 4.3611 1.6645 6460 interior
51.9132 4.7628 1.9088 6461 interior
52.9336 4.8038 -2.9728 6462 interior
51.1257 4.5459 1.6364 6463 interior
53.3692 8.9560 -1.3090 6464 interior
49.7612 7.4142 12.7783 6465 interior
50.7746 8.1584 10.1613 6466 interior
50.1733 7.3253 13.6909 6467 interior
51.2019 9.8312 16.6994 6468 interior
51.4902 6.7405 10.2676 6469 interior
52.9220 8.0795 6.1650 6470 interior
53.5242 6.6820 7.0575 6471 interior
51.7008 6.6704 11.6839 6472 interior
51.9272 7.9615 6.8364 6473 interior
51.9255 7.7854 6.8209 6474 interior
52.0369 5.6978 13.4046 6475 interior
51.3885 8.3517 11.0611 6476 interior
51.9452 8.3584 7.6828 6477 interior
52.4966 9.5855 6.1468 6478 interior
51.4308 6.6501 11.9790 6479 interior
53.5689 7.8332 14.4570 6480 interior
51.1773 6.4143 7.9370 6481 interior
50.5765 8.3160 12.5653 6482 interior
49.9742 7.9286 22.4029 6483 interior
52.2757 6.2877 14.4147 6484 interior
51.0678 8.8918 7.0363 6485 interior
52.9189 9.3038 16.3852 6486 interior
52.5144 5.9730 9.0216 6487 interior
55.8005 9.5007 -8.6260 6488 interior
62.2502 4.2286 -8.4553 6489 interior
62.2983 5.6732 -8.0188 6490 interior
64.6127 6.5559 -8.0703 6491 interior
62.9706 5.8428 -8.1379 6492 interior
61.1632 10.2293 -8.6627 6493 interior
63.0362 8.3668 -7.4624 6494 interior
59.1828 7.7307 -7.4424 6495 interior
54.7113 4.7081 -7.2750 6496 interior
55.7979 9.3000 -7.2460 6497 interior
58.0415 8.3907 -6.7955 6498 interior
59.8000 6.6415 -6.3863 6499 interior
58.6346 7.1476 -6.5171 6500 interior
62.3622 3.4017 -6.4262 6501 interior
60.2192 6.6570 -6.4056 6502 interior
59.4547 7.2969 -6.2806 6503 interior
58.7911 9.3430 -6.8597 6504 interior
61.9008 8.2339 -6.6124 6505 interior
60.2779 7.1694 -6.4842 6506 interior
53.7107 5.5444 -6.3986 6507 interior
64.1024 5.8258 -6.6585 6508 interior
57.2218 3.4326 -6.3250 6509 interior
53.8809 8.6650 -6.1487 6510 interior
54.0324 6.1219 -3.0494 6511 interior
56.2360 8.5123 -4.2823 6512 interior
55.0982 11.3955 -4.3203 6513 interior
54.7156 10.0061 -0.5955 6514 interior
56.6322 3.0348 -0.3805 6515 interior
57.1585 7.8782 -4.3222 6516 interior
56.8357 9.7369 -1.0975 6517 interior
59.6291 6.6883 -0.6517 6518 interior
60.0714 10.3430 -4.4887 6519 interior
64.5907 7.5358 -0.7166 6520 interior
64.6384 10.8176 -2.2126 6521 interior
64.6914 7.4090 -1.6330 6522 interior
61.9176 8.9157 -0.5969 6523 interior
62.1432 5.0728 -3.3913 6524 interior
62.2230 2.7862 0.2833 6525 interior
62.9305 6.7329 -1.6354 6526 interior
65.2484 8.2500 -1.6048 6527 interior
65.8716 8.5404 0.3906 6528 interior
64.7223 6.2588 -2.8311 6529 interior
64.7258 7.9455 -0.7536 6530 interior
63.1658 5.7859 -4.6578 6531 interior
64.9941 7.0452 -2.6752 6532 interior
64.2724 10.5131 -3.8344 6533 interior
60.4689 5.3563 -3.5921 6534 interior
62.1032 5.3392 -2.2996 6535 interior
61.7231 5.3371 -1.5244 6536 interior
64.6870 6.8342 -0.3901 6537 interior
63.0882 2.9535 0.7638 6538 interior
62.8007 2.7398 0.6041 6539 interior
61.0280 6.9362 -0.1329 6540 interior
63.5170 6.8914 -3.9416 6541 interior
64.2941 5.6412 -4.7071 6542 interior
60.4189 4.0094 -3.7919 6543 interior
63.1549 5.1990 -3.6855 6544 interior
66.2891 8.8676 -2.5203 6545 interior
64.5836 5.4087 -3.3891 6546 interior
64.7736 7.8328 -2.2520 6547 interior
61.3207 3.3905 -1.5284 6548 interior
61.3698 3.4246 -1.0513 6549 interior
63.0015 6.5716 -1.6354 6550 interior
65.2415 8.6423 -1.6435 6551 interior
63.1706 5.6963 -0.6529 6552 interior
64.3487 5.4828 -0.6372 6553 interior
63.1107 8.6571 -0.6424 6554 interior
65.1446 8.0176 -2.0670 6555 interior
64.0337 5.4636 -1.7682 6556 interior
65.8370 8.6615 -0.6452 6557 interior
61.2690 5.6567 1.0004 6558 interior
60.1798 9.1818 -2.1551 6559 interior
63.6604 6.0162 -0.1867 6560 interior
62.7899 6.5805 0.2428 6561 interior
65.0616 10.2554 0.2949 6562 interior
54.3446 8.2298 3.8691 6563 interior
54.7592 7.4829 2.8985 6564 interior
55.2780 9.0850 10.1218 6565 interior
53.6461 4.5992 17.0351 6566 interior
53.6829 7.3575 18.7199 6567 interior
53.7740 5.1040 18.4256 6568 interior
54.0464 8.5928 16.6290 6569 interior
53.6880 7.2880 13.9487 6570 interior
53.8635 6.2768 18.4025 6571 interior
54.5679 8.2060 16.3585 6572 interior
55.0570 6.2958 13.7769 6573 interior
55.0536 6.7151 16.2898 6574 interior
53.9768 6.6351 18.5283 6575 interior
53.8225 6.8483 18.2027 6576 interior
55.7663 7.6515 4.7572 6577 interior
54.1025 4.1138 15.9905 6578 interior
55.0750 8.1582 11.3385 6579 interior
56.3937 8.5660 13.0257 6580 interior
53.8841 3.8530 3.4609 6581 interior
56.4902 13.3116 8.9705 6582 interior
54.6711 4.9393 15.8779 6583 interior
54.9656 5.4007 6.6508 6584 interior
55.1638 7.7154 10.5395 6585 interior
56.0079 7.4682 6.1084 6586 interior
55.2792 4.7564 12.6450 6587 interior
54.6598 4.5381 16.2592 6588 interior
54.0414 3.6938 18.6289 6589 interior
53.8917 6.0359 18.5508 6590 interior
54.3949 5.8310 15.2053 6591 interior
56.4994 9.8597 12.8852 6592 interior
56.5476 8.2455 11.7135 6593 interior
56.7121 5.3382 6.8099 6594 interior
56.8614 5.8239 9.9346 6595 interior
57.6733 7.0358 8.4254 6596 interior
57.8748 5.1479 5.0107 6597 interior
56.8115 5.1396 8.6502 6598 interior
57.4096 2.5460 11.6762 6599 interior
57.4547 2.7360 13.0312 6600 interior
57.0296 6.5429 18.5422 6601 interior
57.8950 10.4802 8.4452 6602 interior
57.7082 7.0146 4.9890 6603 interior
56.8904 6.0854 9.1905 6604 interior
57.4995 6.6612 11.2976 6605 interior
57.5137 6.1610 14.1850 6606 interior
57.9901 8.6750 9.0582 6607 interior
57.9510 2.8900 13.2242 6608 interior
58.2452 2.4193 10.0278 6609 interior
58.2049 4.6816 10.7153 6610 interior
59.4271 5.9891 2.8345 6611 interior
59.7823 9.2183 2.1871 6612 interior
60.1281 6.4154 1.8257 6613 interior
60.5191 4.5569 2.9952 6614 interior
60.7014 2.8254 3.1362 6615 interior
62.2461 5.1445 1.0662 6616 interior
62.2213 2.7448 1.2144 6617 interior
62.9200 5.5100 1.0760 6618 interior
62.6191 4.9217 1.2272 6619 interior
62.1777 4.9805 1.2144 6620 interior
60.8080 3.9715 1.9401 6621 interior
62.2149 3.7480 2.1943 6622 interior
61.7474 4.1572 2.1299 6623 interior
62.6814 2.8785 2.2329 6624 interior
61.0569 5.2221 2.8229 6625 interior
62.3512 5.6030 2.5227 6626 interior
61.3274 4.0701 3.4651 6627 interior
61.7561 4.1570 3.5427 6628 interior
61.6055 3.7527 4.2206 6629 interior
61.7623 11.1096 4.3513 6630 interior
63.9973 5.3458 2.7634 6631 interior
64.4426 5.5465 2.6567 6632 interior
64.6430 5.1621 3.4969 6633 interior
64.7005 8.6858 1.6683 6634 interior
65.2364 6.4629 1.5684 6635 interior
59.1227 11.3147 4.5651 6636 interior
58.6816 2.8295 6.3143 6637 interior
58.3682 6.6633 12.5540 6638 interior
58.5141 2.7884 12.6999 6639 interior
58.8112 5.8786 12.7738 6640 interior
58.6675 5.6926 16.1407 6641 interior
58.8187 6.3286 8.2803 6642 interior
58.9477 7.5434 7.9152 6643 interior
59.8613 5.7123 7.9042 6644 interior
59.7880 5.9800 10.8622 6645 interior
59.9985 2.7701 12.1318 6646 interior
59.9855 5.2849 8.6610 6647 interior
60.1462 2.3461 9.6720 6648 interior
58.9575 4.1111 13.4577 6649 interior
59.7027 3.9078 13.4557 6650 interior
58.9671 5.8454 15.0512 6651 interior
61.8186 6.7447 5.4178 6652 interior
60.8140 5.5102 6.4287 6653 interior
60.6888 7.6735 5.9777 6654 interior
60.9294 5.6332 8.1435 6655 interior
60.9564 6.0882 8.6910 6656 interior
61.7770 3.6076 6.9066 6657 interior
61.8356 8.2932 8.5980 6658 interior
61.8533 8.1152 8.8225 6659 interior
61.8750 5.9488 6.9507 6660 interior
61.9065 5.7778 7.4608 6661 interior
61.9436 8.5380 5.8925 6662 interior
62.1025 8.3578 8.8552 6663 interior
62.1369 8.3240 8.7788 6664 interior
62.1541 8.4429 8.8529 6665 interior
62.1730 8.5087 8.8521 6666 interior
62.1786 8.0191 8.8634 6667 interior
62.1806 8.2024 8.8624 6668 interior
62.6639 9.4807 6.2698 6669 interior
61.7295 6.3726 9.4924 6670 interior
61.4550 6.0653 10.8025 6671 interior
61.5799 3.3622 16.0763 6672 interior
61.6091 6.6176 12.8845 6673 interior
62.1604 6.7108 13.3272 6674 interior
61.8845 5.7890 10.1999 6675 interior
62.3739 8.3963 12.7832 6676 interior
62.9781 3.9527 9.1247 6677 interior
63.0309 7.5684 10.2263 6678 interior
62.7842 2.4922 10.2905 6679 interior
63.0632 4.0103 6.2752 6680 interior
63.2042 6.1402 11.8076 6681 interior
63.3160 6.8241 8.6041 6682 interior
64.2021 5.6209 12.3100 6683 interior
63.6445 5.1958 6.7135 6684 interior
64.2108 5.5122 12.3492 6685 interior
63.7131 8.8349 5.7116 6686 interior
63.7050 8.5591 4.9456 6687 interior
64.2108 5.3455 7.6115 6688 interior
63.9345 5.8039 13.5005 6689 interior
64.0145 2.5697 10.1452 6690 interior
64.2859 6.1600 11.3381 6691 interior
64.1363 5.7600 13.3157 6692 interior
64.1355 5.8802 12.6179 6693 interior
63.9886 5.2002 9.7136 6694 interior
64.7475 5.0041 5.1430 6695 interior
64.5540 4.9463 5.1454 6696 interior
64.3999 5.1609 6.6542 6697 interior
65.1431 4.7494 10.3037 6698 interior
65.1633 5.6053 11.1012 6699 interior
65.0066 5.5466 11.3583 6700 interior
65.0946 5.7271 11.0012 6701 interior
65.0456 5.6467 11.3786 6702 interior
64.4661 5.6779 11.5434 6703 interior
64.6307 6.0928 11.2278 6704 interior
64.7647 5.9706 11.1793 6705 interior
64.4557 5.7745 11.7557 6706 interior
65.0716 6.0262 11.9074 6707 interior
64.3903 6.5689 11.2335 6708 interior
64.4103 6.5737 11.4076 6709 interior
64.6988 6.8766 11.6971 6710 interior
65.1184 6.4181 11.6001 6711 interior
64.6833 5.1722 12.5647 6712 interior
64.7566 5.6678 12.3527 6713 interior
64.8367 5.4617 12.3667 6714 interior
64.4434 4.4949 13.6837 6715 interior
64.7769 4.7054 14.3794 6716 interior
65.1944 8.0759 11.2355 6717 interior
65.2243 6.5574 5.9754 6718 interior
65.4849 6.4186 4.8278 6719 interior
65.4862 6.2749 10.5027 6720 interior
65.7833 4.9313 15.7771 6721 interior
65.7507 4.5947 12.8911 6722 interior
65.2690 9.5111 9.3261 6723 interior
65.7222 5.3319 9.1482 6724 interior
65.5527 2.6687 10.7127 6725 interior
65.6683 6.5816 10.9782 6726 interior
65.5962 6.1562 11.2154 6727 interior
65.7535 5.5466 11.0724 6728 interior
65.7707 6.1353 15.7849 6729 interior
65.8988 2.4078 5.1790 6730 interior
65.8620 6.5215 10.1147 6731 interior
65.8068 5.3687 10.3688 6732 interior
65.8151 5.3164 15.8175 6733 interior
65.8154 8.0701 15.6404 6734 interior
65.9205 8.3543 14.0482 6735 interior
65.9528 8.0101 12.8832 6736 interior
65.9329 7.1232 11.7800 6737 interior
65.9619 4.9779 12.9526 6738 interior
65.9654 9.5441 15.7876 6739 interior
66.2042 6.6856 10.3272 6740 interior
66.0880 4.6252 7.4765 6741 interior
66.0351 6.7877 9.5855 6742 interior
66.1447 4.7578 7.1962 6743 interior
66.0649 3.4737 9.9673 6744 interior
66.0645 5.5999 10.3585 6745 interior
66.1080 3.6284 15.5939 6746 interior
66.0373 9.5407 15.7636 6747 interior
66.3879 4.5297 9.6184 6748 interior
66.3278 5.4308 9.6184 6749 interior
66.2854 4.9410 9.7195 6750 interior
66.2239 5.8883 15.6301 6751 interior
66.3891 5.6497 7.1982 6752 interior
66.3879 5.5263 12.2068 6753 interior
66.4466 4.7829 7.8465 6754 interior
66.2127 11.2264 3.8710 6755 interior
67.8133 8.9948 -8.4265 6756 interior
71.6173 12.4383 -7.9271 6757 interior
74.0519 11.4611 -7.3750 6758 interior
73.6153 8.6608 -6.5570 6759 interior
73.1222 12.5305 -7.7580 6760 interior
69.8295 8.0360 -3.3417 6761 interior
71.0003 9.3441 -4.6125 6762 interior
71.4583 8.9052 -5.1852 6763 interior
68.3449 10.4306 -3.5216 6764 interior
67.5999 12.7075 -4.1679 6765 interior
67.8527 12.5188 -4.2144 6766 interior
67.8296 12.8584 -3.9987 6767 interior
67.6161 11.9095 -3.0512 6768 interior
69.7849 10.3104 -3.4658 6769 interior
71.3908 13.0986 -3.3602 6770 interior
72.5119 13.0156 -4.1210 6771 interior
74.3406 11.7943 -5.0750 6772 interior
74.1012 12.9703 -4.9315 6773 interior
74.1012 12.9823 -4.9208 6774 interior
75.2476 9.9651 -3.8990 6775 interior
70.6083 11.2949 -5.7420 6776 interior
72.9830 12.4439 -5.1111 6777 interior
70.3496 12.4104 -4.6155 6778 interior
68.4343 10.3131 -3.3417 6779 interior
67.8160 12.2695 -4.1050 6780 interior
69.2309 9.6869 -3.6175 6781 interior
71.0051 15.7201 -3.0357 6782 interior
68.2093 10.2780 -3.5200 6783 interior
67.6141 12.5167 -3.7756 6784 interior
69.8906 10.0584 -4.2252 6785 interior
72.5106 13.0156 -4.1051 6786 interior
73.8391 11.0715 -4.7618 6787 interior
68.8784 11.0399 -3.5502 6788 interior
73.3199 16.2710 -4.2653 6789 interior
67.7439 12.8258 -3.7739 6790 interior
69.9997 12.1245 -5.3297 6791 interior
67.9188 9.1207 -2.9377 6792 interior
66.8758 9.5936 -2.9503 6793 interior
67.3892 10.6812 -2.5876 6794 interior
69.5337 9.0767 -2.2608 6795 interior
68.1262 13.0046 -2.9819 6796 interior
67.7975 13.0038 -2.4362 6797 interior
67.6184 13.0040 -2.9428 6798 interior
67.8252 13.0021 -2.8793 6799 interior
67.4169 12.8478 -2.6282 6800 interior
68.1794 13.0051 -2.4031 6801 interior
70.1830 11.7744 -2.3821 6802 interior
70.3124 11.7458 -2.4581 6803 interior
70.2732 11.7458 -2.4327 6804 interior
69.7660 12.7992 -2.2638 6805 interior
70.1252 14.4287 -2.6771 6806 interior
70.3227 16.2237 -2.9447 6807 interior
67.4403 8.0856 -1.8561 6808 interior
67.4059 10.7396 -1.8519 6809 interior
73.1689 11.5694 -2.1123 6810 interior
72.8573 11.1837 -2.1280 6811 interior
68.8869 9.8304 -1.8064 6812 interior
67.5270 9.9073 -1.3927 6813 interior
68.6304 11.6397 -1.3871 6814 interior
68.6148 11.8953 -1.3871 6815 interior
68.6267 13.5176 -1.4330 6816 interior
68.6283 14.4741 -1.4198 6817 interior
68.6209 14.9508 -1.4087 6818 interior
68.6177 15.0558 -1.4260 6819 interior
67.6424 11.0049 -1.4856 6820 interior
68.6177 14.0062 -1.4087 6821 interior
71.8985 11.3133 -1.1055 6822 interior
67.5758 12.4465 -1.2333 6823 interior
71.2779 12.3330 -1.6347 6824 interior
66.5923 8.7198 -1.2666 6825 interior
68.6203 13.6457 -1.4223 6826 interior
67.3296 9.3088 -1.2879 6827 interior
67.6575 10.3237 -1.3933 6828 interior
68.6304 11.3855 -1.3871 6829 interior
68.6330 11.5516 -1.4110 6830 interior
68.6267 12.8557 -1.4368 6831 interior
68.6287 13.9853 -1.4223 6832 interior
68.6235 14.2263 -1.4164 6833 interior
68.6072 14.7273 -1.4091 6834 interior
68.6251 15.0570 -1.4130 6835 interior
68.5969 15.0813 -1.4467 6836 interior
68.6052 15.2977 -1.4347 6837 interior
68.5969 15.5077 -1.4192 6838 interior
68.6052 15.5222 -1.4260 6839 interior
66.4984 6.5786 -1.1886 6840 interior
70.4039 10.1355 -1.1282 6841 interior
66.5600 8.6018 -0.7641 6842 interior
67.6453 6.0754 0.1252 6843 interior
67.6453 6.3583 0.1933 6844 interior
67.6453 6.3786 0.5076 6845 interior
67.6460 6.4002 0.6068 6846 interior
67.0923 6.6448 0.7291 6847 interior
67.2385 8.0964 -0.0792 6848 interior
67.5639 8.5149 -0.3256 6849 interior
66.7266 5.4317 -0.0178 6850 interior
67.1407 6.8872 0.3329 6851 interior
68.3297 9.5395 0.1976 6852 interior
67.3450 7.6617 0.3565 6853 interior
69.1878 5.4221 -0.6437 6854 interior
67.6245 6.7074 0.8417 6855 interior
67.6442 6.4541 1.2901 6856 interior
68.3606 9.0999 0.8768 6857 interior
68.0356 9.1280 0.9537 6858 interior
67.4929 8.3312 1.2886 6859 interior
68.1205 8.6739 1.3967 6860 interior
69.3440 10.6636 1.3011 6861 interior
75.6868 10.2239 1.0880 6862 interior
67.9170 8.6311 1.5843 6863 interior
67.6253 6.9695 1.9825 6864 interior
72.7512 7.9795 2.0321 6865 interior
68.9778 11.5033 2.3905 6866 interior
69.6865 9.5101 2.2942 6867 interior
72.4526 10.1249 2.6793 6868 interior
73.2721 11.4070 2.6967 6869 interior
69.2580 8.2692 2.7488 6870 interior
72.5038 9.9924 2.7729 6871 interior
70.1605 11.0739 3.0288 6872 interior
70.2473 12.6004 3.1241 6873 interior
70.9832 11.7095 3.0673 6874 interior
66.9517 3.0720 3.4493 6875 interior
67.6237 5.9809 3.5029 6876 interior
67.6392 6.7528 3.5027 6877 interior
67.6271 6.9522 3.6232 6878 interior
70.2276 12.1601 3.5896 6879 interior
68.1312 10.6670 3.6334 6880 interior
69.0466 8.1667 3.6599 6881 interior
67.6453 6.0978 4.2326 6882 interior
67.6453 6.7744 4.0377 6883 interior
67.6453 6.5339 4.6513 6884 interior
67.6265 6.7674 4.8632 6885 interior
69.8707 10.1300 3.8406 6886 interior
69.8947 10.6106 4.2769 6887 interior
70.0644 10.2755 4.1201 6888 interior
70.5883 10.5044 4.3554 6889 interior
70.6739 10.7490 4.4714 6890 interior
69.6573 11.0162 4.9144 6891 interior
70.4051 10.9197 4.2016 6892 interior
70.2353 10.0117 5.0617 6893 interior
67.8653 8.1710 5.3905 6894 interior
67.6477 6.7467 4.3958 6895 interior
70.0684 10.4641 4.3264 6896 interior
69.9573 7.8205 5.3750 6897 interior
67.6245 6.8909 4.2469 6898 interior
69.9440 10.3868 4.7925 6899 interior
70.6200 7.8189 3.6998 6900 interior
68.8943 9.8216 4.8678 6901 interior
67.6453 6.6994 4.2614 6902 interior
67.6269 7.2662 4.2722 6903 interior
69.0665 9.7106 4.8725 6904 interior
70.0474 10.3399 4.0621 6905 interior
70.2996 10.6719 4.2915 6906 interior
70.1446 9.8024 5.2284 6907 interior
70.3931 10.6803 4.9438 6908 interior
70.1650 10.4505 5.5989 6909 interior
74.2724 9.5845 4.9685 6910 interior
71.7846 13.8755 4.5446 6911 interior
72.0583 11.5286 4.9598 6912 interior
66.4948 6.9769 10.3777 6913 interior
66.5297 8.5293 5.9007 6914 interior
66.5482 4.5153 7.9143 6915 interior
66.5740 4.6670 8.0801 6916 interior
66.7463 6.2053 10.0693 6917 interior
66.7642 8.0883 11.4949 6918 interior
66.7699 8.5427 8.4660 6919 interior
66.9318 3.6415 9.5882 6920 interior
66.9099 3.6459 9.6142 6921 interior
66.9102 3.7230 9.6163 6922 interior
66.9102 3.9199 9.6142 6923 interior
66.8469 4.7808 8.4930 6924 interior
66.9089 4.6694 8.2064 6925 interior
66.7820 9.4772 10.1833 6926 interior
66.9318 3.9477 9.6155 6927 interior
66.9079 4.7808 8.3824 6928 interior
66.9191 5.6038 9.4921 6929 interior
67.6453 6.8572 6.1140 6930 interior
67.6453 6.5724 6.3404 6931 interior
67.6123 6.2699 6.6082 6932 interior
67.6474 6.2128 6.8450 6933 interior
69.8424 7.1287 6.7492 6934 interior
69.7028 9.6446 6.3998 6935 interior
68.9781 9.5872 6.2503 6936 interior
70.8015 10.1650 6.3085 6937 interior
69.4981 9.5250 6.8994 6938 interior
67.8207 8.1677 7.0070 6939 interior
68.8149 7.5308 7.3294 6940 interior
67.8711 7.0924 7.0455 6941 interior
67.3054 4.8990 7.8162 6942 interior
68.6863 9.0021 7.4229 6943 interior
67.8915 8.2764 7.6506 6944 interior
67.6269 6.1525 7.2314 6945 interior
68.9652 8.1079 7.2739 6946 interior
67.4676 5.8919 7.7421 6947 interior
68.8657 8.9955 7.2645 6948 interior
68.5410 9.1774 7.5197 6949 interior
67.0297 4.7657 8.4078 6950 interior
67.0754 5.6011 10.6989 6951 interior
67.5822 5.6574 9.7264 6952 interior
67.6844 7.9107 9.4315 6953 interior
67.9768 7.3665 9.8117 6954 interior
68.4111 7.4891 10.2588 6955 interior
68.7574 6.0058 9.9587 6956 interior
68.9467 7.9508 11.6635 6957 interior
69.3893 6.1004 9.9867 6958 interior
70.2809 7.7988 10.1294 6959 interior
70.6705 9.2495 8.9945 6960 interior
69.9059 7.2529 10.8307 6961 interior
70.9519 8.8041 11.2627 6962 interior
69.6150 7.7991 12.3155 6963 interior
71.4977 11.2234 6.0855 6964 interior
71.6573 9.0768 9.0464 6965 interior
71.7585 9.3568 9.1379 6966 interior
71.2639 9.6059 9.9968 6967 interior
72.2561 6.6864 10.9387 6968 interior
72.2598 7.5664 10.9335 6969 interior
72.2561 7.9787 10.9387 6970 interior
72.2444 7.9901 10.9387 6971 interior
72.2550 8.0765 10.9356 6972 interior
72.1085 8.8118 10.8737 6973 interior
72.2570 7.2221 10.9205 6974 interior
72.2457 8.3226 10.9356 6975 interior
71.9529 11.1856 8.9411 6976 interior
72.2342 7.9628 10.9344 6977 interior
72.4971 8.7934 8.6029 6978 interior
72.2748 7.8921 10.9344 6979 interior
72.2707 8.0161 10.9324 6980 interior
72.2918 8.6537 10.9442 6981 interior
72.6853 8.6583 10.1454 6982 interior
72.7123 9.9184 8.5973 6983 interior
72.7895 13.4358 8.5813 6984 interior
73.0841 13.8947 6.2759 6985 interior
73.1097 14.3197 6.2906 6986 interior
73.1097 15.3959 6.2769 6987 interior
72.4971 8.6697 8.5961 6988 interior
72.7120 10.9528 8.5989 6989 interior
72.2654 11.2560 10.7018 6990 interior
73.1097 13.5090 6.2775 6991 interior
73.1215 8.7826 9.1992 6992 interior
73.0472 13.4358 8.4719 6993 interior
73.1285 13.7355 6.2867 6994 interior
73.1097 14.8109 6.2743 6995 interior
73.0973 15.4026 6.2906 6996 interior
72.2702 8.0914 10.9336 6997 interior
72.4484 9.0503 9.0478 6998 interior
72.7259 10.0360 8.5973 6999 interior
72.5651 10.7553 8.6862 7000 interior
73.1097 12.4780 6.2769 7001 interior
73.1205 12.9880 6.2957 7002 interior
73.1088 13.1081 6.2980 7003 interior
72.8110 11.5071 8.5219 7004 interior
72.9331 11.8504 8.5383 7005 interior
72.7664 12.3489 8.5813 7006 interior
73.1088 14.4792 6.2914 7007 interior
73.1088 13.9433 6.2957 7008 interior
73.1280 13.8934 6.2957 7009 interior
73.0939 14.4823 6.2774 7010 interior
73.1142 14.6934 6.2716 7011 interior
73.1097 14.7225 6.2692 7012 interior
73.1097 15.2197 6.2775 7013 interior
73.1135 15.3420 6.2906 7014 interior
73.1088 15.5080 6.2957 7015 interior
73.1060 15.8358 6.2937 7016 interior
73.0978 15.4792 6.2794 7017 interior
73.1352 12.8010 6.2921 7018 interior
73.1445 14.9679 6.2996 7019 interior
75.9938 14.3078 6.3406 7020 interior
76.0071 12.8218 5.6611 7021 interior
73.5750 9.8517 10.8905 7022 interior
74.5589 8.6605 11.9350 7023 interior
74.3622 11.3939 10.0124 7024 interior
75.5954 11.0408 12.2573 7025 interior
75.7274 8.1140 10.8551 7026 interior
76.5797 12.7508 -8.2146 7027 interior
77.0583 10.1361 -6.4014 7028 interior
76.6346 10.8906 -6.2607 7029 interior
77.0504 5.9584 -6.3128 7030 interior
77.1601 6.9241 -6.3967 7031 interior
77.0352 7.3770 -6.3440 7032 interior
76.8657 12.9753 -6.5445 7033 interior
77.6372 13.9137 -7.5829 7034 interior
77.9563 12.9807 -7.1841 7035 interior
77.6978 10.1361 -8.5562 7036 interior
79.2964 7.6363 -8.3392 7037 interior
79.4486 12.3256 -1.7090 7038 interior
77.4702 14.9100 2.6201 7039 interior
78.6660 8.7545 8.2543 7040 interior
78.6566 10.2796 8.4771 7041 interior
78.7514 11.0409 8.1314 7042 interior
77.2878 12.5548 8.9982 7043 interior
78.5401 12.5229 7.6412 7044 interior
78.5182 11.9557 9.0123 7045 interior
78.4755 13.7419 7.6284 7046 interior
78.4309 14.0018 8.8899 7047 interior
76.7415 11.0421 12.3149 7048 interior
78.4006 15.4044 8.2936 7049 interior
78.5512 16.6993 8.2853 7050 interior
78.6633 20.4857 8.0969 7051 interior
87.2466 8.5625 0.6532 7052 interior
-82.8152 -0.4484 -29.6091 0 boundary
-74.9306 -1.3744 -36.8892 0 boundary
-67.1792 7.0152 -40.4650 0 boundary
-67.1463 -1.3623 -26.6363 0 boundary
-53.3396 6.2484 -34.3964 0 boundary
-55.9311 -1.8707 -19.7401 0 boundary
-40.6003 -1.2898 -21.4073 0 boundary
-36.9022 3.7898 -35.2203 0 boundary
-19.0270 8.6479 -35.5660 0 boundary
4.6522 5.5939 -78.2250 0 boundary
-1.6864 8.1549 -44.6237 0 boundary
-63.4625 7.9534 -17.7576 0 boundary
-45.6767 14.5087 -10.4652 0 boundary
-58.5095 16.0625 -2.1926 0 boundary
-50.1264 12.4165 6.2774 0 boundary
-50.3754 -0.6414 24.1741 0 boundary
-26.0437 16.9203 52.3103 0 boundary
-22.7582 11.8298 35.9266 0 boundary
-14.7947 10.2964 23.1471 0 boundary
7.8685 17.1639 -106.3104 0 boundary
16.7219 17.2161 -89.6020 0 boundary
22.2106 11.4932 -78.3387 0 boundary
14.5843 4.8774 -63.5402 0 boundary
10.2161 18.7799 -47.1549 0 boundary
6.0285 10.3194 -32.5065 0 boundary
22.4370 12.8524 -42.3596 0 boundary
23.1354 10.4763 -25.1662 0 boundary
36.0458 24.3765 -90.1684 0 boundary
37.3285 38.5748 -91.9837 0 boundary
55.2120 4.5922 -75.9138 0 boundary
66.5721 7.6889 -58.5854 0 boundary
72.9851 -1.3674 -48.3728 0 boundary
89.1934 -3.4706 -54.6401 0 boundary
33.3756 9.1720 -36.7629 0 boundary
66.9630 12.7895 -33.5234 0 boundary
6.6404 0.8473 -11.1265 0 boundary
13.6768 11.9424 -14.1076 0 boundary
17.4865 4.2498 -19.2380 0 boundary
18.9528 3.1927 -7.7336 0 boundary
17.3821 2.7879 18.4147 0 boundary
17.2268 6.2135 47.3402 0 boundary
24.0165 12.3530 6.5024 0 boundary
30.3288 9.8638 21.4495 0 boundary
53.3560 4.7561 -21.8505 0 boundary
89.2377 10.5307 -11.1432 0 boundary
72.5119 13.0156 -4.1210 0 boundary
74.5589 8.6605 11.9350 0 boundary
87.2466 8.5625 0.6532 0 boundary
